<?xml version="1.0" encoding="utf-8"?>
<COLLADA xmlns="http://www.collada.org/2005/11/COLLADASchema" version="1.4.1" xmlns:xsi="http://www.w3.org/2001/XMLSchema-instance">
  <asset>
    <contributor>
      <author>Blender User</author>
      <authoring_tool>Blender 4.4.3 commit date:2025-04-29, commit time:14:09, hash:802179c51ccc</authoring_tool>
    </contributor>
    <created>2025-06-28T13:56:10</created>
    <modified>2025-06-28T13:56:10</modified>
    <unit name="meter" meter="1"/>
    <up_axis>Z_UP</up_axis>
  </asset>
  <library_cameras>
    <camera id="Camera-camera" name="Camera">
      <optics>
        <technique_common>
          <perspective>
            <xfov sid="xfov">39.59775</xfov>
            <aspect_ratio>1.777778</aspect_ratio>
            <znear sid="znear">0.1</znear>
            <zfar sid="zfar">100</zfar>
          </perspective>
        </technique_common>
      </optics>
      <extra>
        <technique profile="blender">
          <shiftx sid="shiftx" type="float">0</shiftx>
          <shifty sid="shifty" type="float">0</shifty>
          <dof_distance sid="dof_distance" type="float">10</dof_distance>
        </technique>
      </extra>
    </camera>
  </library_cameras>
  <library_lights>
    <light id="Light-light" name="Light">
      <technique_common>
        <point>
          <color sid="color">1000 1000 1000</color>
          <constant_attenuation>1</constant_attenuation>
          <linear_attenuation>0</linear_attenuation>
          <quadratic_attenuation>0</quadratic_attenuation>
        </point>
      </technique_common>
      <extra>
        <technique profile="blender">
          <type sid="type" type="int">0</type>
          <flag sid="flag" type="int">0</flag>
          <mode sid="mode" type="int">2097153</mode>
          <red sid="red" type="float">1</red>
          <green sid="green" type="float">1</green>
          <blue sid="blue" type="float">1</blue>
          <energy sid="blender_energy" type="float">1000</energy>
          <spotsize sid="spotsize" type="float">75</spotsize>
          <spotblend sid="spotblend" type="float">0.15</spotblend>
          <clipsta sid="clipsta" type="float">0.04999995</clipsta>
          <clipend sid="clipend" type="float">40</clipend>
          <radius sid="radius" type="float">0.1</radius>
          <area_shape sid="area_shape" type="int">1</area_shape>
          <area_size sid="area_size" type="float">0.1</area_size>
          <area_sizey sid="area_sizey" type="float">0.1</area_sizey>
          <area_sizez sid="area_sizez" type="float">1</area_sizez>
        </technique>
      </extra>
    </light>
  </library_lights>
  <library_effects>
    <effect id="Shape_001-effect">
      <profile_COMMON>
        <technique sid="common">
          <lambert>
            <emission>
              <color sid="emission">0 0 0 1</color>
            </emission>
            <diffuse>
              <color sid="diffuse">0 0.30235 0.07984272 1</color>
            </diffuse>
            <index_of_refraction>
              <float sid="ior">1.5</float>
            </index_of_refraction>
          </lambert>
        </technique>
      </profile_COMMON>
    </effect>
  </library_effects>
  <library_images/>
  <library_materials>
    <material id="Shape_001-material" name="Shape.001">
      <instance_effect url="#Shape_001-effect"/>
    </material>
  </library_materials>
  <library_geometries>
    <geometry id="Shape_IndexedFaceSet_001-mesh" name="Shape_IndexedFaceSet.001">
      <mesh>
        <source id="Shape_IndexedFaceSet_001-mesh-positions">
          <float_array id="Shape_IndexedFaceSet_001-mesh-positions-array" count="1251">-0.01619696 -4.71e-4 0.008866965 -0.01619696 -4.71e-4 0.01166695 -0.01619696 -4.71e-4 0.04336696 -0.01619696 0.027529 0.008866965 -0.01619696 0.027529 0.04336696 -0.01579695 -4.71e-4 0.01036697 -0.01579695 -4.71e-4 0.04186695 -0.01579695 0.01052898 0.01036697 -0.01579695 0.01052898 0.04186695 -0.01575899 -4.71e-4 0.01008194 -0.01575899 -4.71e-4 0.01065099 -0.01575899 -4.71e-4 0.04158198 -0.01575899 -4.71e-4 0.04215097 -0.01575899 0.01052898 0.01008194 -0.01575899 0.01052898 0.01065099 -0.01575899 0.01052898 0.04158198 -0.01575899 0.01052898 0.04215097 -0.01564896 -4.71e-4 0.009816944 -0.01564896 -4.71e-4 0.01091694 -0.01564896 -4.71e-4 0.04131698 -0.01564896 -4.71e-4 0.04241698 -0.01564896 0.01052898 0.009816944 -0.01564896 0.01052898 0.01091694 -0.01564896 0.01052898 0.04131698 -0.01564896 0.01052898 0.04241698 -0.01547396 -4.71e-4 0.009588956 -0.01547396 -4.71e-4 0.01114499 -0.01547396 -4.71e-4 0.04108899 -0.01547396 -4.71e-4 0.04264497 -0.01547396 0.01052898 0.009588956 -0.01547396 0.01052898 0.01114499 -0.01547396 0.01052898 0.04108899 -0.01547396 0.01052898 0.04264497 -0.01524698 -4.71e-4 0.009413957 -0.01524698 -4.71e-4 0.01131898 -0.01524698 -4.71e-4 0.04091399 -0.01524698 -4.71e-4 0.04281896 -0.01524698 0.01052898 0.009413957 -0.01524698 0.01052898 0.01131898 -0.01524698 0.01052898 0.04091399 -0.01524698 0.01052898 0.04281896 -0.01498097 -4.71e-4 0.009303987 -0.01498097 -4.71e-4 0.01142895 -0.01498097 -4.71e-4 0.04080396 -0.01498097 -4.71e-4 0.04292899 -0.01498097 0.01052898 0.009303987 -0.01498097 0.01052898 0.01142895 -0.01498097 0.01052898 0.04080396 -0.01498097 0.01052898 0.04292899 -0.01469695 -4.71e-4 0.009266972 -0.01469695 -4.71e-4 0.01146697 -0.01469695 -4.71e-4 0.04076695 -0.01469695 -4.71e-4 0.04296696 -0.01469695 0.01052898 0.009266972 -0.01469695 0.01052898 0.01036697 -0.01469695 0.01052898 0.01146697 -0.01469695 0.01052898 0.04076695 -0.01469695 0.01052898 0.04186695 -0.01469695 0.01052898 0.04296696 -0.01441198 -4.71e-4 0.009303987 -0.01441198 -4.71e-4 0.01142895 -0.01441198 -4.71e-4 0.04080396 -0.01441198 -4.71e-4 0.04292899 -0.01441198 0.01052898 0.009303987 -0.01441198 0.01052898 0.01142895 -0.01441198 0.01052898 0.04080396 -0.01441198 0.01052898 0.04292899 -0.01414698 -4.71e-4 0.009413957 -0.01414698 -4.71e-4 0.01131898 -0.01414698 -4.71e-4 0.04091399 -0.01414698 -4.71e-4 0.04281896 -0.01414698 0.01052898 0.009413957 -0.01414698 0.01052898 0.01131898 -0.01414698 0.01052898 0.04091399 -0.01414698 0.01052898 0.04281896 -0.01391899 -4.71e-4 0.009588956 -0.01391899 -4.71e-4 0.01114499 -0.01391899 -4.71e-4 0.04108899 -0.01391899 -4.71e-4 0.04264497 -0.01391899 0.01052898 0.009588956 -0.01391899 0.01052898 0.01114499 -0.01391899 0.01052898 0.04108899 -0.01391899 0.01052898 0.04264497 -0.01374399 -4.71e-4 0.009816944 -0.01374399 -4.71e-4 0.01091694 -0.01374399 -4.71e-4 0.04131698 -0.01374399 -4.71e-4 0.04241698 -0.01374399 0.01052898 0.009816944 -0.01374399 0.01052898 0.01091694 -0.01374399 0.01052898 0.04131698 -0.01374399 0.01052898 0.04241698 -0.01363396 -4.71e-4 0.01008194 -0.01363396 -4.71e-4 0.01065099 -0.01363396 -4.71e-4 0.04158198 -0.01363396 -4.71e-4 0.04215097 -0.01363396 0.01052898 0.01008194 -0.01363396 0.01052898 0.01065099 -0.01363396 0.01052898 0.04158198 -0.01363396 0.01052898 0.04215097 -0.01359695 -4.71e-4 0.01036697 -0.01359695 -4.71e-4 0.04186695 -0.01359695 0.01052898 0.01036697 -0.01359695 0.01052898 0.04186695 -0.01339697 -4.71e-4 0.008866965 -0.01339697 -4.71e-4 0.01166695 -0.01339697 -4.71e-4 0.04336696 -0.013197 -4.71e-4 0.01186698 -0.013197 -4.71e-4 0.04036694 -0.013197 0.02452898 0.01186698 -0.013197 0.02452898 0.04036694 0.05380296 -4.71e-4 0.01186698 0.05380296 -4.71e-4 0.04036694 0.05380296 0.02452898 0.01186698 0.05380296 0.02452898 0.04036694 0.05420297 -4.71e-4 0.01036697 0.05420297 -4.71e-4 0.04186695 0.05420297 0.01052898 0.01036697 0.05420297 0.01052898 0.04186695 0.054241 -4.71e-4 0.01008194 0.054241 -4.71e-4 0.01065099 0.054241 -4.71e-4 0.04158198 0.054241 -4.71e-4 0.04215097 0.054241 0.01052898 0.01008194 0.054241 0.01052898 0.01065099 0.054241 0.01052898 0.04158198 0.054241 0.01052898 0.04215097 0.05435097 -4.71e-4 0.009816944 0.05435097 -4.71e-4 0.01091694 0.05435097 -4.71e-4 0.04131698 0.05435097 -4.71e-4 0.04241698 0.05435097 0.01052898 0.009816944 0.05435097 0.01052898 0.01091694 0.05435097 0.01052898 0.04131698 0.05435097 0.01052898 0.04241698 0.05452597 -4.71e-4 0.009588956 0.05452597 -4.71e-4 0.01114499 0.05452597 -4.71e-4 0.04108899 0.05452597 -4.71e-4 0.04264497 0.05452597 0.01052898 0.009588956 0.05452597 0.01052898 0.01114499 0.05452597 0.01052898 0.04108899 0.05452597 0.01052898 0.04264497 0.054753 -4.71e-4 0.009413957 0.054753 -4.71e-4 0.01131898 0.054753 -4.71e-4 0.04091399 0.054753 -4.71e-4 0.04281896 0.054753 0.01052898 0.009413957 0.054753 0.01052898 0.01131898 0.054753 0.01052898 0.04091399 0.054753 0.01052898 0.04281896 0.05501896 -4.71e-4 0.009303987 0.05501896 -4.71e-4 0.01142895 0.05501896 -4.71e-4 0.04080396 0.05501896 -4.71e-4 0.04292899 0.05501896 0.01052898 0.009303987 0.05501896 0.01052898 0.01142895 0.05501896 0.01052898 0.04080396 0.05501896 0.01052898 0.04292899 0.05530297 -4.71e-4 0.009266972 0.05530297 -4.71e-4 0.01146697 0.05530297 -4.71e-4 0.04076695 0.05530297 -4.71e-4 0.04296696 0.05530297 0.01052898 0.009266972 0.05530297 0.01052898 0.01036697 0.05530297 0.01052898 0.01146697 0.05530297 0.01052898 0.04076695 0.05530297 0.01052898 0.04186695 0.05530297 0.01052898 0.04296696 0.05558794 -4.71e-4 0.009303987 0.05558794 -4.71e-4 0.01142895 0.05558794 -4.71e-4 0.04080396 0.05558794 -4.71e-4 0.04292899 0.05558794 0.01052898 0.009303987 0.05558794 0.01052898 0.01142895 0.05558794 0.01052898 0.04080396 0.05558794 0.01052898 0.04292899 0.05585294 -4.71e-4 0.009413957 0.05585294 -4.71e-4 0.01131898 0.05585294 -4.71e-4 0.04091399 0.05585294 -4.71e-4 0.04281896 0.05585294 0.01052898 0.009413957 0.05585294 0.01052898 0.01131898 0.05585294 0.01052898 0.04091399 0.05585294 0.01052898 0.04281896 0.05608099 -4.71e-4 0.009588956 0.05608099 -4.71e-4 0.01114499 0.05608099 -4.71e-4 0.04108899 0.05608099 -4.71e-4 0.04264497 0.05608099 0.01052898 0.009588956 0.05608099 0.01052898 0.01114499 0.05608099 0.01052898 0.04108899 0.05608099 0.01052898 0.04264497 0.05625599 -4.71e-4 0.009816944 0.05625599 -4.71e-4 0.01091694 0.05625599 -4.71e-4 0.04131698 0.05625599 -4.71e-4 0.04241698 0.05625599 0.01052898 0.009816944 0.05625599 0.01052898 0.01091694 0.05625599 0.01052898 0.04131698 0.05625599 0.01052898 0.04241698 0.05636596 -4.71e-4 0.01008194 0.05636596 -4.71e-4 0.01065099 0.05636596 -4.71e-4 0.04158198 0.05636596 -4.71e-4 0.04215097 0.05636596 0.01052898 0.01008194 0.05636596 0.01052898 0.01065099 0.05636596 0.01052898 0.04158198 0.05636596 0.01052898 0.04215097 0.05640298 -4.71e-4 0.01036697 0.05640298 -4.71e-4 0.04186695 0.05640298 0.01052898 0.01036697 0.05640298 0.01052898 0.04186695 0.05680298 -4.71e-4 0.008866965 0.05680298 -4.71e-4 0.01166695 0.05680298 -4.71e-4 0.04336696 0.05680298 0.027529 0.008866965 0.05680298 0.027529 0.04336696 -0.01619696 -0.003470957 0.008866965 -0.01619696 -0.003470957 0.04336696 -0.01619696 -4.71e-4 0.008866965 -0.01619696 -4.71e-4 0.04336696 -0.01579695 -0.003470957 0.01036697 -0.01579695 -0.003470957 0.04186695 -0.01579695 -4.71e-4 0.01036697 -0.01579695 -4.71e-4 0.04186695 -0.01575899 -0.003470957 0.01008194 -0.01575899 -0.003470957 0.01065099 -0.01575899 -0.003470957 0.04158198 -0.01575899 -0.003470957 0.04215097 -0.01575899 -4.71e-4 0.01008194 -0.01575899 -4.71e-4 0.01065099 -0.01575899 -4.71e-4 0.04158198 -0.01575899 -4.71e-4 0.04215097 -0.01564896 -0.003470957 0.009816944 -0.01564896 -0.003470957 0.01091694 -0.01564896 -0.003470957 0.04131698 -0.01564896 -0.003470957 0.04241698 -0.01564896 -4.71e-4 0.009816944 -0.01564896 -4.71e-4 0.01091694 -0.01564896 -4.71e-4 0.04131698 -0.01564896 -4.71e-4 0.04241698 -0.01547396 -0.003470957 0.009588956 -0.01547396 -0.003470957 0.01114499 -0.01547396 -0.003470957 0.04108899 -0.01547396 -0.003470957 0.04264497 -0.01547396 -4.71e-4 0.009588956 -0.01547396 -4.71e-4 0.01114499 -0.01547396 -4.71e-4 0.04108899 -0.01547396 -4.71e-4 0.04264497 -0.01524698 -0.003470957 0.009413957 -0.01524698 -0.003470957 0.01131898 -0.01524698 -0.003470957 0.04091399 -0.01524698 -0.003470957 0.04281896 -0.01524698 -4.71e-4 0.009413957 -0.01524698 -4.71e-4 0.01131898 -0.01524698 -4.71e-4 0.04091399 -0.01524698 -4.71e-4 0.04281896 -0.01498097 -0.003470957 0.009303987 -0.01498097 -0.003470957 0.01142895 -0.01498097 -0.003470957 0.04080396 -0.01498097 -0.003470957 0.04292899 -0.01498097 -4.71e-4 0.009303987 -0.01498097 -4.71e-4 0.01142895 -0.01498097 -4.71e-4 0.04080396 -0.01498097 -4.71e-4 0.04292899 -0.01469695 -0.003470957 0.009266972 -0.01469695 -0.003470957 0.01146697 -0.01469695 -0.003470957 0.04076695 -0.01469695 -0.003470957 0.04296696 -0.01469695 -4.71e-4 0.009266972 -0.01469695 -4.71e-4 0.01146697 -0.01469695 -4.71e-4 0.04076695 -0.01469695 -4.71e-4 0.04296696 -0.01441198 -0.003470957 0.009303987 -0.01441198 -0.003470957 0.01142895 -0.01441198 -0.003470957 0.04080396 -0.01441198 -0.003470957 0.04292899 -0.01441198 -4.71e-4 0.009303987 -0.01441198 -4.71e-4 0.01142895 -0.01441198 -4.71e-4 0.04080396 -0.01441198 -4.71e-4 0.04292899 -0.01414698 -0.003470957 0.009413957 -0.01414698 -0.003470957 0.01131898 -0.01414698 -0.003470957 0.04091399 -0.01414698 -0.003470957 0.04281896 -0.01414698 -4.71e-4 0.009413957 -0.01414698 -4.71e-4 0.01131898 -0.01414698 -4.71e-4 0.04091399 -0.01414698 -4.71e-4 0.04281896 -0.01391899 -0.003470957 0.009588956 -0.01391899 -0.003470957 0.01114499 -0.01391899 -0.003470957 0.04108899 -0.01391899 -0.003470957 0.04264497 -0.01391899 -4.71e-4 0.009588956 -0.01391899 -4.71e-4 0.01114499 -0.01391899 -4.71e-4 0.04108899 -0.01391899 -4.71e-4 0.04264497 -0.01374399 -0.003470957 0.009816944 -0.01374399 -0.003470957 0.01091694 -0.01374399 -0.003470957 0.04131698 -0.01374399 -0.003470957 0.04241698 -0.01374399 -4.71e-4 0.009816944 -0.01374399 -4.71e-4 0.01091694 -0.01374399 -4.71e-4 0.04131698 -0.01374399 -4.71e-4 0.04241698 -0.01363396 -0.003470957 0.01008194 -0.01363396 -0.003470957 0.01065099 -0.01363396 -0.003470957 0.04158198 -0.01363396 -0.003470957 0.04215097 -0.01363396 -4.71e-4 0.01008194 -0.01363396 -4.71e-4 0.01065099 -0.01363396 -4.71e-4 0.04158198 -0.01363396 -4.71e-4 0.04215097 -0.01359695 -0.003470957 0.01036697 -0.01359695 -0.003470957 0.04186695 -0.01359695 -4.71e-4 0.01036697 -0.01359695 -4.71e-4 0.04186695 0.05420297 -0.003470957 0.01036697 0.05420297 -0.003470957 0.04186695 0.05420297 -4.71e-4 0.01036697 0.05420297 -4.71e-4 0.04186695 0.054241 -0.003470957 0.01008194 0.054241 -0.003470957 0.01065099 0.054241 -0.003470957 0.04158198 0.054241 -0.003470957 0.04215097 0.054241 -4.71e-4 0.01008194 0.054241 -4.71e-4 0.01065099 0.054241 -4.71e-4 0.04158198 0.054241 -4.71e-4 0.04215097 0.05435097 -0.003470957 0.009816944 0.05435097 -0.003470957 0.01091694 0.05435097 -0.003470957 0.04131698 0.05435097 -0.003470957 0.04241698 0.05435097 -4.71e-4 0.009816944 0.05435097 -4.71e-4 0.01091694 0.05435097 -4.71e-4 0.04131698 0.05435097 -4.71e-4 0.04241698 0.05452597 -0.003470957 0.009588956 0.05452597 -0.003470957 0.01114499 0.05452597 -0.003470957 0.04108899 0.05452597 -0.003470957 0.04264497 0.05452597 -4.71e-4 0.009588956 0.05452597 -4.71e-4 0.01114499 0.05452597 -4.71e-4 0.04108899 0.05452597 -4.71e-4 0.04264497 0.054753 -0.003470957 0.009413957 0.054753 -0.003470957 0.01131898 0.054753 -0.003470957 0.04091399 0.054753 -0.003470957 0.04281896 0.054753 -4.71e-4 0.009413957 0.054753 -4.71e-4 0.01131898 0.054753 -4.71e-4 0.04091399 0.054753 -4.71e-4 0.04281896 0.05501896 -0.003470957 0.009303987 0.05501896 -0.003470957 0.01142895 0.05501896 -0.003470957 0.04080396 0.05501896 -0.003470957 0.04292899 0.05501896 -4.71e-4 0.009303987 0.05501896 -4.71e-4 0.01142895 0.05501896 -4.71e-4 0.04080396 0.05501896 -4.71e-4 0.04292899 0.05530297 -0.003470957 0.009266972 0.05530297 -0.003470957 0.01146697 0.05530297 -0.003470957 0.04076695 0.05530297 -0.003470957 0.04296696 0.05530297 -4.71e-4 0.009266972 0.05530297 -4.71e-4 0.01146697 0.05530297 -4.71e-4 0.04076695 0.05530297 -4.71e-4 0.04296696 0.05558794 -0.003470957 0.009303987 0.05558794 -0.003470957 0.01142895 0.05558794 -0.003470957 0.04080396 0.05558794 -0.003470957 0.04292899 0.05558794 -4.71e-4 0.009303987 0.05558794 -4.71e-4 0.01142895 0.05558794 -4.71e-4 0.04080396 0.05558794 -4.71e-4 0.04292899 0.05585294 -0.003470957 0.009413957 0.05585294 -0.003470957 0.01131898 0.05585294 -0.003470957 0.04091399 0.05585294 -0.003470957 0.04281896 0.05585294 -4.71e-4 0.009413957 0.05585294 -4.71e-4 0.01131898 0.05585294 -4.71e-4 0.04091399 0.05585294 -4.71e-4 0.04281896 0.05608099 -0.003470957 0.009588956 0.05608099 -0.003470957 0.01114499 0.05608099 -0.003470957 0.04108899 0.05608099 -0.003470957 0.04264497 0.05608099 -4.71e-4 0.009588956 0.05608099 -4.71e-4 0.01114499 0.05608099 -4.71e-4 0.04108899 0.05608099 -4.71e-4 0.04264497 0.05625599 -0.003470957 0.009816944 0.05625599 -0.003470957 0.01091694 0.05625599 -0.003470957 0.04131698 0.05625599 -0.003470957 0.04241698 0.05625599 -4.71e-4 0.009816944 0.05625599 -4.71e-4 0.01091694 0.05625599 -4.71e-4 0.04131698 0.05625599 -4.71e-4 0.04241698 0.05636596 -0.003470957 0.01008194 0.05636596 -0.003470957 0.01065099 0.05636596 -0.003470957 0.04158198 0.05636596 -0.003470957 0.04215097 0.05636596 -4.71e-4 0.01008194 0.05636596 -4.71e-4 0.01065099 0.05636596 -4.71e-4 0.04158198 0.05636596 -4.71e-4 0.04215097 0.05640298 -0.003470957 0.01036697 0.05640298 -0.003470957 0.04186695 0.05640298 -4.71e-4 0.01036697 0.05640298 -4.71e-4 0.04186695 0.05680298 -0.003470957 0.008866965 0.05680298 -0.003470957 0.04336696 0.05680298 -4.71e-4 0.008866965 0.05680298 -4.71e-4 0.04336696</float_array>
          <technique_common>
            <accessor source="#Shape_IndexedFaceSet_001-mesh-positions-array" count="417" stride="3">
              <param name="X" type="float"/>
              <param name="Y" type="float"/>
              <param name="Z" type="float"/>
            </accessor>
          </technique_common>
        </source>
        <source id="Shape_IndexedFaceSet_001-mesh-normals">
          <float_array id="Shape_IndexedFaceSet_001-mesh-normals-array" count="3627">0 1 0 1 0 0 0 0 -1 -1 0 0 0 0 1 0 -1 0 0 -1 0 0 -1 0 0 -1 0 0 -1 0 0 -1 0 0 -1 0 0 -1 0 0 -1 0 0 -1 0 0 -1 0 0 -1 0 0 -1 -3.47884e-7 0 -1 -1.2481e-7 0 -1 2.22529e-7 0 -1 0 0 -1 0 0 -1 -1.66555e-7 0 -1 3.50667e-7 0 -1 0 0 -1 0 0 -1 2.32683e-7 0 -1 2.03012e-7 0 -1 -5.34241e-7 0 -1 -3.2534e-7 0 -1 2.03164e-7 0 -1 0 0 -1 0 0 -1 0 0 -1 0 0 -1 0 0 -1 1.26547e-7 0 -1 5.18231e-7 0 -1 0 0 -1 -4.06422e-7 0 -1 3.85067e-7 0 -1 -3.77864e-7 0 -1 3.97501e-7 0 -1 -3.75006e-7 0 -1 0 0 -1 0 0 -1 0 0 -1 0 0 -1 0 0 -1 1.00423e-6 0 -1 0 0 -1 0 0 -1 0 0 -1 0 0 -1 0 0 -1 0 0 -1 3.75005e-7 0 -1 -4.05916e-7 0 -1 3.84915e-7 0 -1 1.92651e-7 0 -1 0 0 -1 0 0 -1 -3.78015e-7 0 -1 3.97985e-7 0 -1 -3.75846e-7 0 -1 0 0 -1 -1.91795e-7 0 -1 0 -9.86457e-6 0 1 -9.98378e-6 3.60049e-6 1 -0.2587745 0 0.9659377 -0.2587659 -3.69875e-6 0.9659401 -4.90099e-5 0 1 -0.2587661 0 0.96594 -0.25883 0 0.965923 -0.25883 7.89575e-6 0.965923 -0.4999614 0 0.8660477 -0.4999613 -7.80448e-6 0.8660477 -0.2588299 0 0.9659229 -0.4999613 0 0.8660478 -0.5000168 0 0.8660158 -0.5000167 3.51062e-6 0.8660159 -0.707081 0 0.7071327 -0.7070834 -3.5034e-6 0.7071302 -0.5000198 0 0.8660141 -0.7070834 0 0.7071303 -0.7071305 0 0.7070831 -0.7071304 3.49502e-6 0.7070831 -0.8660143 0 0.5000194 -0.8660182 -3.50247e-6 0.5000123 -0.7071362 0 0.7070775 -0.8660182 0 0.5000125 -0.8660463 0 0.4999638 -0.8660463 7.82451e-6 0.4999639 -0.9659222 0 0.2588327 -0.9659226 -7.91647e-6 0.258831 -0.8660472 0 0.4999624 -0.9659226 0 0.2588311 -0.9659395 0 0.2587683 -0.9659395 3.70038e-6 0.2587683 -1 0 5.12749e-5 -1 -3.60003e-6 5.13196e-5 -0.9659395 0 0.2587683 -1 0 5.13047e-5 -1 0 -2.14577e-5 -1 -1.22737e-5 -2.14726e-5 -0.9659348 0 -0.2587858 -0.9659351 1.2527e-5 -0.2587847 -1 0 -2.03401e-5 -0.9659351 0 -0.2587847 -0.96592 0 -0.258841 -0.96592 -3.51109e-7 -0.2588409 -0.8660421 0 -0.4999713 -0.8660403 3.54135e-7 -0.4999743 -0.9659191 0 -0.2588443 -0.8660404 0 -0.4999742 -0.866017 0 -0.5000147 -0.866017 3.49362e-6 -0.5000147 -0.7071343 0 -0.7070792 -0.7071324 -3.48594e-6 -0.7070813 -0.8660157 0 -0.5000171 -0.7071325 0 -0.7070811 -0.707096 0 -0.7071176 -0.7070961 9.11322e-6 -0.7071175 -0.5000352 0 -0.8660052 -0.500029 -8.75513e-6 -0.8660087 -0.707091 0 -0.7071226 -0.5000292 0 -0.8660087 -0.4999648 0 -0.8660457 -0.4999651 7.80844e-6 -0.8660456 -0.2588338 0 -0.9659219 -0.2588721 -7.89738e-6 -0.9659116 -0.4999577 0 -0.8660498 -0.2588722 0 -0.9659116 -0.2588102 0 -0.9659282 -0.2588102 2.50828e-6 -0.9659283 -4.68045e-5 0 -1 -4.66704e-5 -2.57068e-6 -1 -0.2588102 0 -0.9659283 -4.67748e-5 0 -1 2.79099e-5 0 -1 2.78056e-5 -1.3808e-5 -1 0.2587921 0 -0.9659332 0.2587919 1.33724e-5 -0.9659332 2.79099e-5 0 -1 0.258792 0 -0.9659332 0.2588429 0 -0.9659196 0.2588429 -3.16184e-7 -0.9659196 0.4999729 0 -0.866041 0.4999802 3.18978e-7 -0.8660368 0.2588506 0 -0.9659174 0.4999799 0 -0.8660371 0.5000364 0 -0.8660045 0.5000362 -8.91462e-6 -0.8660046 0.7070969 0 -0.7071166 0.7070682 8.98331e-6 -0.7071454 0.5000424 0 -0.8660009 0.707068 0 -0.7071455 0.7071251 0 -0.7070885 0.7071251 3.45916e-6 -0.7070885 0.8660105 0 -0.5000259 0.8660118 -3.46662e-6 -0.5000237 0.7071271 0 -0.7070866 0.8660118 0 -0.5000236 0.8660463 0 -0.4999638 0.8660462 -3.37372e-7 -0.4999639 0.9659222 0 -0.2588328 0.9659231 3.34112e-7 -0.2588294 0.866048 0 -0.499961 0.9659231 0 -0.2588295 0.9659308 0 -0.2588006 0.9659308 -1.33642e-5 -0.2588006 1 0 -3.6791e-5 1 1.37999e-5 -3.79831e-5 0.9659305 0 -0.2588017 1 0 -3.79384e-5 1 0 8.10623e-6 1 2.56882e-6 8.10623e-6 0.9659382 0 0.2587729 0.9659383 -2.50433e-6 0.2587729 1 0 8.10623e-6 0.9659382 0 0.2587729 0.9659133 0 0.2588658 0.9659133 7.93045e-6 0.2588658 0.8660292 0 0.4999936 0.8660523 -7.84127e-6 0.4999535 0.9659129 0 0.2588675 0.8660523 0 0.4999534 0.8660131 0 0.5000213 0.8660132 3.47523e-6 0.5000212 0.707129 0 0.7070847 0.7071231 -3.46801e-6 0.7070905 0.8660091 0 0.5000284 0.7071232 0 0.7070904 0.7070915 0 0.707122 0.7070916 -1.41514e-5 0.707122 0.5000298 0 0.8660083 0.5000266 1.46441e-5 0.86601 0.7070891 0 0.7071246 0.5000267 0 0.8660101 0.4999766 0 0.866039 0.4999766 -3.23402e-7 0.866039 0.2588469 0 0.9659184 0.2588468 3.20375e-7 0.9659184 0.4999765 0 0.866039 0.2588468 0 0.9659184 0.2587829 0 0.9659355 0.2587826 -1.25398e-5 0.9659356 1.84476e-5 0 1 2.73287e-5 1.22862e-5 1 0.2587913 0 0.9659333 2.71946e-5 0 1 0 -1 1.44827e-6 0 -1 -1.45482e-6 0 -1 2.00155e-6 0 -1 -1.99451e-6 0 -1 -2.89895e-6 0 -1 1.45846e-6 0 -1 -7.25197e-7 0 -1 1.454e-6 0 -1 -1.26923e-6 0 -1 1.2737e-6 0 -1 -1.45037e-6 0 -1 7.25201e-7 -4.84735e-5 0 1 -4.83692e-5 3.58932e-6 1 -0.2587656 0 0.9659402 -0.2587655 -3.68897e-6 0.9659402 -4.84735e-5 0 1 -0.2587656 0 0.9659402 -0.2588375 0 0.9659209 -0.2588378 7.92649e-6 0.9659209 -0.4999681 0 0.8660438 -0.4999535 -7.83475e-6 0.8660522 -0.258868 0 0.9659127 -0.499954 0 0.866052 -0.5000134 0 0.8660177 -0.5000133 3.49339e-6 0.8660178 -0.7070781 0 0.7071354 -0.7070781 -3.48617e-6 0.7071356 -0.5000134 0 0.8660177 -0.7070781 0 0.7071354 -0.7071402 0 0.7070734 -0.7071403 3.46825e-6 0.7070733 -0.8660212 0 0.5000076 -0.8659971 -3.47453e-6 0.5000489 -0.7071402 0 0.7070735 -0.866021 0 0.5000076 -0.8660455 0 0.4999654 -0.8660455 7.845e-6 0.4999654 -0.9659218 0 0.2588345 -0.9659218 -7.93696e-6 0.2588345 -0.8660455 0 0.4999654 -0.9659217 0 0.2588344 -0.9659397 0 0.2587677 -0.9659397 3.70015e-6 0.2587677 -1 0 5.06937e-5 -1 -3.60026e-6 5.30481e-5 -0.965939 0 0.2587699 -1 0 5.29736e-5 -1 0 -1.85966e-5 -1 -1.22848e-5 -1.85072e-5 -0.9659356 0 -0.258783 -0.9659349 1.25379e-5 -0.2587852 -1 0 -2.08616e-5 -0.965935 0 -0.2587852 -0.9659191 0 -0.2588442 -0.9659191 -3.6112e-7 -0.2588443 -0.8660404 0 -0.4999741 -0.8660438 3.6438e-7 -0.4999682 -0.9659209 0 -0.2588377 -0.8660438 0 -0.4999684 -0.8660101 0 -0.5000265 -0.86601 3.51109e-6 -0.5000269 -0.7071247 0 -0.7070889 -0.7071324 -3.50364e-6 -0.7070813 -0.8660156 0 -0.5000172 -0.7071323 0 -0.7070813 -0.7070983 0 -0.7071153 -0.7070985 9.08808e-6 -0.7071151 -0.500038 0 -0.8660036 -0.5000255 -8.73115e-6 -0.8660107 -0.7070884 0 -0.7071253 -0.5000258 0 -0.8660106 -0.4999681 0 -0.8660438 -0.4999683 7.83452e-6 -0.8660438 -0.2588375 0 -0.9659209 -0.2588378 -7.92649e-6 -0.9659209 -0.4999681 0 -0.8660438 -0.2588375 0 -0.9659209 -0.2587926 0 -0.9659329 -0.2587921 2.50014e-6 -0.965933 -2.86698e-5 0 -1 -4.62234e-5 -2.56277e-6 -1 -0.2588096 0 -0.9659284 -4.60744e-5 0 -1 2.8491e-5 0 -1 2.86549e-5 -1.37829e-5 -1 0.2587926 0 -0.965933 0.258775 1.33477e-5 -0.9659376 1.09673e-5 0 -1 0.2587756 0 -0.9659375 0.2588461 0 -0.9659187 0.2588462 -3.6112e-7 -0.9659186 0.4999758 0 -0.8660395 0.499976 3.64147e-7 -0.8660393 0.2588461 0 -0.9659187 0.4999758 0 -0.8660395 0.5000382 0 -0.8660034 0.500038 -8.91252e-6 -0.8660036 0.7070984 0 -0.7071151 0.7070748 8.98074e-6 -0.7071388 0.5000089 0 -0.8660204 0.7070745 0 -0.7071391 0.7071305 0 -0.7070831 0.7071306 3.49688e-6 -0.7070831 0.8660143 0 -0.5000194 0.8660086 -3.50457e-6 -0.5000291 0.7071229 0 -0.7070907 0.8660089 0 -0.5000287 0.8660438 0 -0.4999684 0.8660438 -3.6438e-7 -0.4999682 0.9659209 0 -0.2588377 0.9659191 3.6112e-7 -0.2588443 0.8660404 0 -0.4999741 0.9659191 0 -0.2588442 0.9659324 0 -0.2587949 0.9659324 -1.33719e-5 -0.2587949 1 0 -3.09199e-5 1 1.3808e-5 -2.8491e-5 0.965933 0 -0.2587926 1 0 -2.85953e-5 1 0 5.13643e-5 1 2.57138e-6 5.14537e-5 0.9659394 0 0.2587683 0.96594 -2.50689e-6 0.2587661 1 0 4.90397e-5 0.9659401 0 0.2587661 0.9659217 0 0.2588344 0.9659218 7.93696e-6 0.2588345 0.8660455 0 0.4999654 0.8660455 -7.845e-6 0.4999654 0.9659218 0 0.2588345 0.8660455 0 0.4999654 0.8660198 0 0.5000098 0.8660198 3.46918e-6 0.5000097 0.7071384 0 0.7070753 0.7071385 -3.46173e-6 0.7070752 0.8660197 0 0.5000098 0.7071384 0 0.7070753 0.7070905 0 0.7071232 0.7070904 -1.41424e-5 0.7071232 0.5000284 0 0.866009 0.5000284 1.4635e-5 0.8660091 0.7070905 0 0.7071232 0.5000284 0 0.866009 0.4999617 0 0.8660476 0.4999612 -3.64147e-7 0.8660477 0.2588303 0 0.9659228 0.2588462 3.6112e-7 0.9659186 0.4999758 0 0.8660395 0.2588461 0 0.9659187 0.2587835 0 0.9659354 0.2587835 -1.25163e-5 0.9659354 1.9148e-5 0 1 1.90288e-5 1.2263e-5 1 0.2587835 0 0.9659354 1.91182e-5 0 1 0 -1 -5.81561e-6 0 -1 2.17714e-6 0 -1 5.79789e-6 0 -1 -1.27369e-6 0 -1 1.26923e-6 0 -1 -2.17716e-6 0 -1 1.27369e-6 0 -1 -1.4504e-6 0 -1 7.25192e-7 -4.88907e-5 0 1 -4.88013e-5 3.60026e-6 1 -0.258766 0 0.9659401 -0.2587659 -3.70015e-6 0.9659401 -4.88907e-5 0 1 -0.258766 0 0.9659401 -0.258834 0 0.9659218 -0.2588341 7.89575e-6 0.9659218 -0.4999649 0 0.8660457 -0.4999918 -7.80704e-6 0.8660302 -0.2588644 0 0.9659137 -0.4999923 0 0.8660299 -0.7070809 -3.5034e-6 0.7071327 -0.5000168 0 0.8660158 -0.707081 0 0.7071327 -0.7070671 0 -0.7071464 -0.7070674 9.10298e-6 -0.7071462 -0.5000414 0 -0.8660015 -0.500029 -8.74838e-6 -0.8660087 -0.7070911 0 -0.7071225 -0.5000293 0 -0.8660086 -0.4999649 0 -0.8660457 -0.4999651 7.80425e-6 -0.8660456 -0.258834 0 -0.9659218 -0.2588341 -7.89575e-6 -0.9659218 -0.4999649 0 -0.8660457 -0.2588338 0 -0.9659219 -0.2587931 0 -0.9659328 -0.2587925 2.51108e-6 -0.965933 -2.90871e-5 0 -1 -4.66555e-5 -2.57371e-6 -1 -0.25881 0 -0.9659283 -4.65065e-5 0 -1 2.76417e-5 0 -1 2.77907e-5 -1.38052e-5 -1 0.2587918 0 -0.9659332 0.2587742 1.33691e-5 -0.9659379 1.01179e-5 0 -1 0.2587748 0 -0.9659377 0.2588509 0 -0.9659174 0.2588511 -3.20608e-7 -0.9659173 0.49998 0 -0.8660369 0.4999802 3.23169e-7 -0.8660368 0.2588508 0 -0.9659174 0.49998 0 -0.866037 0.5000365 0 -0.8660044 0.5000362 -8.92114e-6 -0.8660046 0.7070971 0 -0.7071166 0.7070733 8.98983e-6 -0.7071402 0.5000072 0 -0.8660213 0.7070731 0 -0.7071405 0.707125 0 -0.7070886 0.7071251 3.47663e-6 -0.7070885 0.8660104 0 -0.5000262 0.8660048 -3.48385e-6 -0.5000358 0.7071174 0 -0.7070962 0.866005 0 -0.5000354 0.8660497 0 -0.499958 0.8660498 -3.47616e-7 -0.4999579 0.9659239 0 -0.2588262 0.9659222 3.44357e-7 -0.2588328 0.8660463 0 -0.4999638 0.9659222 0 -0.2588326 0.9659307 0 -0.2588012 0.9659307 -1.3375e-5 -0.2588012 1 0 -3.73572e-5 1 1.38108e-5 -3.49283e-5 0.9659312 0 -0.2587989 1 0 -3.50326e-5 1 0 9.84967e-6 1 2.56905e-6 9.92417e-6 0.9659378 0 0.2587745 0.9659383 -2.50433e-6 0.2587723 1 0 5.54621e-5 0.9659383 0 0.2587723 0.9659125 0 0.2588692 0.9659125 7.95117e-6 0.2588692 0.8660514 0 0.499955 0.8660514 -7.86153e-6 0.4999549 0.9659125 0 0.2588692 0.8660514 0 0.4999549 0.8660159 0 0.5000165 0.866016 3.44869e-6 0.5000164 0.7071329 0 0.7070807 0.707133 -3.44147e-6 0.7070806 0.8660159 0 0.5000165 0.7071329 0 0.7070807 0.7070891 0 0.7071246 0.7070891 -1.41512e-5 0.7071246 0.5000267 0 0.8660101 0.499966 0 0.8660451 0.4999656 -3.23635e-7 0.8660453 0.2588351 0 0.9659216 0.2588509 3.20608e-7 0.9659174 0.49998 0 0.866037 0.2588508 0 0.9659174 0.2587828 0 0.9659356 0.2587826 -1.25382e-5 0.9659356 1.83135e-5 0 1 1.81943e-5 1.22844e-5 1 0.2587827 0 0.9659357 1.82986e-5 0 1 0 -1 2.00153e-6 0 -1 1.45845e-6 0 -1 -7.25193e-7 0 -1 1.45399e-6 -9.43243e-6 0 1 -9.55164e-6 3.58932e-6 1 -0.2587742 0 0.9659379 -0.2587655 -3.6878e-6 0.9659402 -4.85927e-5 0 1 -0.2587656 0 0.9659401 -0.2588335 0 0.9659219 -0.2588336 7.92649e-6 0.965922 -0.4999645 0 0.8660458 -0.4999646 -7.83475e-6 0.8660458 -0.2588335 0 0.9659219 -0.4999645 0 0.8660458 -0.7070806 -3.48617e-6 0.707133 -0.5000163 0 0.866016 -0.7070806 0 0.707133 -0.7070932 0 -0.7071204 -0.7070934 9.0953e-6 -0.7071203 -0.5000318 0 -0.866007 -0.5000255 -8.73767e-6 -0.8660107 -0.7070883 0 -0.7071253 -0.5000257 0 -0.8660107 -0.4999681 0 -0.8660439 -0.4999683 7.83917e-6 -0.8660438 -0.2588374 0 -0.9659209 -0.2588295 -7.93091e-6 -0.9659231 -0.499961 0 -0.866048 -0.2588295 0 -0.9659231 -0.2588099 0 -0.9659284 -0.2588098 2.49711e-6 -0.9659284 -4.63873e-5 0 -1 -4.62383e-5 -2.55974e-6 -1 -0.2588098 0 -0.9659283 -4.63426e-5 0 -1 2.87741e-5 0 -1 2.86698e-5 -1.37857e-5 -1 0.2587928 0 -0.9659329 0.2587927 1.33505e-5 -0.9659329 2.87741e-5 0 -1 0.2587928 0 -0.9659329 0.2588381 0 -0.9659208 0.258838 -3.56697e-7 -0.9659208 0.4999686 0 -0.8660436 0.499976 3.60189e-7 -0.8660393 0.2588459 0 -0.9659187 0.4999757 0 -0.8660395 0.5000382 0 -0.8660035 0.500038 -8.90577e-6 -0.8660036 0.7070984 0 -0.7071152 0.7070695 8.97399e-6 -0.7071441 0.5000442 0 -0.8659999 0.7070695 0 -0.7071442 0.7071307 0 -0.707083 0.7071306 3.47942e-6 -0.7070831 0.8660144 0 -0.5000193 0.8660157 -3.48664e-6 -0.500017 0.7071325 0 -0.7070811 0.8660157 0 -0.5000169 0.8660404 0 -0.4999742 0.8660403 -3.54135e-7 -0.4999743 0.9659191 0 -0.2588443 0.96592 3.51109e-7 -0.2588409 0.8660421 0 -0.4999713 0.96592 0 -0.258841 0.9659324 0 -0.2587944 0.9659324 -1.33612e-5 -0.2587943 1 0 -3.03537e-5 1 1.37971e-5 -3.15607e-5 0.9659321 0 -0.2587955 1 0 -3.15011e-5 1 0 4.96209e-5 1 2.57068e-6 4.96209e-5 0.9659399 0 0.2587667 0.9659399 -2.50689e-6 0.2587667 1 0 4.96209e-5 0.9659399 0 0.2587667 0.9659226 0 0.2588311 0.9659226 7.91647e-6 0.258831 0.8660472 0 0.4999624 0.8660463 -7.82451e-6 0.4999639 0.9659222 0 0.2588327 0.8660463 0 0.4999638 0.866017 0 0.5000147 0.8660171 3.49549e-6 0.5000146 0.7071343 0 0.7070793 0.7071286 -3.4885e-6 0.7070851 0.8660129 0 0.5000217 0.7071287 0 0.707085 0.707093 0 0.7071207 0.707093 -1.41428e-5 0.7071206 0.5000315 0 0.8660073 0.4999723 0 0.8660415 0.4999723 -3.64613e-7 0.8660415 0.2588421 0 0.9659197 0.2588421 3.61353e-7 0.9659197 0.4999723 0 0.8660415 0.2588421 0 0.9659197 0.2587836 0 0.9659354 0.2587835 -1.25177e-5 0.9659354 1.92821e-5 0 1 2.81781e-5 1.22648e-5 1 0.2587922 0 0.9659331 2.8044e-5 0 1 0 -1 -5.81558e-6 0 -1 2.17716e-6 0 -1 5.79792e-6 0 -1 -1.2737e-6 0 -1 -2.17715e-6 0 -1 -7.25194e-7 0 -1 1.454e-6 0 -1 1.2737e-6 0 -1 -1.45039e-6 0 -1 7.25198e-7 0 -1 0 0 -1 0 0 -1 0 0 -1 0 0 -1 -1.87456e-6 0 -1 0 0 -1 0 0 -1 4.89198e-7 0 -1 -1.67686e-7 0 -1 1.34145e-6 0 -1 -1.99342e-6 0 -1 5.5213e-6 0 -1 3.70375e-6 0 -1 -1.75388e-7 0 -1 0 0 -1 9.11451e-7 0 -1 -3.90728e-7 0 -1 2.44668e-6 0 -1 -4.20892e-6 0 -1 3.74615e-7 0 -1 3.88676e-6 0 -1 0 0 -1 0 0 -1 0 0 -1 9.10521e-7 0 -1 -4.85792e-7 0 -1 0 0 -1 9.95504e-7 0 -1 2.07904e-7 0 -1 1.50132e-6 0 -1 -1.50977e-6 0 -1 -1.36234e-7 0 -1 0 0 -1 0 0 -1 0 0 -1 1.49581e-6 0 -1 -4.998e-7 0 -1 -3.70362e-6 0 -1 1.1378e-6 0 -1 4.0169e-6 0 -1 -1.32971e-6 0 -1 3.90732e-7 0 -1 -4.54737e-7 0 -1 1.65227e-6 0 -1 -5.46572e-7 0 -1 6.23023e-7 0 -1 0 0 -1 0 0 -1 0 0 -1 1.54026e-6 0 -1 -8.80846e-7 0 -1 -1.4237e-6 0 -1 4.54262e-7 0 -1 -3.08462e-6 0 -1 8.6286e-7 0 -1 1.48417e-6 0 -1 -2.73295e-5 0 -1 4.30262e-6 0 -1 0 0 -1 -1.61212e-6 0 -1 1.04167e-6 0 1 3.54175e-7 0 1 0 0 1 0 0 1 0 0 1 -3.33565e-7 0 1 0 0 1 2.57024e-6 0 1 5.35164e-7 0 1 0 0 1 0 0 1 0 0 1 4.01691e-7 0 1 1.78913e-7 0 1 -7.47211e-7 0 1 3.44539e-7 0 1 1.29559e-5 0 1 -3.86466e-7 0 1 8.63423e-7 0 1 -2.1097e-6 0 1 7.99694e-7 0 1 0 0 1 -1.00423e-6 0 1 -2.49137e-7 0 1 1.02548e-6 0 1 -1.20153e-7 0 1 3.76128e-7 0 1 -2.84982e-7 0 1 0 0 1 -1.90477e-7 0 1 -1.3455e-7 0 1 -2.1263e-7 0 1 0 0 1 0 0 1 0 0 1 -3.76544e-7 0 1 -5.80203e-7 0 1 0 0 1 0 0 1 9.78359e-7 0 1 9.7953e-7 0 1 -2.49744e-7 0 1 3.67982e-7 0 1 -4.05539e-7 0 1 0 0 1 0 0 1 0 0 1 0 0 1 0 0 1 0 0 1 0 0 1 0 4.63873e-5 0 -1 4.5374e-5 -1.12765e-5 -1 0.2588099 0 -0.9659284 0.2587948 1.09253e-5 -0.9659324 3.05325e-5 0 -1 0.2587946 0 -0.9659324 0.2588534 0 -0.9659167 0.2588537 -4.88572e-6 -0.9659166 0.4999824 0 -0.8660356 0.4999827 4.92856e-6 -0.8660355 0.2588534 0 -0.9659167 0.4999825 0 -0.8660356 0.5000224 0 -0.8660126 0.5000215 5.79189e-6 -0.8660129 0.7070856 0 -0.7071281 0.7070699 -5.83846e-6 -0.7071437 0.5000447 0 -0.8659997 0.7070698 0 -0.7071437 0.707139 0 -0.7070745 0.7071396 -1.55568e-5 -0.707074 0.8660203 0 -0.500009 0.8660001 1.55903e-5 -0.5000438 0.707145 0 -0.7070685 0.8660005 0 -0.5000432 0.866047 0 -0.4999629 0.8660469 -5.0012e-6 -0.4999629 0.9659225 0 -0.2588316 0.9659135 4.95557e-6 -0.2588655 0.8660531 0 -0.4999522 0.9659132 0 -0.258866 0.9659301 0 -0.2588034 0.9659301 -1.09309e-5 -0.2588035 1 0 -3.96818e-5 1 1.12886e-5 -3.53306e-5 0.9659312 0 -0.2587993 1 0 -3.53903e-5 1 0 1.02371e-5 1 5.74719e-6 1.03265e-5 0.9659376 0 0.2587749 0.9659388 -5.60284e-6 0.2587707 1 0 5.38975e-5 0.9659388 0 0.2587708 0.9659222 0 0.2588326 0.9659221 7.66478e-7 0.2588331 0.8660463 0 0.4999637 0.8660351 -7.59028e-7 0.4999833 0.9659163 0 0.2588551 0.8660349 0 0.4999839 0.8660106 0 0.5000258 0.8660104 -1.56881e-5 0.5000261 0.7071253 0 0.7070883 0.7071251 1.56499e-5 0.7070885 0.8660105 0 0.5000258 0.7071253 0 0.7070884 0.7070941 0 0.7071195 0.7070943 -1.39298e-5 0.7071194 0.5000328 0 0.8660065 0.500033 1.44159e-5 0.8660064 0.707094 0 0.7071196 0.5000328 0 0.8660066 0.4999825 0 0.8660356 0.4999827 -4.92856e-6 0.8660355 0.2588534 0 0.9659167 0.2588701 4.88572e-6 0.9659122 0.4999567 0 0.8660504 0.2588709 0 0.9659119 0.2587884 0 0.9659341 0.2587885 -6.86292e-6 0.9659341 2.41399e-5 0 1 2.4274e-5 6.72415e-6 1 0.2587884 0 0.965934 2.4125e-5 0 1 -5.4732e-5 0 1 -5.48959e-5 -1.44653e-5 1 -0.2587716 0 0.9659386 -0.2587717 1.48658e-5 0.9659386 -5.46724e-5 0 1 -0.2587716 0 0.9659386 -0.258854 0 0.9659165 -0.2588531 6.16536e-7 0.9659168 -0.499983 0 0.8660353 -0.4999675 -6.10948e-7 0.8660442 -0.2588365 0 0.9659212 -0.4999672 0 0.8660444 -0.5000228 0 0.8660123 -0.5000231 -1.55075e-5 0.8660122 -0.7070859 0 0.7071277 -0.707086 1.54739e-5 0.7071276 -0.5000228 0 0.8660123 -0.7070859 0 0.7071278 -0.7071326 0 0.707081 -0.7071324 -1.55848e-5 0.7070812 -0.8660158 0 0.5000169 -0.8660154 1.56183e-5 0.5000172 -0.7071325 0 0.707081 -0.8660157 0 0.5000169 -0.8660528 0 0.4999526 -0.8660291 6.97561e-7 0.4999937 -0.9659131 0 0.2588666 -0.965919 -7.05011e-7 0.2588447 -0.8660404 0 0.4999742 -0.9659191 0 0.2588443 -0.96594 0 0.2587663 -0.96594 -1.48658e-5 0.2587662 -1 0 4.92036e-5 -1 1.44653e-5 5.34654e-5 -0.9659389 0 0.2587702 -1 0 5.33611e-5 -1 0 -1.89841e-5 -1 -6.72415e-6 -1.89245e-5 -0.9659355 0 -0.2587834 -0.9659343 6.86198e-6 -0.2587875 -1 0 -2.31564e-5 -0.9659343 0 -0.2587875 -0.9659225 0 -0.2588312 -0.9659227 -4.97419e-6 -0.2588308 -0.8660471 0 -0.4999625 -0.866041 5.01703e-6 -0.4999733 -0.9659194 0 -0.2588431 -0.8660409 0 -0.4999732 -0.8660058 0 -0.5000342 -0.8660053 -1.55075e-5 -0.5000348 -0.7071185 0 -0.7070952 -0.7071129 1.54795e-5 -0.7071008 -0.8660014 0 -0.5000417 -0.7071123 0 -0.7071013 -0.7070978 0 -0.7071158 -0.707098 4.50108e-6 -0.7071157 -0.5000374 0 -0.8660039 -0.5000143 -4.32413e-6 -0.8660172 -0.7070796 0 -0.707134 -0.500015 0 -0.8660168 -0.4999673 0 -0.8660443 -0.4999676 6.10948e-7 -0.8660442 -0.2588366 0 -0.9659212 -0.2588368 -6.18398e-7 -0.9659211 -0.4999672 0 -0.8660444 -0.2588365 0 -0.9659212 -0.2587665 0 -0.9659399 -0.2587668 5.62426e-6 -0.9659399 -4.94123e-5 0 -1 -1.63764e-5 -5.76861e-6 -1 -0.2587819 0 -0.9659358 -1.74046e-5 0 -1 3.08752e-5 0 -1 3.08901e-5 -1.12923e-5 -1 0.2587949 0 -0.9659323 0.2587949 1.09356e-5 -0.9659324 3.08305e-5 0 -1 0.2587948 0 -0.9659323 0.2588389 0 -0.9659205 0.2588388 -4.87175e-6 -0.9659206 0.4999694 0 -0.8660431 0.499976 4.91273e-6 -0.8660393 0.2588461 0 -0.9659186 0.4999759 0 -0.8660394 0.5000447 0 -0.8659996 0.5000448 5.81518e-6 -0.8659996 0.7070698 0 -0.7071439 0.707099 -5.86361e-6 -0.7071145 0.5000391 0 -0.866003 0.7070991 0 -0.7071145 0.7071252 0 -0.7070884 0.7071251 -1.56052e-5 -0.7070885 0.8660105 0 -0.5000259 0.8660129 1.56378e-5 -0.5000216 0.7071287 0 -0.707085 0.866013 0 -0.5000216 0.8660453 0 -0.4999656 0.8660453 -4.96488e-6 -0.4999656 0.9659218 0 -0.2588346 0.9659234 4.92111e-6 -0.2588285 0.8660484 0 -0.4999603 0.9659233 0 -0.2588286 0.9659307 0 -0.2588014 0.9659306 -1.09067e-5 -0.2588014 1 0 -3.75658e-5 1 1.12616e-5 -3.75658e-5 0.9659307 0 -0.2588013 1 0 -3.75509e-5 1 0 8.09133e-6 1 5.74812e-6 8.09133e-6 0.9659383 0 0.2587729 0.9659383 -5.60377e-6 0.2587723 1 0 5.54919e-5 0.9659383 0 0.2587723 0.9659131 0 0.2588669 0.9659131 6.92904e-7 0.2588669 0.8660526 0 0.4999529 0.8660526 -6.84522e-7 0.499953 0.9659131 0 0.2588669 0.8660526 0 0.499953 0.8660129 0 0.5000216 0.8660131 -1.5608e-5 0.5000216 0.7071286 0 0.707085 0.7071232 1.55726e-5 0.7070904 0.8660092 0 0.5000281 0.7071233 0 0.7070903 0.7070895 0 0.7071241 0.7070895 -1.39307e-5 0.7071241 0.5000273 0 0.8660097 0.5000301 1.44159e-5 0.8660081 0.7070918 0 0.7071219 0.5000301 0 0.8660081 0.499976 0 0.8660393 0.499976 -4.92763e-6 0.8660393 0.2588463 0 0.9659186 0.2588463 4.88479e-6 0.9659186 0.499976 0 0.8660393 0.2588463 0 0.9659186 0.2587846 0 0.9659351 0.2587845 -6.8685e-6 0.9659351 2.03103e-5 0 1 2.4274e-5 6.72974e-6 1 0.2587885 0 0.9659341 2.4274e-5 0 1 -5.48661e-5 0 1 -5.48959e-5 -1.4469e-5 1 -0.2587717 0 0.9659385 -0.2587677 1.48704e-5 0.9659397 -5.08428e-5 0 1 -0.2587679 0 0.9659395 -0.2588293 0 0.9659231 -0.2588294 6.17467e-7 0.9659231 -0.4999608 0 0.8660481 -0.4999607 -6.10016e-7 0.8660481 -0.2588293 0 0.9659231 -0.4999607 0 0.8660481 -0.5000201 0 0.8660138 -0.5000202 -1.55075e-5 0.8660138 -0.7070837 0 0.70713 -0.7070813 1.54739e-5 0.7071323 -0.5000172 0 0.8660156 -0.7070813 0 0.7071323 -0.7071307 0 0.7070829 -0.7071306 -1.55037e-5 0.7070831 -0.8660144 0 0.5000193 -0.8660181 1.55382e-5 0.5000127 -0.7071359 0 0.7070778 -0.8660181 0 0.5000129 -0.8660466 0 0.4999634 -0.8660466 6.69621e-7 0.4999634 -0.9659224 0 0.2588321 -0.9659223 -6.78003e-7 0.2588322 -0.8660466 0 0.4999634 -0.9659224 0 0.2588322 -0.9659396 0 0.2587678 -0.9659396 -1.48658e-5 0.2587678 -1 0 5.07534e-5 -1 1.44662e-5 5.13047e-5 -1 0 5.12898e-5 -1 0 -2.10702e-5 -1 -6.6841e-6 -2.11e-5 -0.9659349 0 -0.2587854 -0.9659348 6.82194e-6 -0.2587854 -1 0 -2.10851e-5 -0.9659349 0 -0.2587854 -0.9659202 0 -0.2588402 -0.9659202 -4.98164e-6 -0.2588401 -0.8660425 0 -0.4999706 -0.8660393 5.02728e-6 -0.499976 -0.9659186 0 -0.2588461 -0.8660394 0 -0.4999759 -0.8660181 0 -0.5000128 -0.8660181 -1.55689e-5 -0.5000127 -0.7071359 0 -0.7070777 -0.7071323 1.55065e-5 -0.7070813 -0.8660156 0 -0.5000171 -0.7071324 0 -0.7070812 -0.7070931 0 -0.7071204 -0.7070931 4.52436e-6 -0.7071204 -0.5000317 0 -0.866007 -0.5000375 -4.34741e-6 -0.8660039 -0.7070977 0 -0.707116 -0.5000373 0 -0.866004 -0.4999607 0 -0.8660481 -0.4999608 6.2678e-7 -0.8660481 -0.2588292 0 -0.9659232 -0.258868 -6.33299e-7 -0.9659127 -0.4999542 0 -0.8660519 -0.2588682 0 -0.9659127 -0.2587668 0 -0.9659399 -0.2587668 5.61401e-6 -0.9659399 -4.97401e-5 0 -1 -4.97252e-5 -5.75744e-6 -1 -0.2587668 0 -0.9659399 -4.97252e-5 0 -1 3.17097e-5 0 -1 3.17097e-5 -1.12271e-5 -1 0.2587957 0 -0.9659321 0.2587957 1.08732e-5 -0.9659321 3.17097e-5 0 -1 0.2587957 0 -0.9659321 0.2588341 0 -0.9659219 0.258834 -4.96022e-6 -0.9659219 0.4999651 0 -0.8660456 0.4999716 5.00306e-6 -0.8660418 0.2588413 0 -0.9659199 0.4999715 0 -0.8660418 0.5000463 0 -0.8659987 0.5000465 5.84777e-6 -0.8659986 0.7070712 0 -0.7071425 0.7071004 -5.8962e-6 -0.7071132 0.5000407 0 -0.866002 0.7071005 0 -0.7071132 0.7071307 0 -0.7070829 0.7071307 -1.55466e-5 -0.707083 0.8660144 0 -0.5000191 0.8660168 1.55801e-5 -0.500015 0.707134 0 -0.7070795 0.8660168 0 -0.500015 0.8660394 0 -0.4999759 0.8660393 -5.02635e-6 -0.499976 0.9659187 0 -0.2588461 0.9659202 4.98164e-6 -0.2588401 0.8660425 0 -0.4999706 0.9659202 0 -0.2588402 0.9659323 0 -0.2587951 0.9659323 -1.08955e-5 -0.2587951 1 0 -3.11136e-5 1 1.12513e-5 -3.11285e-5 0.9659323 0 -0.2587951 1 0 -3.11136e-5 1 0 4.9606e-5 1 5.75651e-6 4.95911e-5 0.9659401 -5.61401e-6 0.2587661 1 0 4.90695e-5 0.96594 0 0.2587661 0.9659224 0 0.2588322 0.9659224 6.78934e-7 0.2588322 0.8660466 0 0.4999633 0.8660466 -6.6869e-7 0.4999634 0.9659224 0 0.2588322 0.8660466 0 0.4999634 0.8660169 0 0.500015 0.8660169 -1.55494e-5 0.5000149 0.7071341 0 0.7070795 0.7071287 1.55158e-5 0.707085 0.866013 0 0.5000215 0.7071288 0 0.7070848 0.707091 0 0.7071226 0.7070909 -1.38991e-5 0.7071227 0.500029 0 0.8660086 0.5000318 1.43833e-5 0.8660072 0.7070931 0 0.7071204 0.5000317 0 0.8660072 0.4999718 0 0.8660418 0.4999717 -5.01703e-6 0.8660418 0.2588415 0 0.9659199 0.2588415 4.97513e-6 0.9659199 0.4999717 0 0.8660418 0.2588415 0 0.9659199 0.2587854 0 0.9659349 0.2587853 -6.83404e-6 0.9659349 2.11149e-5 0 1 2.51383e-5 6.69528e-6 1 0.2587893 0 0.9659338 2.51234e-5 0 1 -5.44339e-5 0 1 -5.44637e-5 -1.45091e-5 1 -0.2587714 0 0.9659387 -0.2587673 1.49114e-5 0.9659398 -5.04553e-5 0 1 -0.2587675 0 0.9659398 -0.2588329 0 0.9659221 -0.2588329 7.16187e-7 0.9659221 -0.4999641 0 0.8660462 -0.499964 -7.05943e-7 0.8660463 -0.2588329 0 0.9659222 -0.499964 0 0.8660462 -0.5000167 0 0.8660159 -0.5000168 -1.55689e-5 0.8660157 -0.7070809 0 0.7071328 -0.7070785 1.55065e-5 0.7071352 -0.5000138 0 0.8660175 -0.7070785 0 0.7071352 -0.7070904 0 -0.7071232 -0.7070903 4.47314e-6 -0.7071232 -0.5000284 0 -0.8660091 -0.500034 -4.29805e-6 -0.8660058 -0.7070949 0 -0.7071188 -0.5000339 0 -0.8660059 -0.4999639 0 -0.8660463 -0.4999641 7.05011e-7 -0.8660463 -0.2588328 0 -0.9659221 -0.2588717 -7.15256e-7 -0.9659118 -0.4999575 0 -0.8660501 -0.2588719 0 -0.9659118 -0.2587664 0 -0.9659399 -0.2587664 5.5749e-6 -0.9659399 -4.9293e-5 0 -1 -4.93079e-5 -5.71646e-6 -1 -0.2587664 0 -0.96594 -4.93079e-5 0 -1 4.72367e-5 0 -1 4.62234e-5 -1.12113e-5 -1 0.2588108 0 -0.9659281 0.2587957 1.0862e-5 -0.9659321 3.14117e-5 0 -1 0.2587954 0 -0.9659323 0.2588487 0 -0.9659179 0.258849 -4.97326e-6 -0.9659179 0.4999781 0 -0.866038 0.4999784 5.0161e-6 -0.8660379 0.2588487 0 -0.965918 0.4999781 0 -0.866038 0.5000241 0 -0.8660116 0.5000233 5.82356e-6 -0.8660119 0.7070869 0 -0.7071267 0.7070713 -5.86826e-6 -0.7071423 0.5000464 0 -0.8659987 0.7070713 0 -0.7071424 0.7071445 0 -0.7070691 0.7071451 -1.54981e-5 -0.7070685 0.8660002 0 -0.5000439 0.8660039 1.55307e-5 -0.5000371 0.7071166 0 -0.7070971 0.8660043 0 -0.5000365 0.8660409 0 -0.4999731 0.866041 -5.01797e-6 -0.4999732 0.9659194 0 -0.2588431 0.9659227 4.97326e-6 -0.2588308 0.8660471 0 -0.4999625 0.9659225 0 -0.2588312 0.9659317 0 -0.2587972 0.9659317 -1.09207e-5 -0.2587973 1 0 -3.32296e-5 1 1.12923e-5 -2.88934e-5 0.9659329 0 -0.258793 1 0 -2.89381e-5 1 0 5.17219e-5 1 5.75744e-6 5.18262e-5 0.9659393 0 0.2587686 0.965928 -5.61588e-6 0.2588108 1 0 4.74602e-5 0.9659281 0 0.2588109 0.9659191 0 0.2588442 0.9659191 7.05011e-7 0.2588446 0.8660404 0 0.4999741 0.8660531 -6.98492e-7 0.4999521 0.9659131 0 0.2588667 0.8660528 0 0.4999527 0.8660144 0 0.500019 0.8660144 -1.56295e-5 0.5000193 0.7071309 0 0.7070828 0.7071306 1.5595e-5 0.7070831 0.8660144 0 0.5000192 0.7071307 0 0.7070829 0.7070955 0 0.7071182 0.7070956 -1.38981e-5 0.707118 0.5000345 0 0.8660054 0.5000347 1.43843e-5 0.8660054 0.7070954 0 0.7071182 0.5000345 0 0.8660056 0.4999782 0 0.8660381 0.4999784 -5.0161e-6 0.8660379 0.2588487 0 0.9659179 0.2588652 4.97047e-6 0.9659135 0.4999524 0 0.866053 0.2588661 0 0.9659132 0.2587892 0 0.9659339 0.2587893 -6.82939e-6 0.9659338 2.49892e-5 0 1 2.51383e-5 6.69062e-6 1 0.2587892 0 0.9659339 2.49892e-5 0 1 -5.42998e-5 0 1 -5.44637e-5 -1.45044e-5 1 -0.2587712 0 0.9659386 -0.2587714 1.49067e-5 0.9659386 -5.42998e-5 0 1 -0.2587712 0 0.9659387 -0.2588576 0 0.9659155 -0.2588567 6.98492e-7 0.9659157 -0.4999862 0 0.8660334 -0.4999707 -7.06874e-7 0.8660423 -0.2588401 0 0.9659203 -0.4999705 0 0.8660426 -0.5000194 0 0.8660143 -0.5000196 -1.554e-5 0.8660141 -0.7070831 0 0.7071306 -0.7070832 1.55084e-5 0.7071304 -0.5000193 0 0.8660143 -0.707083 0 0.7071306 -0.707095 0 -0.7071186 -0.7070952 4.44893e-6 -0.7071185 -0.500034 0 -0.8660058 -0.5000108 -4.2757e-6 -0.8660191 -0.7070769 0 -0.7071368 -0.5000116 0 -0.8660188 -0.4999706 0 -0.8660425 -0.4999709 7.06874e-7 -0.8660423 -0.2588402 0 -0.9659203 -0.2588404 -7.15256e-7 -0.9659201 -0.4999705 0 -0.8660426 -0.2588401 0 -0.9659203 -0.2587661 0 -0.9659401 -0.2587663 5.58514e-6 -0.9659401 -4.89652e-5 0 -1 -1.5974e-5 -5.7267e-6 -1 -0.2587816 0 -0.965936 -1.70022e-5 0 -1</float_array>
          <technique_common>
            <accessor source="#Shape_IndexedFaceSet_001-mesh-normals-array" count="1209" stride="3">
              <param name="X" type="float"/>
              <param name="Y" type="float"/>
              <param name="Z" type="float"/>
            </accessor>
          </technique_common>
        </source>
        <source id="Shape_IndexedFaceSet_001-mesh-map-0">
          <float_array id="Shape_IndexedFaceSet_001-mesh-map-0-array" count="5052">0.04897224 0.5138311 0.1952799 0.5132494 0.6818886 0.5124881 0.6818886 0.5124881 0.1952799 0.5132494 0.5468636 0.5119063 0.1838598 0.4992622 0.05358397 0.4997428 0.1889967 0.5117467 0.1889967 0.5117467 0.05358397 0.4997428 0.05548334 0.5122272 0.5546526 0.4980295 0.1838598 0.4992622 0.552902 0.510514 0.552902 0.510514 0.1838598 0.4992622 0.1889967 0.5117467 0.6805101 0.4985101 0.5546526 0.4980295 0.6757081 0.5109946 0.6757081 0.5109946 0.5546526 0.4980295 0.552902 0.510514 0.6868386 0.4985055 0.6818886 0.5124881 0.6766714 0.4984583 0.6766714 0.4984583 0.6818886 0.5124881 0.5468636 0.5119063 0.6766714 0.4984583 0.5468636 0.5119063 0.548439 0.4979238 0.548439 0.4979238 0.5468636 0.5119063 0.1952264 0.4992153 0.1952264 0.4992153 0.5468636 0.5119063 0.1952799 0.5132494 0.1952264 0.4992153 0.1952799 0.5132494 0.1900232 0.4992668 0.1900232 0.4992668 0.1952799 0.5132494 0.05771094 0.4998013 0.05771094 0.4998013 0.1952799 0.5132494 0.04897224 0.5138311 0.05771094 0.4998013 0.04897224 0.5138311 0.04727464 0.4998486 0.04727464 0.4998486 0.04897224 0.5138311 0.04211217 0.4997971 1.042112 0.4997971 1.048972 0.5138311 0.6818886 0.5124881 1.042112 0.4997971 0.6818886 0.5124881 0.6868386 0.4985055 1.055483 0.5122272 1.053584 0.4997428 0.6757081 0.5109946 0.6757081 0.5109946 1.053584 0.4997428 0.6805101 0.4985101 0.1834865 0.4992772 0.1828587 0.4992831 0.05312019 0.4997498 0.1825131 0.4992907 0.1828107 0.499292 0.05771094 0.4998013 0.1879151 0.4992498 0.186675 0.4992563 0.05312019 0.4997498 0.1879151 0.4992498 0.05312019 0.4997498 0.1890962 0.4992443 0.05312019 0.4997498 0.1828587 0.4992831 0.05771094 0.4998013 0.05771094 0.4998013 0.1828587 0.4992831 0.182528 0.4992877 0.05771094 0.4998013 0.182528 0.4992877 0.1825131 0.4992907 0.1828107 0.499292 0.1833902 0.4992913 0.05771094 0.4998013 0.05771094 0.4998013 0.1833902 0.4992913 0.1842087 0.4992889 0.05771094 0.4998013 0.1842087 0.4992889 0.1900232 0.4992668 0.1900232 0.4992668 0.1842087 0.4992889 0.1852134 0.4992848 0.1900232 0.4992668 0.1852134 0.4992848 0.1863353 0.4992793 0.186675 0.4992563 0.1854648 0.4992634 0.05312019 0.4997498 0.05312019 0.4997498 0.1854648 0.4992634 0.1843755 0.4992704 0.05312019 0.4997498 0.1843755 0.4992704 0.1834865 0.4992772 0.1863353 0.4992793 0.1875098 0.4992728 0.1900232 0.4992668 0.1900232 0.4992668 0.1875098 0.4992728 0.1886571 0.4992657 0.1900232 0.4992668 0.1886571 0.4992657 0.1897013 0.4992586 0.1897013 0.4992586 0.1905865 0.4992519 0.1900232 0.4992668 0.1900232 0.4992668 0.1905865 0.4992519 0.1912461 0.499246 0.1900232 0.4992668 0.1912461 0.499246 0.1952264 0.4992153 0.1952264 0.4992153 0.1912461 0.499246 0.1916317 0.4992414 0.1952264 0.4992153 0.1916317 0.4992414 0.1917142 0.4992383 0.1917142 0.4992383 0.1914849 0.4992371 0.1952264 0.4992153 0.1952264 0.4992153 0.1914849 0.4992371 0.190945 0.4992377 0.1952264 0.4992153 0.190945 0.4992377 0.1901285 0.4992402 0.04867315 0.4998231 0.04982453 0.4998224 0.04727464 0.4998486 0.04867315 0.4998231 0.04727464 0.4998486 0.04762345 0.4998219 0.04642033 0.4997874 0.04587006 0.4997945 0.04211217 0.4997971 0.04211217 0.4997971 0.04587006 0.4997945 0.04562765 0.4998016 0.04562765 0.4998016 0.04570245 0.4998084 0.04211217 0.4997971 0.04211217 0.4997971 0.04570245 0.4998084 0.04608625 0.4998142 0.04211217 0.4997971 0.04608625 0.4998142 0.04727464 0.4998486 0.04727464 0.4998486 0.04608625 0.4998142 0.04673898 0.4998188 0.04727464 0.4998486 0.04673898 0.4998188 0.04762345 0.4998219 0.05486893 0.4997897 0.05771094 0.4998013 0.05456584 0.4997969 0.05456584 0.4997969 0.05771094 0.4998013 0.05397647 0.4998039 0.04982453 0.4998224 0.05100131 0.49982 0.04727464 0.4998486 0.04727464 0.4998486 0.05100131 0.49982 0.05213463 0.4998159 0.04727464 0.4998486 0.05213463 0.4998159 0.05771094 0.4998013 0.05771094 0.4998013 0.05213463 0.4998159 0.05314451 0.4998104 0.05771094 0.4998013 0.05314451 0.4998104 0.05397647 0.4998039 0.05486893 0.4997897 0.05486232 0.499783 0.05771094 0.4998013 0.05771094 0.4998013 0.05486232 0.499783 0.05454224 0.4997771 0.05771094 0.4998013 0.05454224 0.4997771 0.05312019 0.4997498 0.05312019 0.4997498 0.05454224 0.4997771 0.0539149 0.4997725 0.0539149 0.4997725 0.05302751 0.4997695 0.05312019 0.4997498 0.05312019 0.4997498 0.05302751 0.4997695 0.05194103 0.4997683 0.05312019 0.4997498 0.05194103 0.4997683 0.05072671 0.4997689 0.05072671 0.4997689 0.04947602 0.4997713 0.05312019 0.4997498 0.05312019 0.4997498 0.04947602 0.4997713 0.04829001 0.4997754 0.05312019 0.4997498 0.04829001 0.4997754 0.04211217 0.4997971 0.04211217 0.4997971 0.04829001 0.4997754 0.04724371 0.4997809 0.04211217 0.4997971 0.04724371 0.4997809 0.04642033 0.4997874 0.1901285 0.4992402 0.1890962 0.4992443 0.1952264 0.4992153 0.1952264 0.4992153 0.1890962 0.4992443 0.05312019 0.4997498 0.1952264 0.4992153 0.05312019 0.4997498 0.1838598 0.4992622 0.6766714 0.4984583 0.6805101 0.4985101 1.05312 0.4997498 1.05312 0.4997498 0.6805101 0.4985101 1.053584 0.4997428 0.05312019 0.4997498 0.05358397 0.4997428 0.1838598 0.4992622 0.6805101 0.4985101 0.5540884 0.4980028 0.5546526 0.4980295 0.5546526 0.4980295 0.5540884 0.4980028 0.5530408 0.4980041 0.5546526 0.4980295 0.5530408 0.4980041 0.1838598 0.4992622 0.1838598 0.4992622 0.5530408 0.4980041 0.5518699 0.4980034 0.1838598 0.4992622 0.5518699 0.4980034 0.1952264 0.4992153 0.1952264 0.4992153 0.5518699 0.4980034 0.5506654 0.498001 0.1952264 0.4992153 0.5506654 0.498001 0.5495116 0.4979969 0.5495116 0.4979969 0.5485013 0.4979914 0.1952264 0.4992153 0.1952264 0.4992153 0.5485013 0.4979914 0.5476948 0.4979849 0.1952264 0.4992153 0.5476948 0.4979849 0.5471544 0.4979779 0.5479637 0.4979535 0.548812 0.4979505 0.548439 0.4979238 0.548439 0.4979238 0.548812 0.4979505 0.5498221 0.4979493 0.548439 0.4979238 0.5498221 0.4979493 0.5509344 0.4979498 0.554963 0.4979684 0.5555391 0.4979755 0.6766714 0.4984583 0.6766714 0.4984583 0.5555391 0.4979755 0.5558412 0.4979826 0.5471544 0.4979779 0.5469126 0.4979707 0.1952264 0.4992153 0.1952264 0.4992153 0.5469126 0.4979707 0.5469773 0.497964 0.1952264 0.4992153 0.5469773 0.497964 0.548439 0.4979238 0.548439 0.4979238 0.5469773 0.497964 0.5473344 0.4979581 0.548439 0.4979238 0.5473344 0.4979581 0.5479637 0.4979535 0.5558412 0.4979826 0.5558436 0.4979894 0.6766714 0.4984583 0.6766714 0.4984583 0.5558436 0.4979894 0.555536 0.4979952 0.6766714 0.4984583 0.555536 0.4979952 0.6805101 0.4985101 0.6805101 0.4985101 0.555536 0.4979952 0.5549418 0.4979998 0.6805101 0.4985101 0.5549418 0.4979998 0.5540884 0.4980028 0.5509344 0.4979498 0.5520771 0.4979523 0.548439 0.4979238 0.548439 0.4979238 0.5520771 0.4979523 0.5531707 0.4979564 0.548439 0.4979238 0.5531707 0.4979564 0.6766714 0.4984583 0.6766714 0.4984583 0.5531707 0.4979564 0.5541568 0.4979619 0.6766714 0.4984583 0.5541568 0.4979619 0.554963 0.4979684 0.6831778 0.4984931 0.6843182 0.4984996 0.6868386 0.4985055 0.6868386 0.4985055 0.6843182 0.4984996 0.6854301 0.4985066 0.6868386 0.4985055 0.6854301 0.4985066 0.6864414 0.4985138 0.6883167 0.498534 0.6880634 0.4985352 1.042112 0.4997971 1.042112 0.4997971 0.6880634 0.4985352 0.6875153 0.4985346 1.042112 0.4997971 0.6875153 0.4985346 1.05312 0.4997498 1.05312 0.4997498 0.6875153 0.4985346 0.6867056 0.4985322 1.05312 0.4997498 0.6867056 0.4985322 0.6856859 0.4985281 0.6864414 0.4985138 0.6872856 0.4985205 0.6868386 0.4985055 0.6868386 0.4985055 0.6872856 0.4985205 0.6879057 0.4985263 0.6868386 0.4985055 0.6879057 0.4985263 1.042112 0.4997971 1.042112 0.4997971 0.6879057 0.4985263 0.6882596 0.498531 1.042112 0.4997971 0.6882596 0.498531 0.6883167 0.498534 1.05312 0.4997498 0.6796708 0.4984893 0.6766714 0.4984583 0.6766714 0.4984583 0.6796708 0.4984893 0.6793745 0.4984847 0.6766714 0.4984583 0.6793745 0.4984847 0.6793847 0.4984816 0.6831778 0.4984931 0.6868386 0.4985055 0.6820775 0.4984876 0.6820775 0.4984876 0.6868386 0.4985055 0.6766714 0.4984583 0.6820775 0.4984876 0.6766714 0.4984583 0.6810904 0.4984835 0.6856859 0.4985281 0.6845321 0.4985226 1.05312 0.4997498 1.05312 0.4997498 0.6845321 0.4985226 0.6833222 0.498516 1.05312 0.4997498 0.6833222 0.498516 0.6821519 0.498509 0.6821519 0.498509 0.681111 0.4985019 1.05312 0.4997498 1.05312 0.4997498 0.681111 0.4985019 0.6802625 0.4984951 1.05312 0.4997498 0.6802625 0.4984951 0.6796708 0.4984893 0.6793847 0.4984816 0.6796908 0.4984804 0.6766714 0.4984583 0.6766714 0.4984583 0.6796908 0.4984804 0.6802743 0.498481 0.6766714 0.4984583 0.6802743 0.498481 0.6810904 0.4984835 0.1889967 0.5117467 0.05548334 0.5122272 0.552902 0.510514 0.552902 0.510514 1.055483 0.5122272 0.6757081 0.5109946 0.6858634 0.5040195 0.6879057 0.4985263 0.6852591 0.5040137 0.6852591 0.5040137 0.6879057 0.4985263 0.6872856 0.4985205 0.6852591 0.5040137 0.6872856 0.4985205 0.6844294 0.5040069 0.6844294 0.5040069 0.6872856 0.4985205 0.6864414 0.4985138 0.6844294 0.5040069 0.6864414 0.4985138 0.6834304 0.5039998 0.6834304 0.5039998 0.6864414 0.4985138 0.6854301 0.4985066 0.6834304 0.5039998 0.6854301 0.4985066 0.6823281 0.5039927 0.6823281 0.5039927 0.6854301 0.4985066 0.6843182 0.4984996 0.6823281 0.5039927 0.6843182 0.4984996 0.681194 0.5039862 0.681194 0.5039862 0.6843182 0.4984996 0.6831778 0.4984931 0.681194 0.5039862 0.6831778 0.4984931 0.680096 0.5039808 0.680096 0.5039808 0.6831778 0.4984931 0.6820775 0.4984876 0.680096 0.5039808 0.6820775 0.4984876 0.6791076 0.5039767 0.6791076 0.5039767 0.6820775 0.4984876 0.6810904 0.4984835 0.6791076 0.5039767 0.6810904 0.4984835 0.6782861 0.5039741 0.6782861 0.5039741 0.6810904 0.4984835 0.6802743 0.498481 0.6782861 0.5039741 0.6802743 0.498481 0.6776939 0.5039736 0.6776939 0.5039736 0.6802743 0.498481 0.6796908 0.4984804 0.6776939 0.5039736 0.6796908 0.4984804 0.6773755 0.5039748 0.6773755 0.5039748 0.6796908 0.4984804 0.6793847 0.4984816 0.6773755 0.5039748 0.6793847 0.4984816 0.6773505 0.5039778 0.6773505 0.5039778 0.6793847 0.4984816 0.6793745 0.4984847 0.6773505 0.5039778 0.6793745 0.4984847 0.6776305 0.5039824 0.6776305 0.5039824 0.6793745 0.4984847 0.6796708 0.4984893 0.6776305 0.5039824 0.6796708 0.4984893 0.6782053 0.5039883 0.6782053 0.5039883 0.6796708 0.4984893 0.6802625 0.4984951 0.6782053 0.5039883 0.6802625 0.4984951 0.6790376 0.5039951 0.6790376 0.5039951 0.6802625 0.4984951 0.681111 0.4985019 0.6790376 0.5039951 0.681111 0.4985019 0.6800644 0.5040022 0.6800644 0.5040022 0.681111 0.4985019 0.6821519 0.498509 0.6800644 0.5040022 0.6821519 0.498509 0.6812236 0.5040092 0.6812236 0.5040092 0.6821519 0.498509 0.6833222 0.498516 0.6812236 0.5040092 0.6833222 0.498516 0.6824267 0.5040158 0.6824267 0.5040158 0.6833222 0.498516 0.6845321 0.4985226 0.6824267 0.5040158 0.6845321 0.4985226 0.6835781 0.5040212 0.6835781 0.5040212 0.6845321 0.4985226 0.6856859 0.4985281 0.6835781 0.5040212 0.6856859 0.4985281 0.6846005 0.5040253 0.6846005 0.5040253 0.6856859 0.4985281 0.6867056 0.4985322 0.6846005 0.5040253 0.6867056 0.4985322 0.6854171 0.5040278 0.6854171 0.5040278 0.6867056 0.4985322 0.6875153 0.4985346 0.6854171 0.5040278 0.6875153 0.4985346 0.6859759 0.5040284 0.6859759 0.5040284 0.6875153 0.4985346 0.6880634 0.4985352 0.6859759 0.5040284 0.6880634 0.4985352 0.6862429 0.5040271 0.6862429 0.5040271 0.6880634 0.4985352 0.6883167 0.498534 0.6862429 0.5040271 0.6883167 0.498534 0.6862013 0.5040242 0.6862013 0.5040242 0.6883167 0.498534 0.6882596 0.498531 0.6862013 0.5040242 0.6882596 0.498531 0.6858634 0.5040195 0.6858634 0.5040195 0.6882596 0.498531 0.6879057 0.4985263 0.6862429 0.5040271 0.6862013 0.5040242 0.681792 0.504001 0.681792 0.504001 0.6862013 0.5040242 0.6858634 0.5040195 0.681792 0.504001 0.6858634 0.5040195 0.6852591 0.5040137 0.6846005 0.5040253 0.6854171 0.5040278 0.681792 0.504001 0.681792 0.504001 0.6854171 0.5040278 0.6859759 0.5040284 0.681792 0.504001 0.6859759 0.5040284 0.6862429 0.5040271 0.6812236 0.5040092 0.6824267 0.5040158 0.681792 0.504001 0.681792 0.504001 0.6824267 0.5040158 0.6835781 0.5040212 0.681792 0.504001 0.6835781 0.5040212 0.6846005 0.5040253 0.6782053 0.5039883 0.6790376 0.5039951 0.681792 0.504001 0.681792 0.504001 0.6790376 0.5039951 0.6800644 0.5040022 0.681792 0.504001 0.6800644 0.5040022 0.6812236 0.5040092 0.6773755 0.5039748 0.6773505 0.5039778 0.681792 0.504001 0.681792 0.504001 0.6773505 0.5039778 0.6776305 0.5039824 0.681792 0.504001 0.6776305 0.5039824 0.6782053 0.5039883 0.6791076 0.5039767 0.6782861 0.5039741 0.681792 0.504001 0.681792 0.504001 0.6782861 0.5039741 0.6776939 0.5039736 0.681792 0.504001 0.6776939 0.5039736 0.6773755 0.5039748 0.6823281 0.5039927 0.681194 0.5039862 0.681792 0.504001 0.681792 0.504001 0.681194 0.5039862 0.680096 0.5039808 0.681792 0.504001 0.680096 0.5039808 0.6791076 0.5039767 0.6852591 0.5040137 0.6844294 0.5040069 0.681792 0.504001 0.681792 0.504001 0.6844294 0.5040069 0.6834304 0.5039998 0.681792 0.504001 0.6834304 0.5039998 0.6823281 0.5039927 0.1850032 0.5047762 0.1828587 0.4992831 0.185649 0.5047703 0.185649 0.5047703 0.1828587 0.4992831 0.1834865 0.4992772 0.185649 0.5047703 0.1834865 0.4992772 0.1865549 0.5047636 0.1865549 0.5047636 0.1834865 0.4992772 0.1843755 0.4992704 0.1865549 0.5047636 0.1843755 0.4992704 0.1876586 0.5047565 0.1876586 0.5047565 0.1843755 0.4992704 0.1854648 0.4992634 0.1876586 0.5047565 0.1854648 0.4992634 0.1888796 0.5047494 0.1888796 0.5047494 0.1854648 0.4992634 0.186675 0.4992563 0.1888796 0.5047494 0.186675 0.4992563 0.1901259 0.5047429 0.1901259 0.5047429 0.186675 0.4992563 0.1879151 0.4992498 0.1901259 0.5047429 0.1879151 0.4992498 0.1913081 0.5047374 0.1913081 0.5047374 0.1879151 0.4992498 0.1890962 0.4992443 0.1913081 0.5047374 0.1890962 0.4992443 0.1923364 0.5047333 0.1923364 0.5047333 0.1890962 0.4992443 0.1901285 0.4992402 0.1923364 0.5047333 0.1901285 0.4992402 0.1931444 0.5047309 0.1931444 0.5047309 0.1901285 0.4992402 0.190945 0.4992377 0.1931444 0.5047309 0.190945 0.4992377 0.1936718 0.5047302 0.1936718 0.5047302 0.190945 0.4992377 0.1914849 0.4992371 0.1936718 0.5047302 0.1914849 0.4992371 0.1938859 0.5047315 0.1938859 0.5047315 0.1914849 0.4992371 0.1917142 0.4992383 0.1938859 0.5047315 0.1917142 0.4992383 0.1937866 0.5047345 0.1937866 0.5047345 0.1917142 0.4992383 0.1916317 0.4992414 0.1937866 0.5047345 0.1916317 0.4992414 0.1933836 0.5047391 0.1933836 0.5047391 0.1916317 0.4992414 0.1912461 0.499246 0.1933836 0.5047391 0.1912461 0.499246 0.1927075 0.504745 0.1927075 0.504745 0.1912461 0.499246 0.1905865 0.4992519 0.1927075 0.504745 0.1905865 0.4992519 0.1918074 0.5047518 0.1918074 0.5047518 0.1905865 0.4992519 0.1897013 0.4992586 0.1918074 0.5047518 0.1897013 0.4992586 0.1907507 0.5047588 0.1907507 0.5047588 0.1897013 0.4992586 0.1886571 0.4992657 0.1907507 0.5047588 0.1886571 0.4992657 0.1895942 0.5047659 0.1895942 0.5047659 0.1886571 0.4992657 0.1875098 0.4992728 0.1895942 0.5047659 0.1875098 0.4992728 0.188414 0.5047724 0.188414 0.5047724 0.1875098 0.4992728 0.1863353 0.4992793 0.188414 0.5047724 0.1863353 0.4992793 0.1872905 0.5047779 0.1872905 0.5047779 0.1863353 0.4992793 0.1852134 0.4992848 0.1872905 0.5047779 0.1852134 0.4992848 0.1862884 0.504782 0.1862884 0.504782 0.1852134 0.4992848 0.1842087 0.4992889 0.1862884 0.504782 0.1842087 0.4992889 0.1854766 0.5047845 0.1854766 0.5047845 0.1842087 0.4992889 0.1833902 0.4992913 0.1854766 0.5047845 0.1833902 0.4992913 0.1849076 0.5047851 0.1849076 0.5047851 0.1833902 0.4992913 0.1828107 0.499292 0.1849076 0.5047851 0.1828107 0.499292 0.1846237 0.5047839 0.1846237 0.5047839 0.1828107 0.499292 0.1825131 0.4992907 0.1846237 0.5047839 0.1825131 0.4992907 0.1846549 0.5047808 0.1846549 0.5047808 0.1825131 0.4992907 0.182528 0.4992877 0.1846549 0.5047808 0.182528 0.4992877 0.1850032 0.5047762 0.1850032 0.5047762 0.182528 0.4992877 0.1828587 0.4992831 0.1846237 0.5047839 0.1846549 0.5047808 0.1892464 0.5047577 0.1892464 0.5047577 0.1846549 0.5047808 0.1850032 0.5047762 0.1892464 0.5047577 0.1850032 0.5047762 0.185649 0.5047703 0.1862884 0.504782 0.1854766 0.5047845 0.1892464 0.5047577 0.1892464 0.5047577 0.1854766 0.5047845 0.1849076 0.5047851 0.1892464 0.5047577 0.1849076 0.5047851 0.1846237 0.5047839 0.1895942 0.5047659 0.188414 0.5047724 0.1892464 0.5047577 0.1892464 0.5047577 0.188414 0.5047724 0.1872905 0.5047779 0.1892464 0.5047577 0.1872905 0.5047779 0.1862884 0.504782 0.1927075 0.504745 0.1918074 0.5047518 0.1892464 0.5047577 0.1892464 0.5047577 0.1918074 0.5047518 0.1907507 0.5047588 0.1892464 0.5047577 0.1907507 0.5047588 0.1895942 0.5047659 0.1938859 0.5047315 0.1937866 0.5047345 0.1892464 0.5047577 0.1892464 0.5047577 0.1937866 0.5047345 0.1933836 0.5047391 0.1892464 0.5047577 0.1933836 0.5047391 0.1927075 0.504745 0.1923364 0.5047333 0.1931444 0.5047309 0.1892464 0.5047577 0.1892464 0.5047577 0.1931444 0.5047309 0.1936718 0.5047302 0.1892464 0.5047577 0.1936718 0.5047302 0.1938859 0.5047315 0.1888796 0.5047494 0.1901259 0.5047429 0.1892464 0.5047577 0.1892464 0.5047577 0.1901259 0.5047429 0.1913081 0.5047374 0.1892464 0.5047577 0.1913081 0.5047374 0.1923364 0.5047333 0.185649 0.5047703 0.1865549 0.5047636 0.1892464 0.5047577 0.1892464 0.5047577 0.1865549 0.5047636 0.1876586 0.5047565 0.1892464 0.5047577 0.1876586 0.5047565 0.1888796 0.5047494 0.5547713 0.5034884 0.555536 0.4979952 0.5550803 0.5034825 0.5550803 0.5034825 0.555536 0.4979952 0.5558436 0.4979894 0.5550803 0.5034825 0.5558436 0.4979894 0.5550835 0.5034758 0.5550835 0.5034758 0.5558436 0.4979894 0.5558412 0.4979826 0.5550835 0.5034758 0.5558412 0.4979826 0.5547905 0.5034686 0.5547905 0.5034686 0.5558412 0.4979826 0.5555391 0.4979755 0.5547905 0.5034686 0.5555391 0.4979755 0.5542264 0.5034615 0.5542264 0.5034615 0.5555391 0.4979755 0.554963 0.4979684 0.5542264 0.5034615 0.554963 0.4979684 0.5534343 0.5034551 0.5534343 0.5034551 0.554963 0.4979684 0.5541568 0.4979619 0.5534343 0.5034551 0.5541568 0.4979619 0.5524634 0.5034496 0.5524634 0.5034496 0.5541568 0.4979619 0.5531707 0.4979564 0.5524634 0.5034496 0.5531707 0.4979564 0.5513853 0.5034455 0.5513853 0.5034455 0.5531707 0.4979564 0.5520771 0.4979523 0.5513853 0.5034455 0.5520771 0.4979523 0.5502575 0.503443 0.5502575 0.503443 0.5520771 0.4979523 0.5509344 0.4979498 0.5502575 0.503443 0.5509344 0.4979498 0.5491583 0.5034424 0.5491583 0.5034424 0.5509344 0.4979498 0.5498221 0.4979493 0.5491583 0.5034424 0.5498221 0.4979493 0.5481591 0.5034437 0.5481591 0.5034437 0.5498221 0.4979493 0.548812 0.4979505 0.5481591 0.5034437 0.548812 0.4979505 0.5473188 0.5034466 0.5473188 0.5034466 0.548812 0.4979505 0.5479637 0.4979535 0.5473188 0.5034466 0.5479637 0.4979535 0.5466938 0.5034513 0.5466938 0.5034513 0.5479637 0.4979535 0.5473344 0.4979581 0.5466938 0.5034513 0.5473344 0.4979581 0.546337 0.5034571 0.546337 0.5034571 0.5473344 0.4979581 0.5469773 0.497964 0.546337 0.5034571 0.5469773 0.497964 0.5462685 0.5034639 0.5462685 0.5034639 0.5469773 0.497964 0.5469126 0.4979707 0.5462685 0.5034639 0.5469126 0.4979707 0.5465025 0.503471 0.5465025 0.503471 0.5469126 0.4979707 0.5471544 0.4979779 0.5465025 0.503471 0.5471544 0.4979779 0.5470312 0.5034781 0.5470312 0.5034781 0.5471544 0.4979779 0.5476948 0.4979849 0.5470312 0.5034781 0.5476948 0.4979849 0.5478231 0.5034846 0.5478231 0.5034846 0.5476948 0.4979849 0.5485013 0.4979914 0.5478231 0.5034846 0.5485013 0.4979914 0.548817 0.50349 0.548817 0.50349 0.5485013 0.4979914 0.5495116 0.4979969 0.548817 0.50349 0.5495116 0.4979969 0.5499536 0.5034942 0.5499536 0.5034942 0.5495116 0.4979969 0.5506654 0.498001 0.5499536 0.5034942 0.5506654 0.498001 0.5511416 0.5034966 0.5511416 0.5034966 0.5506654 0.498001 0.5518699 0.4980034 0.5511416 0.5034966 0.5518699 0.4980034 0.552298 0.5034973 0.552298 0.5034973 0.5518699 0.4980034 0.5530408 0.4980041 0.552298 0.5034973 0.5530408 0.4980041 0.5533342 0.503496 0.5533342 0.503496 0.5530408 0.4980041 0.5540884 0.4980028 0.5533342 0.503496 0.5540884 0.4980028 0.5541801 0.503493 0.5541801 0.503493 0.5540884 0.4980028 0.5549418 0.4979998 0.5541801 0.503493 0.5549418 0.4979998 0.5547713 0.5034884 0.5547713 0.5034884 0.5549418 0.4979998 0.555536 0.4979952 0.5533342 0.503496 0.5541801 0.503493 0.5506865 0.5034698 0.5506865 0.5034698 0.5541801 0.503493 0.5547713 0.5034884 0.5506865 0.5034698 0.5547713 0.5034884 0.5550803 0.5034825 0.5499536 0.5034942 0.5511416 0.5034966 0.5506865 0.5034698 0.5506865 0.5034698 0.5511416 0.5034966 0.552298 0.5034973 0.5506865 0.5034698 0.552298 0.5034973 0.5533342 0.503496 0.5470312 0.5034781 0.5478231 0.5034846 0.5506865 0.5034698 0.5506865 0.5034698 0.5478231 0.5034846 0.548817 0.50349 0.5506865 0.5034698 0.548817 0.50349 0.5499536 0.5034942 0.546337 0.5034571 0.5462685 0.5034639 0.5506865 0.5034698 0.5506865 0.5034698 0.5462685 0.5034639 0.5465025 0.503471 0.5506865 0.5034698 0.5465025 0.503471 0.5470312 0.5034781 0.5481591 0.5034437 0.5473188 0.5034466 0.5506865 0.5034698 0.5506865 0.5034698 0.5473188 0.5034466 0.5466938 0.5034513 0.5506865 0.5034698 0.5466938 0.5034513 0.546337 0.5034571 0.5513853 0.5034455 0.5502575 0.503443 0.5506865 0.5034698 0.5506865 0.5034698 0.5502575 0.503443 0.5491583 0.5034424 0.5506865 0.5034698 0.5491583 0.5034424 0.5481591 0.5034437 0.5542264 0.5034615 0.5534343 0.5034551 0.5506865 0.5034698 0.5506865 0.5034698 0.5534343 0.5034551 0.5524634 0.5034496 0.5506865 0.5034698 0.5524634 0.5034496 0.5513853 0.5034455 0.5550803 0.5034825 0.5550835 0.5034758 0.5506865 0.5034698 0.5506865 0.5034698 0.5550835 0.5034758 0.5547905 0.5034686 0.5506865 0.5034698 0.5547905 0.5034686 0.5542264 0.5034615 0.04674923 0.5053074 0.04608625 0.4998142 0.04636484 0.5053015 0.04636484 0.5053015 0.04608625 0.4998142 0.04570245 0.4998084 0.04636484 0.5053015 0.04570245 0.4998084 0.04629409 0.5052948 0.04629409 0.5052948 0.04570245 0.4998084 0.04562765 0.4998016 0.04629409 0.5052948 0.04562765 0.4998016 0.04654508 0.5052877 0.04654508 0.5052877 0.04562765 0.4998016 0.04587006 0.4997945 0.04654508 0.5052877 0.04587006 0.4997945 0.04710799 0.5052806 0.04710799 0.5052806 0.04587006 0.4997945 0.04642033 0.4997874 0.04710799 0.5052806 0.04642033 0.4997874 0.04794728 0.5052741 0.04794728 0.5052741 0.04642033 0.4997874 0.04724371 0.4997809 0.04794728 0.5052741 0.04724371 0.4997809 0.04901182 0.5052686 0.04901182 0.5052686 0.04724371 0.4997809 0.04829001 0.4997754 0.04901182 0.5052686 0.04829001 0.4997754 0.05021667 0.5052645 0.05021667 0.5052645 0.04829001 0.4997754 0.04947602 0.4997713 0.05021667 0.5052645 0.04947602 0.4997713 0.05148559 0.505262 0.05148559 0.505262 0.04947602 0.4997713 0.05072671 0.4997689 0.05148559 0.505262 0.05072671 0.4997689 0.05271601 0.5052614 0.05271601 0.5052614 0.05072671 0.4997689 0.05194103 0.4997683 0.05271601 0.5052614 0.05194103 0.4997683 0.05381506 0.5052627 0.05381506 0.5052627 0.05194103 0.4997683 0.05302751 0.4997695 0.05381506 0.5052627 0.05302751 0.4997695 0.05471068 0.5052657 0.05471068 0.5052657 0.05302751 0.4997695 0.0539149 0.4997725 0.05471068 0.5052657 0.0539149 0.4997725 0.05534154 0.5052703 0.05534154 0.5052703 0.0539149 0.4997725 0.05454224 0.4997771 0.05534154 0.5052703 0.05454224 0.4997771 0.05566006 0.5052762 0.05566006 0.5052762 0.05454224 0.4997771 0.05486232 0.499783 0.05566006 0.5052762 0.05486232 0.499783 0.05566066 0.5052829 0.05566066 0.5052829 0.05486232 0.499783 0.05486893 0.4997897 0.05566066 0.5052829 0.05486893 0.4997897 0.05534756 0.50529 0.05534756 0.50529 0.05486893 0.4997897 0.05456584 0.4997969 0.05534756 0.50529 0.05456584 0.4997969 0.05474501 0.5052971 0.05474501 0.5052971 0.05456584 0.4997969 0.05397647 0.4998039 0.05474501 0.5052971 0.05397647 0.4998039 0.05389755 0.5053036 0.05389755 0.5053036 0.05397647 0.4998039 0.05314451 0.4998104 0.05389755 0.5053036 0.05314451 0.4998104 0.05287104 0.5053091 0.05287104 0.5053091 0.05314451 0.4998104 0.05213463 0.4998159 0.05287104 0.5053091 0.05213463 0.4998159 0.05172073 0.5053132 0.05172073 0.5053132 0.05213463 0.4998159 0.05100131 0.49982 0.05172073 0.5053132 0.05100131 0.49982 0.05052775 0.5053156 0.05052775 0.5053156 0.05100131 0.49982 0.04982453 0.4998224 0.05052775 0.5053156 0.04982453 0.4998224 0.04936182 0.5053163 0.04936182 0.5053163 0.04982453 0.4998224 0.04867315 0.4998231 0.04936182 0.5053163 0.04867315 0.4998231 0.04830008 0.505315 0.04830008 0.505315 0.04867315 0.4998231 0.04762345 0.4998219 0.04830008 0.505315 0.04762345 0.4998219 0.04740679 0.505312 0.04740679 0.505312 0.04762345 0.4998219 0.04673898 0.4998188 0.04740679 0.505312 0.04673898 0.4998188 0.04674923 0.5053074 0.04674923 0.5053074 0.04673898 0.4998188 0.04608625 0.4998142 0.04830008 0.505315 0.04740679 0.505312 0.0509935 0.5052888 0.0509935 0.5052888 0.04740679 0.505312 0.04674923 0.5053074 0.0509935 0.5052888 0.04674923 0.5053074 0.04636484 0.5053015 0.05172073 0.5053132 0.05052775 0.5053156 0.0509935 0.5052888 0.0509935 0.5052888 0.05052775 0.5053156 0.04936182 0.5053163 0.0509935 0.5052888 0.04936182 0.5053163 0.04830008 0.505315 0.05474501 0.5052971 0.05389755 0.5053036 0.0509935 0.5052888 0.0509935 0.5052888 0.05389755 0.5053036 0.05287104 0.5053091 0.0509935 0.5052888 0.05287104 0.5053091 0.05172073 0.5053132 0.05566006 0.5052762 0.05566066 0.5052829 0.0509935 0.5052888 0.0509935 0.5052888 0.05566066 0.5052829 0.05534756 0.50529 0.0509935 0.5052888 0.05534756 0.50529 0.05474501 0.5052971 0.05381506 0.5052627 0.05471068 0.5052657 0.0509935 0.5052888 0.0509935 0.5052888 0.05471068 0.5052657 0.05534154 0.5052703 0.0509935 0.5052888 0.05534154 0.5052703 0.05566006 0.5052762 0.05021667 0.5052645 0.05148559 0.505262 0.0509935 0.5052888 0.0509935 0.5052888 0.05148559 0.505262 0.05271601 0.5052614 0.0509935 0.5052888 0.05271601 0.5052614 0.05381506 0.5052627 0.04710799 0.5052806 0.04794728 0.5052741 0.0509935 0.5052888 0.0509935 0.5052888 0.04794728 0.5052741 0.04901182 0.5052686 0.0509935 0.5052888 0.04901182 0.5052686 0.05021667 0.5052645 0.04636484 0.5053015 0.04629409 0.5052948 0.0509935 0.5052888 0.0509935 0.5052888 0.04629409 0.5052948 0.04654508 0.5052877 0.0509935 0.5052888 0.04654508 0.5052877 0.04710799 0.5052806 0.04709953 0.4983505 0.1894678 0.4977687 0.04727464 0.4998486 0.04727464 0.4998486 0.1894678 0.4977687 0.1900232 0.4992668 0.6873769 0.4970074 1.0471 0.4983505 0.6868386 0.4985055 0.6868386 0.4985055 1.0471 0.4983505 1.047275 0.4998486 0.548614 0.4964256 0.6873769 0.4970074 0.548439 0.4979238 0.548439 0.4979238 0.6873769 0.4970074 0.6868386 0.4985055 0.1894678 0.4977687 0.548614 0.4964256 0.1900232 0.4992668 0.1900232 0.4992668 0.548614 0.4964256 0.548439 0.4979238 0.5543571 0.4964638 0.5551672 0.4964703 0.6862649 0.4970299 0.6862649 0.4970299 0.5551672 0.4964703 0.5557468 0.4964773 0.6862649 0.4970299 0.5557468 0.4964773 0.5560514 0.4964845 0.6886366 0.4970371 0.6880915 0.4970365 1.0471 0.4983505 0.6799369 0.4969835 0.6802397 0.4969822 0.548614 0.4964256 0.5560514 0.4964845 0.5560553 0.4964912 0.6862649 0.4970299 0.6862649 0.4970299 0.5560553 0.4964912 0.5557481 0.4964971 0.6862649 0.4970299 0.5557481 0.4964971 0.555153 0.4965017 0.6886366 0.4970371 1.0471 0.4983505 0.6888862 0.4970359 1.046236 0.4982893 1.045689 0.4982963 0.6880915 0.4970365 0.6802397 0.4969822 0.6808205 0.4969829 0.548614 0.4964256 0.548614 0.4964256 0.6808205 0.4969829 0.6816352 0.4969853 0.548614 0.4964256 0.6816352 0.4969853 0.6873769 0.4970074 0.6873769 0.4970074 0.6816352 0.4969853 0.6826218 0.4969894 0.6873769 0.4970074 0.6826218 0.4969894 0.6837229 0.4969949 0.1819524 0.4977896 0.1819418 0.4977926 0.04709953 0.4983505 0.04709953 0.4983505 0.1819418 0.4977926 0.1822431 0.4977938 0.04655998 0.4983207 0.04744207 0.4983237 0.04709953 0.4983505 0.04709953 0.4983505 0.04744207 0.4983237 0.04848855 0.4983249 0.04709953 0.4983505 0.04848855 0.4983249 0.049636 0.4983243 0.6869938 0.4970157 0.687842 0.4970223 0.6873769 0.4970074 0.6873769 0.4970074 0.687842 0.4970223 0.6884664 0.4970282 0.6873769 0.4970074 0.6884664 0.4970282 1.0471 0.4983505 1.0471 0.4983505 0.6884664 0.4970282 0.6888248 0.4970328 1.0471 0.4983505 0.6888248 0.4970328 0.6888862 0.4970359 0.555153 0.4965017 0.5542977 0.4965047 0.6862649 0.4970299 0.6862649 0.4970299 0.5542977 0.4965047 1.048097 0.4982773 0.6862649 0.4970299 1.048097 0.4982773 0.6872839 0.497034 0.548614 0.4964256 0.6851106 0.4970244 0.6838988 0.4970179 0.6838988 0.4970179 0.6827257 0.4970108 0.548614 0.4964256 0.548614 0.4964256 0.6827257 0.4970108 0.6816808 0.4970037 0.548614 0.4964256 0.6816808 0.4970037 0.6808279 0.496997 0.6837229 0.4969949 0.6848648 0.4970014 0.6873769 0.4970074 0.6873769 0.4970074 0.6848648 0.4970014 0.6859793 0.4970085 0.6873769 0.4970074 0.6859793 0.4970085 0.6869938 0.4970157 1.045689 0.4982963 1.045449 0.4983035 0.6880915 0.4970365 0.6880915 0.4970365 1.045449 0.4983035 1.045525 0.4983102 0.6880915 0.4970365 1.045525 0.4983102 1.0471 0.4983505 0.04709953 0.4983505 0.04552501 0.4983102 0.04590862 0.4983161 0.04709953 0.4983505 0.04590862 0.4983161 0.04655998 0.4983207 0.6808279 0.496997 0.6802317 0.4969912 0.548614 0.4964256 0.548614 0.4964256 0.6802317 0.4969912 0.6799308 0.4969865 0.548614 0.4964256 0.6799308 0.4969865 0.6799369 0.4969835 0.1822782 0.4977849 0.1819524 0.4977896 0.05193722 0.4983178 0.05193722 0.4983178 0.1819524 0.4977896 0.04709953 0.4983505 0.05193722 0.4983178 0.04709953 0.4983505 0.05080842 0.4983219 0.05080842 0.4983219 0.04709953 0.4983505 0.049636 0.4983243 0.1857723 0.4977812 0.1869452 0.4977746 0.1894678 0.4977687 0.5478789 0.4964868 0.5473353 0.4964797 0.1894678 0.4977687 0.548614 0.4964256 0.5481426 0.4964554 0.5489931 0.4964523 0.5522689 0.4964542 0.5533668 0.4964583 0.548614 0.4964256 0.548614 0.4964256 0.5533668 0.4964583 0.5543571 0.4964638 0.548614 0.4964256 0.5543571 0.4964638 0.6851106 0.4970244 0.6851106 0.4970244 0.5543571 0.4964638 0.6862649 0.4970299 0.6872839 0.497034 1.048097 0.4982773 0.6880915 0.4970365 0.6880915 0.4970365 1.048097 0.4982773 1.047055 0.4982828 0.6880915 0.4970365 1.047055 0.4982828 1.046236 0.4982893 0.1873164 0.4977517 0.552072 0.4965053 0.1884971 0.4977462 0.1884971 0.4977462 0.552072 0.4965053 0.1895304 0.4977421 0.1848709 0.4977652 0.1837856 0.4977723 0.05193722 0.4983178 0.05193722 0.4983178 0.1837856 0.4977723 0.1829012 0.4977791 0.05193722 0.4983178 0.1829012 0.4977791 0.1822782 0.4977849 0.1822431 0.4977938 0.1828254 0.4977932 0.04709953 0.4983505 0.04709953 0.4983505 0.1828254 0.4977932 0.1836456 0.4977908 0.04709953 0.4983505 0.1836456 0.4977908 0.1894678 0.4977687 0.1894678 0.4977687 0.1836456 0.4977908 0.1846509 0.4977867 0.1894678 0.4977687 0.1846509 0.4977867 0.1857723 0.4977812 0.5473353 0.4964797 0.5470913 0.4964726 0.1894678 0.4977687 0.1894678 0.4977687 0.5470913 0.4964726 0.5471549 0.4964659 0.1894678 0.4977687 0.5471549 0.4964659 0.548614 0.4964256 0.548614 0.4964256 0.5471549 0.4964659 0.5475121 0.49646 0.548614 0.4964256 0.5475121 0.49646 0.5481426 0.4964554 0.5489931 0.4964523 0.5500062 0.4964511 0.548614 0.4964256 0.548614 0.4964256 0.5500062 0.4964511 0.5511222 0.4964517 0.548614 0.4964256 0.5511222 0.4964517 0.5522689 0.4964542 0.1903492 0.4977396 0.5497043 0.4964988 0.1908924 0.497739 0.1908924 0.497739 0.5497043 0.4964988 0.1911258 0.4977402 0.1895304 0.4977421 0.552072 0.4965053 0.1903492 0.4977396 0.1903492 0.4977396 0.552072 0.4965053 0.550863 0.4965029 0.1903492 0.4977396 0.550863 0.4965029 0.5497043 0.4964988 0.1894678 0.4977687 0.1900118 0.4977537 0.1906669 0.4977478 0.1848709 0.4977652 0.05193722 0.4983178 0.1860781 0.4977582 0.1860781 0.4977582 0.05193722 0.4983178 0.05294263 0.4983123 0.1860781 0.4977582 0.05294263 0.4983123 0.1873164 0.4977517 0.1873164 0.4977517 0.05294263 0.4983123 0.05377048 0.4983058 0.1873164 0.4977517 0.05377048 0.4983058 0.05435633 0.4982987 0.05435633 0.4982987 0.05465674 0.4982916 0.1873164 0.4977517 0.1873164 0.4977517 0.05465674 0.4982916 0.05464851 0.4982849 0.1873164 0.4977517 0.05464851 0.4982849 0.05432808 0.498279 0.5542977 0.4965047 0.5532469 0.4965059 1.048097 0.4982773 1.048097 0.4982773 0.5532469 0.4965059 0.552072 0.4965053 1.048097 0.4982773 0.552072 0.4965053 1.049278 0.4982732 1.049278 0.4982732 0.552072 0.4965053 1.050523 0.4982708 0.1869452 0.4977746 0.1880899 0.4977676 0.1894678 0.4977687 0.1894678 0.4977687 0.1880899 0.4977676 0.1891308 0.4977605 0.1894678 0.4977687 0.1891308 0.4977605 0.1900118 0.4977537 0.5478789 0.4964868 0.1894678 0.4977687 0.5486894 0.4964933 0.5486894 0.4964933 0.1894678 0.4977687 0.1906669 0.4977478 0.5486894 0.4964933 0.1906669 0.4977478 0.5497043 0.4964988 0.5497043 0.4964988 0.1906669 0.4977478 0.1910479 0.4977433 0.5497043 0.4964988 0.1910479 0.4977433 0.1911258 0.4977402 0.05432808 0.498279 0.05370169 0.4982744 0.1873164 0.4977517 0.1873164 0.4977517 0.05370169 0.4982744 0.05281656 0.4982714 0.1873164 0.4977517 0.05281656 0.4982714 0.552072 0.4965053 0.552072 0.4965053 0.05281656 0.4982714 0.05173343 0.4982701 0.552072 0.4965053 1.051733 0.4982701 1.050523 0.4982708 0.5506654 0.498001 0.5518699 0.4980034 0.1879151 0.4992498 0.6802625 0.4984951 0.681111 0.4985019 0.5549418 0.4979998 1.182513 0.4992907 0.6845321 0.4985226 0.6856859 0.4985281 0.6868386 0.4985055 0.5531707 0.4979564 0.548439 0.4979238 0.548439 0.4979238 0.5531707 0.4979564 0.5520771 0.4979523 0.548439 0.4979238 0.5520771 0.4979523 0.5509344 0.4979498 0.04829001 0.4997754 0.1833902 0.4992913 0.1828107 0.499292 0.5509344 0.4979498 0.5498221 0.4979493 0.548439 0.4979238 0.548439 0.4979238 0.5498221 0.4979493 0.548812 0.4979505 0.548439 0.4979238 0.548812 0.4979505 0.5479637 0.4979535 0.6845321 0.4985226 1.182513 0.4992907 0.6833222 0.498516 0.6810904 0.4984835 0.6802743 0.498481 0.5558412 0.4979826 0.1900232 0.4992668 0.548439 0.4979238 0.1912461 0.499246 0.1912461 0.499246 0.548439 0.4979238 0.1916317 0.4992414 0.5518699 0.4980034 0.5530408 0.4980041 0.681111 0.4985019 0.681111 0.4985019 0.5530408 0.4980041 0.5540884 0.4980028 0.681111 0.4985019 0.5540884 0.4980028 0.5549418 0.4979998 1.045628 0.4998016 1.04587 0.4997945 0.6875153 0.4985346 1.047275 0.4998486 0.6875153 0.4985346 0.6880634 0.4985352 0.5555391 0.4979755 0.554963 0.4979684 0.6868386 0.4985055 0.6868386 0.4985055 0.554963 0.4979684 0.5541568 0.4979619 0.6868386 0.4985055 0.5541568 0.4979619 0.5531707 0.4979564 0.04829001 0.4997754 0.04947602 0.4997713 0.1833902 0.4992913 0.1833902 0.4992913 0.04947602 0.4997713 0.05072671 0.4997689 0.1833902 0.4992913 0.05072671 0.4997689 0.05194103 0.4997683 0.5476948 0.4979849 0.5485013 0.4979914 0.190945 0.4992377 0.5476948 0.4979849 0.190945 0.4992377 0.5471544 0.4979779 0.190945 0.4992377 0.1914849 0.4992371 0.548439 0.4979238 0.548439 0.4979238 0.1914849 0.4992371 0.1917142 0.4992383 0.548439 0.4979238 0.1917142 0.4992383 0.1916317 0.4992414 0.6833222 0.498516 1.182513 0.4992907 0.6821519 0.498509 0.6821519 0.498509 0.1825131 0.4992907 0.182528 0.4992877 0.6821519 0.498509 0.182528 0.4992877 0.681111 0.4985019 0.681111 0.4985019 0.182528 0.4992877 0.1828587 0.4992831 0.681111 0.4985019 0.1828587 0.4992831 0.5518699 0.4980034 0.5518699 0.4980034 0.1828587 0.4992831 0.1834865 0.4992772 0.5518699 0.4980034 0.1834865 0.4992772 0.1843755 0.4992704 0.6820775 0.4984876 0.6810904 0.4984835 0.6868386 0.4985055 0.6868386 0.4985055 0.6810904 0.4984835 0.5558412 0.4979826 0.6868386 0.4985055 0.5558412 0.4979826 0.5555391 0.4979755 0.5479637 0.4979535 0.5473344 0.4979581 0.548439 0.4979238 0.548439 0.4979238 0.5473344 0.4979581 0.5469773 0.497964 0.548439 0.4979238 0.5469773 0.497964 0.190945 0.4992377 0.190945 0.4992377 0.5469773 0.497964 0.5469126 0.4979707 0.190945 0.4992377 0.5469126 0.4979707 0.5471544 0.4979779 0.5506654 0.498001 0.1879151 0.4992498 0.5495116 0.4979969 0.5495116 0.4979969 0.1879151 0.4992498 0.1890962 0.4992443 0.5495116 0.4979969 0.1890962 0.4992443 0.5485013 0.4979914 0.5485013 0.4979914 0.1890962 0.4992443 0.1901285 0.4992402 0.5485013 0.4979914 0.1901285 0.4992402 0.190945 0.4992377 0.1843755 0.4992704 0.1854648 0.4992634 0.5518699 0.4980034 0.5518699 0.4980034 0.1854648 0.4992634 0.186675 0.4992563 0.5518699 0.4980034 0.186675 0.4992563 0.1879151 0.4992498 0.1912461 0.499246 0.1905865 0.4992519 0.1900232 0.4992668 0.1900232 0.4992668 0.1905865 0.4992519 0.1897013 0.4992586 0.1900232 0.4992668 0.1897013 0.4992586 0.1886571 0.4992657 0.1828107 0.499292 0.1825131 0.4992907 0.04829001 0.4997754 1.04829 0.4997754 1.182513 0.4992907 0.6856859 0.4985281 1.04829 0.4997754 0.6856859 0.4985281 1.047244 0.4997809 1.047244 0.4997809 0.6856859 0.4985281 1.04642 0.4997874 0.6880634 0.4985352 0.6883167 0.498534 1.047275 0.4998486 1.047275 0.4998486 0.6883167 0.498534 0.6882596 0.498531 1.047275 0.4998486 0.6882596 0.498531 0.6868386 0.4985055 0.6868386 0.4985055 0.6882596 0.498531 0.6879057 0.4985263 0.6802743 0.498481 0.6796908 0.4984804 0.5558412 0.4979826 0.5558412 0.4979826 0.6796908 0.4984804 0.6793847 0.4984816 0.5558412 0.4979826 0.6793847 0.4984816 0.6793745 0.4984847 0.04982453 0.4998224 0.04867315 0.4998231 0.04727464 0.4998486 1.045628 0.4998016 0.6875153 0.4985346 1.045702 0.4998084 1.045702 0.4998084 0.6875153 0.4985346 1.047275 0.4998486 0.04570245 0.4998084 0.04727464 0.4998486 0.04608625 0.4998142 1.04642 0.4997874 0.6856859 0.4985281 1.04587 0.4997945 1.04587 0.4997945 0.6856859 0.4985281 0.6867056 0.4985322 1.04587 0.4997945 0.6867056 0.4985322 0.6875153 0.4985346 0.6879057 0.4985263 0.6872856 0.4985205 0.6868386 0.4985055 0.6868386 0.4985055 0.6872856 0.4985205 0.6864414 0.4985138 0.6868386 0.4985055 0.6864414 0.4985138 0.6854301 0.4985066 0.6802625 0.4984951 0.5549418 0.4979998 0.6796708 0.4984893 0.6796708 0.4984893 0.5549418 0.4979998 0.555536 0.4979952 0.6796708 0.4984893 0.555536 0.4979952 0.6793745 0.4984847 0.6793745 0.4984847 0.555536 0.4979952 0.5558436 0.4979894 0.6793745 0.4984847 0.5558436 0.4979894 0.5558412 0.4979826 0.6854301 0.4985066 0.6843182 0.4984996 0.6868386 0.4985055 0.6868386 0.4985055 0.6843182 0.4984996 0.6831778 0.4984931 0.6868386 0.4985055 0.6831778 0.4984931 0.6820775 0.4984876 0.04982453 0.4998224 0.04727464 0.4998486 0.05100131 0.49982 0.04867315 0.4998231 0.04762345 0.4998219 0.04727464 0.4998486 0.04727464 0.4998486 0.04762345 0.4998219 0.04673898 0.4998188 0.04727464 0.4998486 0.04673898 0.4998188 0.04608625 0.4998142 0.05456584 0.4997969 0.05397647 0.4998039 0.1900232 0.4992668 0.1900232 0.4992668 0.05397647 0.4998039 0.05314451 0.4998104 0.1900232 0.4992668 0.05314451 0.4998104 0.04727464 0.4998486 0.04727464 0.4998486 0.05314451 0.4998104 0.05213463 0.4998159 0.04727464 0.4998486 0.05213463 0.4998159 0.05100131 0.49982 0.1886571 0.4992657 0.1875098 0.4992728 0.1900232 0.4992668 0.1900232 0.4992668 0.1875098 0.4992728 0.1863353 0.4992793 0.1900232 0.4992668 0.1863353 0.4992793 0.1852134 0.4992848 0.05194103 0.4997683 0.05302751 0.4997695 0.1833902 0.4992913 0.1833902 0.4992913 0.05302751 0.4997695 0.0539149 0.4997725 0.1833902 0.4992913 0.0539149 0.4997725 0.1842087 0.4992889 0.1842087 0.4992889 0.0539149 0.4997725 0.05454224 0.4997771 0.1842087 0.4992889 0.05454224 0.4997771 0.1852134 0.4992848 0.1852134 0.4992848 0.05454224 0.4997771 0.05486232 0.499783 0.1852134 0.4992848 0.05486232 0.499783 0.1900232 0.4992668 0.1900232 0.4992668 0.05486232 0.499783 0.05486893 0.4997897 0.1900232 0.4992668 0.05486893 0.4997897 0.05456584 0.4997969 0.5473344 0.4979581 0.5475121 0.49646 0.5469773 0.497964 0.5469773 0.497964 0.5475121 0.49646 0.5471549 0.4964659 0.5469773 0.497964 0.5471549 0.4964659 0.5469126 0.4979707 0.5469126 0.4979707 0.5471549 0.4964659 0.5470913 0.4964726 0.5469126 0.4979707 0.5470913 0.4964726 0.5471544 0.4979779 0.5471544 0.4979779 0.5470913 0.4964726 0.5473353 0.4964797 0.5471544 0.4979779 0.5473353 0.4964797 0.5476948 0.4979849 0.5476948 0.4979849 0.5473353 0.4964797 0.5478789 0.4964868 0.5476948 0.4979849 0.5478789 0.4964868 0.5485013 0.4979914 0.5485013 0.4979914 0.5478789 0.4964868 0.5486894 0.4964933 0.5485013 0.4979914 0.5486894 0.4964933 0.5495116 0.4979969 0.5495116 0.4979969 0.5486894 0.4964933 0.5497043 0.4964988 0.5495116 0.4979969 0.5497043 0.4964988 0.5506654 0.498001 0.5506654 0.498001 0.5497043 0.4964988 0.550863 0.4965029 0.5506654 0.498001 0.550863 0.4965029 0.5518699 0.4980034 0.5518699 0.4980034 0.550863 0.4965029 0.552072 0.4965053 0.5518699 0.4980034 0.552072 0.4965053 0.5530408 0.4980041 0.5530408 0.4980041 0.552072 0.4965053 0.5532469 0.4965059 0.5530408 0.4980041 0.5532469 0.4965059 0.5540884 0.4980028 0.5540884 0.4980028 0.5532469 0.4965059 0.5542977 0.4965047 0.5540884 0.4980028 0.5542977 0.4965047 0.5549418 0.4979998 0.5549418 0.4979998 0.5542977 0.4965047 0.555153 0.4965017 0.5549418 0.4979998 0.555153 0.4965017 0.555536 0.4979952 0.555536 0.4979952 0.555153 0.4965017 0.5557481 0.4964971 0.555536 0.4979952 0.5557481 0.4964971 0.5558436 0.4979894 0.5558436 0.4979894 0.5557481 0.4964971 0.5560553 0.4964912 0.5558436 0.4979894 0.5560553 0.4964912 0.5558412 0.4979826 0.5558412 0.4979826 0.5560553 0.4964912 0.5560514 0.4964845 0.5558412 0.4979826 0.5560514 0.4964845 0.5555391 0.4979755 0.5555391 0.4979755 0.5560514 0.4964845 0.5557468 0.4964773 0.5555391 0.4979755 0.5557468 0.4964773 0.554963 0.4979684 0.554963 0.4979684 0.5557468 0.4964773 0.5551672 0.4964703 0.554963 0.4979684 0.5551672 0.4964703 0.5541568 0.4979619 0.5541568 0.4979619 0.5551672 0.4964703 0.5543571 0.4964638 0.5541568 0.4979619 0.5543571 0.4964638 0.5531707 0.4979564 0.5531707 0.4979564 0.5543571 0.4964638 0.5533668 0.4964583 0.5531707 0.4979564 0.5533668 0.4964583 0.5520771 0.4979523 0.5520771 0.4979523 0.5533668 0.4964583 0.5522689 0.4964542 0.5520771 0.4979523 0.5522689 0.4964542 0.5509344 0.4979498 0.5509344 0.4979498 0.5522689 0.4964542 0.5511222 0.4964517 0.5509344 0.4979498 0.5511222 0.4964517 0.5498221 0.4979493 0.5498221 0.4979493 0.5511222 0.4964517 0.5500062 0.4964511 0.5498221 0.4979493 0.5500062 0.4964511 0.548812 0.4979505 0.548812 0.4979505 0.5500062 0.4964511 0.5489931 0.4964523 0.548812 0.4979505 0.5489931 0.4964523 0.5479637 0.4979535 0.5479637 0.4979535 0.5489931 0.4964523 0.5481426 0.4964554 0.5479637 0.4979535 0.5481426 0.4964554 0.5473344 0.4979581 0.5473344 0.4979581 0.5481426 0.4964554 0.5475121 0.49646 0.6796708 0.4984893 0.6802317 0.4969912 0.6802625 0.4984951 0.6802625 0.4984951 0.6802317 0.4969912 0.6808279 0.496997 0.6802625 0.4984951 0.6808279 0.496997 0.681111 0.4985019 0.681111 0.4985019 0.6808279 0.496997 0.6816808 0.4970037 0.681111 0.4985019 0.6816808 0.4970037 0.6821519 0.498509 0.6821519 0.498509 0.6816808 0.4970037 0.6827257 0.4970108 0.6821519 0.498509 0.6827257 0.4970108 0.6833222 0.498516 0.6833222 0.498516 0.6827257 0.4970108 0.6838988 0.4970179 0.6833222 0.498516 0.6838988 0.4970179 0.6845321 0.4985226 0.6845321 0.4985226 0.6838988 0.4970179 0.6851106 0.4970244 0.6845321 0.4985226 0.6851106 0.4970244 0.6856859 0.4985281 0.6856859 0.4985281 0.6851106 0.4970244 0.6862649 0.4970299 0.6856859 0.4985281 0.6862649 0.4970299 0.6867056 0.4985322 0.6867056 0.4985322 0.6862649 0.4970299 0.6872839 0.497034 0.6867056 0.4985322 0.6872839 0.497034 0.6875153 0.4985346 0.6875153 0.4985346 0.6872839 0.497034 0.6880915 0.4970365 0.6875153 0.4985346 0.6880915 0.4970365 0.6880634 0.4985352 0.6880634 0.4985352 0.6880915 0.4970365 0.6886366 0.4970371 0.6880634 0.4985352 0.6886366 0.4970371 0.6883167 0.498534 0.6883167 0.498534 0.6886366 0.4970371 0.6888862 0.4970359 0.6883167 0.498534 0.6888862 0.4970359 0.6882596 0.498531 0.6882596 0.498531 0.6888862 0.4970359 0.6888248 0.4970328 0.6882596 0.498531 0.6888248 0.4970328 0.6879057 0.4985263 0.6879057 0.4985263 0.6888248 0.4970328 0.6884664 0.4970282 0.6879057 0.4985263 0.6884664 0.4970282 0.6872856 0.4985205 0.6872856 0.4985205 0.6884664 0.4970282 0.687842 0.4970223 0.6872856 0.4985205 0.687842 0.4970223 0.6864414 0.4985138 0.6864414 0.4985138 0.687842 0.4970223 0.6869938 0.4970157 0.6864414 0.4985138 0.6869938 0.4970157 0.6854301 0.4985066 0.6854301 0.4985066 0.6869938 0.4970157 0.6859793 0.4970085 0.6854301 0.4985066 0.6859793 0.4970085 0.6843182 0.4984996 0.6843182 0.4984996 0.6859793 0.4970085 0.6848648 0.4970014 0.6843182 0.4984996 0.6848648 0.4970014 0.6831778 0.4984931 0.6831778 0.4984931 0.6848648 0.4970014 0.6837229 0.4969949 0.6831778 0.4984931 0.6837229 0.4969949 0.6820775 0.4984876 0.6820775 0.4984876 0.6837229 0.4969949 0.6826218 0.4969894 0.6820775 0.4984876 0.6826218 0.4969894 0.6810904 0.4984835 0.6810904 0.4984835 0.6826218 0.4969894 0.6816352 0.4969853 0.6810904 0.4984835 0.6816352 0.4969853 0.6802743 0.498481 0.6802743 0.498481 0.6816352 0.4969853 0.6808205 0.4969829 0.6802743 0.498481 0.6808205 0.4969829 0.6796908 0.4984804 0.6796908 0.4984804 0.6808205 0.4969829 0.6802397 0.4969822 0.6796908 0.4984804 0.6802397 0.4969822 0.6793847 0.4984816 0.6793847 0.4984816 0.6802397 0.4969822 0.6799369 0.4969835 0.6793847 0.4984816 0.6799369 0.4969835 0.6793745 0.4984847 0.6793745 0.4984847 0.6799369 0.4969835 0.6799308 0.4969865 0.6793745 0.4984847 0.6799308 0.4969865 0.6796708 0.4984893 0.6796708 0.4984893 0.6799308 0.4969865 0.6802317 0.4969912 0.05454224 0.4997771 0.05432808 0.498279 0.05486232 0.499783 0.05486232 0.499783 0.05432808 0.498279 0.05464851 0.4982849 0.05486232 0.499783 0.05464851 0.4982849 0.05486893 0.4997897 0.05486893 0.4997897 0.05464851 0.4982849 0.05465674 0.4982916 0.05486893 0.4997897 0.05465674 0.4982916 0.05456584 0.4997969 0.05456584 0.4997969 0.05465674 0.4982916 0.05435633 0.4982987 0.05456584 0.4997969 0.05435633 0.4982987 0.05397647 0.4998039 0.05397647 0.4998039 0.05435633 0.4982987 0.05377048 0.4983058 0.05397647 0.4998039 0.05377048 0.4983058 0.05314451 0.4998104 0.05314451 0.4998104 0.05377048 0.4983058 0.05294263 0.4983123 0.05314451 0.4998104 0.05294263 0.4983123 0.05213463 0.4998159 0.05213463 0.4998159 0.05294263 0.4983123 0.05193722 0.4983178 0.05213463 0.4998159 0.05193722 0.4983178 0.05100131 0.49982 0.05100131 0.49982 0.05193722 0.4983178 0.05080842 0.4983219 0.05100131 0.49982 0.05080842 0.4983219 0.04982453 0.4998224 0.04982453 0.4998224 0.05080842 0.4983219 0.049636 0.4983243 0.04982453 0.4998224 0.049636 0.4983243 0.04867315 0.4998231 0.04867315 0.4998231 0.049636 0.4983243 0.04848855 0.4983249 0.04867315 0.4998231 0.04848855 0.4983249 0.04762345 0.4998219 0.04762345 0.4998219 0.04848855 0.4983249 0.04744207 0.4983237 0.04762345 0.4998219 0.04744207 0.4983237 0.04673898 0.4998188 0.04673898 0.4998188 0.04744207 0.4983237 0.04655998 0.4983207 0.04673898 0.4998188 0.04655998 0.4983207 0.04608625 0.4998142 0.04608625 0.4998142 0.04655998 0.4983207 0.04590862 0.4983161 0.04608625 0.4998142 0.04590862 0.4983161 0.04570245 0.4998084 0.04570245 0.4998084 0.04590862 0.4983161 0.04552501 0.4983102 0.04570245 0.4998084 0.04552501 0.4983102 0.04562765 0.4998016 0.04562765 0.4998016 0.04552501 0.4983102 0.04544913 0.4983035 0.04562765 0.4998016 0.04544913 0.4983035 0.04587006 0.4997945 0.04587006 0.4997945 0.04544913 0.4983035 0.04568928 0.4982963 0.04587006 0.4997945 0.04568928 0.4982963 0.04642033 0.4997874 0.04642033 0.4997874 0.04568928 0.4982963 0.04623615 0.4982893 0.04642033 0.4997874 0.04623615 0.4982893 0.04724371 0.4997809 0.04724371 0.4997809 0.04623615 0.4982893 0.0470553 0.4982828 0.04724371 0.4997809 0.0470553 0.4982828 0.04829001 0.4997754 0.04829001 0.4997754 0.0470553 0.4982828 0.04809677 0.4982773 0.04829001 0.4997754 0.04809677 0.4982773 0.04947602 0.4997713 0.04947602 0.4997713 0.04809677 0.4982773 0.04927766 0.4982732 0.04947602 0.4997713 0.04927766 0.4982732 0.05072671 0.4997689 0.05072671 0.4997689 0.04927766 0.4982732 0.05052345 0.4982708 0.05072671 0.4997689 0.05052345 0.4982708 0.05194103 0.4997683 0.05194103 0.4997683 0.05052345 0.4982708 0.05173343 0.4982701 0.05194103 0.4997683 0.05173343 0.4982701 0.05302751 0.4997695 0.05302751 0.4997695 0.05173343 0.4982701 0.05281656 0.4982714 0.05302751 0.4997695 0.05281656 0.4982714 0.0539149 0.4997725 0.0539149 0.4997725 0.05281656 0.4982714 0.05370169 0.4982744 0.0539149 0.4997725 0.05370169 0.4982744 0.05454224 0.4997771 0.05454224 0.4997771 0.05370169 0.4982744 0.05432808 0.498279 0.1912461 0.499246 0.1906669 0.4977478 0.1905865 0.4992519 0.1905865 0.4992519 0.1906669 0.4977478 0.1900118 0.4977537 0.1905865 0.4992519 0.1900118 0.4977537 0.1897013 0.4992586 0.1897013 0.4992586 0.1900118 0.4977537 0.1891308 0.4977605 0.1897013 0.4992586 0.1891308 0.4977605 0.1886571 0.4992657 0.1886571 0.4992657 0.1891308 0.4977605 0.1880899 0.4977676 0.1886571 0.4992657 0.1880899 0.4977676 0.1875098 0.4992728 0.1875098 0.4992728 0.1880899 0.4977676 0.1869452 0.4977746 0.1875098 0.4992728 0.1869452 0.4977746 0.1863353 0.4992793 0.1863353 0.4992793 0.1869452 0.4977746 0.1857723 0.4977812 0.1863353 0.4992793 0.1857723 0.4977812 0.1852134 0.4992848 0.1852134 0.4992848 0.1857723 0.4977812 0.1846509 0.4977867 0.1852134 0.4992848 0.1846509 0.4977867 0.1842087 0.4992889 0.1842087 0.4992889 0.1846509 0.4977867 0.1836456 0.4977908 0.1842087 0.4992889 0.1836456 0.4977908 0.1833902 0.4992913 0.1833902 0.4992913 0.1836456 0.4977908 0.1828254 0.4977932 0.1833902 0.4992913 0.1828254 0.4977932 0.1828107 0.499292 0.1828107 0.499292 0.1828254 0.4977932 0.1822431 0.4977938 0.1828107 0.499292 0.1822431 0.4977938 0.1825131 0.4992907 0.1825131 0.4992907 0.1822431 0.4977938 0.1819418 0.4977926 0.1825131 0.4992907 0.1819418 0.4977926 0.182528 0.4992877 0.182528 0.4992877 0.1819418 0.4977926 0.1819524 0.4977896 0.182528 0.4992877 0.1819524 0.4977896 0.1828587 0.4992831 0.1828587 0.4992831 0.1819524 0.4977896 0.1822782 0.4977849 0.1828587 0.4992831 0.1822782 0.4977849 0.1834865 0.4992772 0.1834865 0.4992772 0.1822782 0.4977849 0.1829012 0.4977791 0.1834865 0.4992772 0.1829012 0.4977791 0.1843755 0.4992704 0.1843755 0.4992704 0.1829012 0.4977791 0.1837856 0.4977723 0.1843755 0.4992704 0.1837856 0.4977723 0.1854648 0.4992634 0.1854648 0.4992634 0.1837856 0.4977723 0.1848709 0.4977652 0.1854648 0.4992634 0.1848709 0.4977652 0.186675 0.4992563 0.186675 0.4992563 0.1848709 0.4977652 0.1860781 0.4977582 0.186675 0.4992563 0.1860781 0.4977582 0.1879151 0.4992498 0.1879151 0.4992498 0.1860781 0.4977582 0.1873164 0.4977517 0.1879151 0.4992498 0.1873164 0.4977517 0.1890962 0.4992443 0.1890962 0.4992443 0.1873164 0.4977517 0.1884971 0.4977462 0.1890962 0.4992443 0.1884971 0.4977462 0.1901285 0.4992402 0.1901285 0.4992402 0.1884971 0.4977462 0.1895304 0.4977421 0.1901285 0.4992402 0.1895304 0.4977421 0.190945 0.4992377 0.190945 0.4992377 0.1895304 0.4977421 0.1903492 0.4977396 0.190945 0.4992377 0.1903492 0.4977396 0.1914849 0.4992371 0.1914849 0.4992371 0.1903492 0.4977396 0.1908924 0.497739 0.1914849 0.4992371 0.1908924 0.497739 0.1917142 0.4992383 0.1917142 0.4992383 0.1908924 0.497739 0.1911258 0.4977402 0.1917142 0.4992383 0.1911258 0.4977402 0.1916317 0.4992414 0.1916317 0.4992414 0.1911258 0.4977402 0.1910479 0.4977433 0.1916317 0.4992414 0.1910479 0.4977433 0.1912461 0.499246 0.1912461 0.499246 0.1910479 0.4977433 0.1906669 0.4977478</float_array>
          <technique_common>
            <accessor source="#Shape_IndexedFaceSet_001-mesh-map-0-array" count="2526" stride="2">
              <param name="S" type="float"/>
              <param name="T" type="float"/>
            </accessor>
          </technique_common>
        </source>
        <vertices id="Shape_IndexedFaceSet_001-mesh-vertices">
          <input semantic="POSITION" source="#Shape_IndexedFaceSet_001-mesh-positions"/>
        </vertices>
        <triangles material="Shape_001-material" count="430">
          <input semantic="VERTEX" source="#Shape_IndexedFaceSet_001-mesh-vertices" offset="0"/>
          <input semantic="NORMAL" source="#Shape_IndexedFaceSet_001-mesh-normals" offset="1"/>
          <input semantic="TEXCOORD" source="#Shape_IndexedFaceSet_001-mesh-map-0" offset="2" set="0"/>
          <p>3 0 0 4 0 1 215 0 2 215 0 3 4 0 4 216 0 5 107 1 6 106 1 7 109 1 8 109 1 9 106 1 10 108 1 11 111 2 12 107 2 13 113 2 14 113 2 15 107 2 16 109 2 17 110 3 18 111 3 19 112 3 20 112 3 21 111 3 22 113 3 23 212 1 24 215 1 25 213 1 26 213 1 27 215 1 28 216 1 29 213 1 30 216 1 31 214 1 32 214 4 33 216 4 34 105 4 35 105 4 36 216 4 37 4 4 38 105 4 39 4 4 40 2 4 41 2 3 42 4 3 43 1 3 44 1 3 45 4 3 46 3 3 47 1 3 48 3 3 49 0 3 50 0 2 51 3 2 52 103 2 53 103 2 54 3 2 55 215 2 56 103 2 57 215 2 58 212 2 59 108 4 60 106 4 61 112 4 62 112 4 63 106 4 64 110 4 65 61 5 66 51 5 67 104 5 68 35 6 69 27 6 70 1 6 71 93 7 72 85 7 73 104 7 74 93 8 75 104 8 76 100 8 77 104 9 78 51 9 79 1 9 80 1 10 81 51 10 82 43 10 83 1 11 84 43 11 85 35 11 86 27 10 87 19 10 88 1 10 89 1 10 90 19 10 91 11 10 92 1 10 93 11 10 94 2 10 95 2 10 96 11 10 97 6 10 98 2 10 99 6 10 100 12 10 101 85 10 102 77 10 103 104 10 104 104 12 105 77 12 106 69 12 107 104 13 108 69 13 109 61 13 110 12 10 111 20 10 112 2 10 113 2 14 114 20 14 115 28 14 116 2 15 117 28 15 118 36 15 119 36 10 120 44 10 121 2 10 122 2 10 123 44 10 124 52 10 125 2 16 126 52 16 127 105 16 128 105 17 129 52 17 130 62 17 131 105 18 132 62 18 133 70 18 134 70 19 135 78 19 136 105 19 137 105 20 138 78 20 139 86 20 140 105 21 141 86 21 142 94 21 143 25 10 144 17 10 145 0 10 146 25 10 147 0 10 148 33 10 149 83 10 150 75 10 151 103 10 152 103 22 153 75 22 154 67 22 155 67 10 156 59 10 157 103 10 158 103 23 159 59 23 160 49 23 161 103 24 162 49 24 163 0 24 164 0 10 165 49 10 166 41 10 167 0 25 168 41 25 169 33 25 170 34 26 171 1 26 172 26 26 173 26 10 174 1 10 175 18 10 176 17 10 177 9 10 178 0 10 179 0 10 180 9 10 181 5 10 182 0 10 183 5 10 184 1 10 185 1 10 186 5 10 187 10 10 188 1 10 189 10 10 190 18 10 191 34 10 192 42 10 193 1 10 194 1 10 195 42 10 196 50 10 197 1 27 198 50 27 199 104 27 200 104 28 201 50 28 202 60 28 203 60 29 204 68 29 205 104 29 206 104 30 207 68 30 208 76 30 209 104 31 210 76 31 211 84 31 212 84 32 213 92 32 214 104 32 215 104 33 216 92 33 217 99 33 218 104 10 219 99 10 220 103 10 221 103 34 222 99 34 223 91 34 224 103 35 225 91 35 226 83 35 227 94 36 228 100 36 229 105 36 230 105 10 231 100 10 232 104 10 233 105 10 234 104 10 235 107 10 236 213 37 237 110 37 238 104 37 239 104 10 240 110 10 241 106 10 242 104 10 243 106 10 244 107 10 245 110 10 246 144 10 247 111 10 248 111 10 249 144 10 250 136 10 251 111 10 252 136 10 253 107 10 254 107 38 255 136 38 256 128 38 257 107 10 258 128 10 259 105 10 260 105 39 261 128 39 262 120 39 263 105 40 264 120 40 265 115 40 266 115 41 267 121 41 268 105 41 269 105 42 270 121 42 271 129 42 272 105 43 273 129 43 274 137 43 275 171 10 276 179 10 277 214 10 278 214 44 279 179 44 280 187 44 281 214 45 282 187 45 283 195 45 284 194 10 285 186 10 286 213 10 287 213 46 288 186 46 289 178 46 290 137 10 291 145 10 292 105 10 293 105 47 294 145 47 295 153 47 296 105 48 297 153 48 298 214 48 299 214 49 300 153 49 301 161 49 302 214 10 303 161 10 304 171 10 305 178 10 306 170 10 307 213 10 308 213 10 309 170 10 310 160 10 311 213 10 312 160 10 313 110 10 314 110 50 315 160 50 316 152 50 317 110 51 318 152 51 319 144 51 320 195 10 321 203 10 322 214 10 323 214 52 324 203 52 325 209 52 326 214 10 327 209 10 328 213 10 329 213 53 330 209 53 331 202 53 332 213 10 333 202 10 334 194 10 335 200 10 336 192 10 337 212 10 338 212 54 339 192 54 340 184 54 341 212 55 342 184 55 343 176 55 344 142 10 345 134 10 346 103 10 347 103 56 348 134 56 349 126 56 350 103 10 351 126 10 352 104 10 353 104 57 354 126 57 355 118 57 356 104 58 357 118 58 358 114 58 359 176 10 360 168 10 361 212 10 362 212 10 363 168 10 364 158 10 365 212 10 366 158 10 367 103 10 368 103 59 369 158 59 370 150 59 371 103 60 372 150 60 373 142 60 374 104 61 375 159 61 376 213 61 377 213 10 378 159 10 379 169 10 380 213 10 381 169 10 382 177 10 383 200 10 384 212 10 385 208 10 386 208 10 387 212 10 388 213 10 389 208 10 390 213 10 391 201 10 392 114 62 393 119 62 394 104 62 395 104 63 396 119 63 397 127 63 398 104 64 399 127 64 400 135 64 401 135 10 402 143 10 403 104 10 404 104 65 405 143 65 406 151 65 407 104 66 408 151 66 409 159 66 410 177 10 411 185 10 412 213 10 413 213 67 414 185 67 415 193 67 416 213 10 417 193 10 418 201 10 419 109 10 420 108 10 421 113 10 422 113 10 423 108 10 424 112 10 425 162 68 426 158 69 427 172 70 428 172 71 429 158 72 430 168 73 431 172 74 432 168 75 433 180 76 434 180 77 435 168 78 436 176 79 437 180 80 438 176 81 439 188 82 440 188 83 441 176 84 442 184 85 443 188 86 444 184 87 445 196 88 446 196 89 447 184 90 448 192 91 449 196 92 450 192 93 451 204 94 452 204 95 453 192 96 454 200 97 455 204 98 456 200 99 457 210 100 458 210 101 459 200 102 460 208 103 461 210 104 462 208 105 463 205 106 464 205 107 465 208 108 466 201 109 467 205 110 468 201 111 469 197 112 470 197 113 471 201 114 472 193 115 473 197 116 474 193 117 475 189 118 476 189 119 477 193 120 478 185 121 479 189 122 480 185 123 481 181 124 482 181 125 483 185 126 484 177 127 485 181 128 486 177 129 487 173 130 488 173 131 489 177 132 490 169 133 491 173 134 492 169 135 493 164 136 494 164 137 495 169 138 496 159 139 497 164 140 498 159 141 499 155 142 500 155 143 501 159 144 502 151 145 503 155 146 504 151 147 505 147 148 506 147 149 507 151 150 508 143 151 509 147 152 510 143 153 511 139 154 512 139 155 513 143 156 514 135 157 515 139 158 516 135 159 517 131 160 518 131 161 519 135 162 520 127 163 521 131 164 522 127 165 523 123 166 524 123 167 525 127 168 526 119 169 527 123 170 528 119 171 529 116 172 530 116 173 531 119 174 532 114 175 533 116 176 534 114 177 535 122 178 536 122 179 537 114 180 538 118 181 539 122 182 540 118 183 541 130 184 542 130 185 543 118 186 544 126 187 545 130 188 546 126 189 547 138 190 548 138 191 549 126 192 550 134 193 551 138 194 552 134 195 553 146 196 554 146 197 555 134 198 556 142 199 557 146 200 558 142 201 559 154 202 560 154 203 561 142 204 562 150 205 563 154 206 564 150 207 565 162 208 566 162 209 567 150 210 568 158 211 569 146 212 570 154 212 571 163 212 572 163 10 573 154 10 574 162 10 575 163 10 576 162 10 577 172 10 578 122 10 579 130 10 580 163 10 581 163 10 582 130 10 583 138 10 584 163 213 585 138 213 586 146 213 587 131 10 588 123 10 589 163 10 590 163 214 591 123 214 592 116 214 593 163 215 594 116 215 595 122 215 596 155 216 597 147 216 598 163 216 599 163 217 600 147 217 601 139 217 602 163 10 603 139 10 604 131 10 605 181 10 606 173 10 607 163 10 608 163 10 609 173 10 610 164 10 611 163 10 612 164 10 613 155 10 614 205 10 615 197 10 616 163 10 617 163 218 618 197 218 619 189 218 620 163 219 621 189 219 622 181 219 623 196 10 624 204 10 625 163 10 626 163 220 627 204 220 628 210 220 629 163 221 630 210 221 631 205 221 632 172 10 633 180 10 634 163 10 635 163 222 636 180 222 637 188 222 638 163 223 639 188 223 640 196 223 641 56 224 642 51 225 643 65 226 644 65 227 645 51 228 646 61 229 647 65 230 648 61 231 649 73 232 650 73 233 651 61 234 652 69 235 653 73 236 654 69 237 655 81 238 656 81 239 657 69 240 658 77 241 659 81 242 660 77 243 661 89 244 662 89 245 663 77 246 664 85 247 665 89 248 666 85 249 667 97 250 668 97 251 669 85 252 670 93 253 671 97 254 672 93 255 673 102 256 674 102 257 675 93 258 676 100 259 677 102 260 678 100 261 679 98 262 680 98 263 681 100 264 682 94 265 683 98 266 684 94 267 685 90 268 686 90 269 687 94 270 688 86 271 689 90 272 690 86 273 691 82 274 692 82 275 693 86 276 694 78 277 695 82 278 696 78 279 697 74 280 698 74 281 699 78 282 700 70 283 701 74 284 702 70 285 703 66 286 704 66 287 705 70 288 706 62 289 707 66 290 708 62 291 709 58 292 710 58 293 711 62 294 712 52 295 713 58 296 714 52 297 715 48 298 716 48 299 717 52 300 718 44 301 719 48 302 720 44 303 721 40 304 722 40 305 723 44 306 724 36 307 725 40 308 726 36 309 727 32 310 728 32 311 729 36 312 730 28 313 731 32 314 732 28 315 733 24 316 734 24 317 735 28 318 736 20 319 737 24 320 738 20 321 739 16 322 740 16 323 741 20 324 742 12 325 743 16 326 744 12 327 745 8 328 746 8 329 747 12 330 748 6 331 749 8 332 750 6 333 751 15 334 752 15 335 753 6 336 754 11 337 755 15 338 756 11 339 757 23 340 758 23 341 759 11 342 760 19 343 761 23 344 762 19 345 763 31 346 764 31 347 765 19 348 766 27 349 767 31 350 768 27 351 769 39 352 770 39 353 771 27 354 772 35 355 773 39 356 774 35 357 775 47 358 776 47 359 777 35 360 778 43 361 779 47 362 780 43 363 781 56 364 782 56 365 783 43 366 784 51 367 785 39 10 786 47 10 787 57 10 788 57 10 789 47 10 790 56 10 791 57 10 792 56 10 793 65 10 794 15 368 795 23 368 796 57 368 797 57 369 798 23 369 799 31 369 800 57 10 801 31 10 802 39 10 803 24 370 804 16 370 805 57 370 806 57 371 807 16 371 808 8 371 809 57 372 810 8 372 811 15 372 812 48 10 813 40 10 814 57 10 815 57 10 816 40 10 817 32 10 818 57 373 819 32 373 820 24 373 821 74 10 822 66 10 823 57 10 824 57 10 825 66 10 826 58 10 827 57 10 828 58 10 829 48 10 830 98 10 831 90 10 832 57 10 833 57 218 834 90 218 835 82 218 836 57 219 837 82 219 838 74 219 839 89 10 840 97 10 841 57 10 842 57 220 843 97 220 844 102 220 845 57 374 846 102 374 847 98 374 848 65 10 849 73 10 850 57 10 851 57 375 852 73 375 853 81 375 854 57 376 855 81 376 856 89 376 857 165 377 858 160 378 859 174 379 860 174 380 861 160 381 862 170 382 863 174 383 864 170 384 865 182 385 866 182 386 867 170 387 868 178 388 869 182 80 870 178 81 871 190 82 872 190 389 873 178 390 874 186 391 875 190 242 876 186 243 877 198 244 878 198 245 879 186 246 880 194 247 881 198 248 882 194 249 883 206 250 884 206 251 885 194 252 886 202 253 887 206 254 888 202 255 889 211 256 890 211 257 891 202 258 892 209 259 893 211 260 894 209 261 895 207 262 896 207 263 897 209 264 898 203 265 899 207 266 900 203 267 901 199 268 902 199 269 903 203 270 904 195 271 905 199 272 906 195 273 907 191 274 908 191 275 909 195 276 910 187 277 911 191 392 912 187 393 913 183 394 914 183 395 915 187 396 916 179 397 917 183 398 918 179 399 919 175 400 920 175 401 921 179 402 922 171 403 923 175 404 924 171 405 925 167 406 926 167 407 927 171 408 928 161 409 929 167 410 930 161 411 931 157 412 932 157 413 933 161 414 934 153 415 935 157 416 936 153 417 937 149 418 938 149 419 939 153 420 940 145 421 941 149 422 942 145 423 943 141 424 944 141 425 945 145 426 946 137 427 947 141 428 948 137 429 949 133 430 950 133 431 951 137 432 952 129 433 953 133 434 954 129 435 955 125 436 956 125 437 957 129 438 958 121 439 959 125 440 960 121 441 961 117 442 962 117 443 963 121 444 964 115 445 965 117 446 966 115 447 967 124 448 968 124 449 969 115 450 970 120 451 971 124 452 972 120 453 973 132 454 974 132 455 975 120 456 976 128 457 977 132 458 978 128 459 979 140 460 980 140 461 981 128 462 982 136 463 983 140 464 984 136 465 985 148 466 986 148 197 987 136 198 988 144 199 989 148 467 990 144 468 991 156 469 992 156 470 993 144 471 994 152 472 995 156 473 996 152 474 997 165 475 998 165 476 999 152 477 1000 160 478 1001 148 212 1002 156 212 1003 166 212 1004 166 10 1005 156 10 1006 165 10 1007 166 10 1008 165 10 1009 174 10 1010 124 10 1011 132 10 1012 166 10 1013 166 10 1014 132 10 1015 140 10 1016 166 213 1017 140 213 1018 148 213 1019 133 10 1020 125 10 1021 166 10 1022 166 479 1023 125 479 1024 117 479 1025 166 215 1026 117 215 1027 124 215 1028 157 216 1029 149 216 1030 166 216 1031 166 480 1032 149 480 1033 141 480 1034 166 10 1035 141 10 1036 133 10 1037 183 10 1038 175 10 1039 166 10 1040 166 10 1041 175 10 1042 167 10 1043 166 10 1044 167 10 1045 157 10 1046 207 10 1047 199 10 1048 166 10 1049 166 481 1050 199 481 1051 191 481 1052 166 482 1053 191 482 1054 183 482 1055 198 10 1056 206 10 1057 166 10 1058 166 220 1059 206 220 1060 211 220 1061 166 221 1062 211 221 1063 207 221 1064 174 10 1065 182 10 1066 166 10 1067 166 222 1068 182 222 1069 190 222 1070 166 223 1071 190 223 1072 198 223 1073 53 483 1074 49 484 1075 63 485 1076 63 486 1077 49 487 1078 59 488 1079 63 489 1080 59 490 1081 71 491 1082 71 492 1083 59 493 1084 67 494 1085 71 236 1086 67 237 1087 79 238 1088 79 495 1089 67 496 1090 75 497 1091 79 86 1092 75 87 1093 87 88 1094 87 89 1095 75 90 1096 83 91 1097 87 92 1098 83 93 1099 95 94 1100 95 95 1101 83 96 1102 91 97 1103 95 98 1104 91 99 1105 101 100 1106 101 101 1107 91 102 1108 99 103 1109 101 104 1110 99 105 1111 96 106 1112 96 107 1113 99 108 1114 92 109 1115 96 110 1116 92 111 1117 88 112 1118 88 113 1119 92 114 1120 84 115 1121 88 116 1122 84 117 1123 80 118 1124 80 119 1125 84 120 1126 76 121 1127 80 498 1128 76 499 1129 72 500 1130 72 501 1131 76 502 1132 68 503 1133 72 504 1134 68 505 1135 64 506 1136 64 507 1137 68 508 1138 60 509 1139 64 510 1140 60 511 1141 55 512 1142 55 513 1143 60 514 1144 50 515 1145 55 516 1146 50 517 1147 46 518 1148 46 519 1149 50 520 1150 42 521 1151 46 522 1152 42 523 1153 38 524 1154 38 525 1155 42 526 1156 34 527 1157 38 528 1158 34 529 1159 30 530 1160 30 531 1161 34 532 1162 26 533 1163 30 534 1164 26 535 1165 22 536 1166 22 537 1167 26 538 1168 18 539 1169 22 540 1170 18 541 1171 14 542 1172 14 543 1173 18 544 1174 10 545 1175 14 546 1176 10 547 1177 7 548 1178 7 549 1179 10 550 1180 5 551 1181 7 552 1182 5 553 1183 13 554 1184 13 555 1185 5 556 1186 9 557 1187 13 558 1188 9 559 1189 21 560 1190 21 561 1191 9 562 1192 17 563 1193 21 564 1194 17 565 1195 29 566 1196 29 567 1197 17 568 1198 25 569 1199 29 570 1200 25 571 1201 37 572 1202 37 353 1203 25 354 1204 33 355 1205 37 573 1206 33 574 1207 45 575 1208 45 576 1209 33 577 1210 41 578 1211 45 579 1212 41 580 1213 53 581 1214 53 582 1215 41 583 1216 49 584 1217 37 10 1218 45 10 1219 54 10 1220 54 10 1221 45 10 1222 53 10 1223 54 10 1224 53 10 1225 63 10 1226 13 585 1227 21 585 1228 54 585 1229 54 586 1230 21 586 1231 29 586 1232 54 10 1233 29 10 1234 37 10 1235 22 587 1236 14 587 1237 54 587 1238 54 588 1239 14 588 1240 7 588 1241 54 372 1242 7 372 1243 13 372 1244 46 10 1245 38 10 1246 54 10 1247 54 10 1248 38 10 1249 30 10 1250 54 589 1251 30 589 1252 22 589 1253 72 10 1254 64 10 1255 54 10 1256 54 10 1257 64 10 1258 55 10 1259 54 10 1260 55 10 1261 46 10 1262 96 10 1263 88 10 1264 54 10 1265 54 590 1266 88 590 1267 80 590 1268 54 591 1269 80 591 1270 72 591 1271 87 10 1272 95 10 1273 54 10 1274 54 220 1275 95 220 1276 101 220 1277 54 592 1278 101 592 1279 96 592 1280 63 10 1281 71 10 1282 54 10 1283 54 593 1284 71 593 1285 79 593 1286 54 594 1287 79 594 1288 87 594 1289</p>
        </triangles>
        <triangles material="Shape_001-material" count="412">
          <input semantic="VERTEX" source="#Shape_IndexedFaceSet_001-mesh-vertices" offset="0"/>
          <input semantic="NORMAL" source="#Shape_IndexedFaceSet_001-mesh-normals" offset="1"/>
          <input semantic="TEXCOORD" source="#Shape_IndexedFaceSet_001-mesh-map-0" offset="2" set="0"/>
          <p>217 3 1290 218 3 1291 219 3 1292 219 3 1293 218 3 1294 220 3 1295 413 2 1296 217 2 1297 415 2 1298 415 2 1299 217 2 1300 219 2 1301 414 1 1302 413 1 1303 416 1 1304 416 1 1305 413 1 1306 415 1 1307 218 4 1308 414 4 1309 220 4 1310 220 4 1311 414 4 1312 416 4 1313 403 10 1314 395 10 1315 317 10 1316 317 595 1317 395 595 1318 387 595 1319 317 596 1320 387 596 1321 379 596 1322 337 10 1323 329 10 1324 217 10 1325 378 10 1326 386 10 1327 414 10 1328 379 10 1329 371 10 1330 317 10 1331 317 597 1332 371 597 1333 363 597 1334 317 598 1335 363 598 1336 355 598 1337 337 10 1338 217 10 1339 345 10 1340 297 599 1341 289 599 1342 329 599 1343 386 600 1344 394 600 1345 414 600 1346 414 601 1347 394 601 1348 402 601 1349 414 10 1350 402 10 1351 413 10 1352 413 602 1353 402 602 1354 409 602 1355 413 603 1356 409 603 1357 401 603 1358 259 10 1359 251 10 1360 217 10 1361 217 10 1362 251 10 1363 243 10 1364 257 10 1365 249 10 1366 217 10 1367 217 10 1368 249 10 1369 241 10 1370 217 10 1371 241 10 1372 233 10 1373 377 10 1374 369 10 1375 413 10 1376 413 604 1377 369 604 1378 361 604 1379 413 605 1380 361 605 1381 217 605 1382 217 606 1383 361 606 1384 353 606 1385 217 607 1386 353 607 1387 345 607 1388 355 10 1389 347 10 1390 317 10 1391 317 10 1392 347 10 1393 313 10 1394 317 10 1395 313 10 1396 321 10 1397 414 608 1398 322 608 1399 330 608 1400 330 10 1401 338 10 1402 414 10 1403 414 10 1404 338 10 1405 346 10 1406 414 609 1407 346 609 1408 354 609 1409 401 610 1410 393 610 1411 413 610 1412 413 611 1413 393 611 1414 385 611 1415 413 10 1416 385 10 1417 377 10 1418 289 612 1419 281 612 1420 329 612 1421 329 613 1422 281 613 1423 273 613 1424 329 614 1425 273 614 1426 217 614 1427 217 615 1428 273 615 1429 265 615 1430 217 10 1431 265 10 1432 257 10 1433 354 10 1434 362 10 1435 414 10 1436 414 616 1437 362 616 1438 370 616 1439 414 617 1440 370 617 1441 378 617 1442 267 618 1443 259 618 1444 221 618 1445 221 10 1446 259 10 1447 217 10 1448 221 10 1449 217 10 1450 225 10 1451 225 10 1452 217 10 1453 233 10 1454 228 10 1455 236 10 1456 218 10 1457 332 10 1458 340 10 1459 218 10 1460 414 619 1461 372 619 1462 380 619 1463 404 10 1464 410 10 1465 414 10 1466 414 620 1467 410 620 1468 403 620 1469 414 621 1470 403 621 1471 322 621 1472 322 10 1473 403 10 1474 317 10 1475 321 10 1476 313 10 1477 329 10 1478 329 622 1479 313 622 1480 305 622 1481 329 623 1482 305 623 1483 297 623 1484 307 624 1485 331 624 1486 314 624 1487 314 625 1488 331 625 1489 308 625 1490 291 626 1491 283 626 1492 221 626 1493 221 627 1494 283 627 1495 275 627 1496 221 628 1497 275 628 1498 267 628 1499 243 10 1500 235 10 1501 217 10 1502 217 629 1503 235 629 1504 227 629 1505 217 10 1506 227 10 1507 218 10 1508 218 630 1509 227 630 1510 222 630 1511 218 631 1512 222 631 1513 228 631 1514 340 10 1515 348 10 1516 218 10 1517 218 632 1518 348 632 1519 356 632 1520 218 633 1521 356 633 1522 414 633 1523 414 634 1524 356 634 1525 364 634 1526 414 635 1527 364 635 1528 372 635 1529 380 10 1530 388 10 1531 414 10 1532 414 636 1533 388 636 1534 396 636 1535 414 637 1536 396 637 1537 404 637 1538 300 10 1539 318 10 1540 292 10 1541 292 10 1542 318 10 1543 284 10 1544 308 10 1545 331 10 1546 300 10 1547 300 638 1548 331 638 1549 323 638 1550 300 639 1551 323 639 1552 318 639 1553 218 10 1554 260 10 1555 268 10 1556 291 10 1557 221 10 1558 299 10 1559 299 640 1560 221 640 1561 226 640 1562 299 10 1563 226 10 1564 307 10 1565 307 641 1566 226 641 1567 234 641 1568 307 10 1569 234 10 1570 242 10 1571 242 10 1572 250 10 1573 307 10 1574 307 642 1575 250 642 1576 258 642 1577 307 643 1578 258 643 1579 266 643 1580 347 644 1581 339 644 1582 313 644 1583 313 645 1584 339 645 1585 331 645 1586 313 646 1587 331 646 1588 306 646 1589 306 10 1590 331 10 1591 298 10 1592 236 10 1593 244 10 1594 218 10 1595 218 10 1596 244 10 1597 252 10 1598 218 647 1599 252 647 1600 260 647 1601 332 648 1602 218 648 1603 324 648 1604 324 649 1605 218 649 1606 268 649 1607 324 650 1608 268 650 1609 318 650 1610 318 651 1611 268 651 1612 276 651 1613 318 652 1614 276 652 1615 284 652 1616 266 10 1617 274 10 1618 307 10 1619 307 653 1620 274 653 1621 282 653 1622 307 10 1623 282 10 1624 331 10 1625 331 654 1626 282 654 1627 290 654 1628 331 655 1629 290 655 1630 298 655 1631 327 0 1632 335 0 1633 311 0 1634 358 0 1635 350 0 1636 359 0 1637 255 656 1638 326 656 1639 319 656 1640 415 0 1641 412 0 1642 416 0 1643 416 657 1644 412 657 1645 408 657 1646 416 0 1647 408 0 1648 400 0 1649 315 658 1650 239 658 1651 247 658 1652 400 0 1653 392 0 1654 416 0 1655 416 659 1656 392 659 1657 384 659 1658 416 0 1659 384 0 1660 376 0 1661 326 660 1662 255 660 1663 334 660 1664 406 661 1665 398 661 1666 383 661 1667 220 0 1668 416 0 1669 272 0 1670 272 662 1671 416 662 1672 280 662 1673 335 0 1674 343 0 1675 350 0 1676 350 0 1677 343 0 1678 351 0 1679 350 0 1680 351 0 1681 359 0 1682 285 0 1683 293 0 1684 333 0 1685 219 663 1686 333 663 1687 341 663 1688 391 0 1689 399 0 1690 415 0 1691 415 0 1692 399 0 1693 407 0 1694 415 664 1695 407 664 1696 412 664 1697 315 0 1698 310 0 1699 239 0 1700 239 665 1701 310 665 1702 302 665 1703 239 666 1704 302 666 1705 294 666 1706 336 667 1707 328 667 1708 304 667 1709 336 0 1710 304 0 1711 344 0 1712 304 0 1713 296 0 1714 416 0 1715 416 668 1716 296 668 1717 288 668 1718 416 669 1719 288 669 1720 280 669 1721 334 670 1722 255 670 1723 342 670 1724 342 671 1725 255 671 1726 263 671 1727 342 672 1728 263 672 1729 350 672 1730 350 673 1731 263 673 1732 271 673 1733 350 0 1734 271 0 1735 335 0 1736 335 674 1737 271 674 1738 279 674 1739 335 675 1740 279 675 1741 287 675 1742 411 0 1743 406 0 1744 415 0 1745 415 0 1746 406 0 1747 383 0 1748 415 676 1749 383 676 1750 391 676 1751 376 0 1752 368 0 1753 416 0 1754 416 677 1755 368 677 1756 360 677 1757 416 678 1758 360 678 1759 304 678 1760 304 679 1761 360 679 1762 352 679 1763 304 680 1764 352 680 1765 344 680 1766 327 681 1767 311 681 1768 320 681 1769 320 682 1770 311 682 1771 316 682 1772 320 0 1773 316 0 1774 328 0 1775 328 683 1776 316 683 1777 312 683 1778 328 684 1779 312 684 1780 304 684 1781 287 0 1782 295 0 1783 335 0 1784 335 685 1785 295 685 1786 303 685 1787 335 686 1788 303 686 1789 311 686 1790 272 0 1791 264 0 1792 220 0 1793 220 687 1794 264 687 1795 256 687 1796 220 688 1797 256 688 1798 248 688 1799 247 689 1800 255 689 1801 315 689 1802 315 0 1803 255 0 1804 319 0 1805 315 690 1806 319 690 1807 309 690 1808 309 0 1809 319 0 1810 301 0 1811 341 691 1812 349 691 1813 219 691 1814 219 692 1815 349 692 1816 357 692 1817 219 693 1818 357 693 1819 415 693 1820 415 694 1821 357 694 1822 365 694 1823 398 0 1824 390 0 1825 383 0 1826 383 0 1827 390 0 1828 382 0 1829 383 0 1830 382 0 1831 374 0 1832 237 0 1833 245 0 1834 219 0 1835 285 695 1836 333 695 1837 277 695 1838 277 696 1839 333 696 1840 219 696 1841 277 0 1842 219 0 1843 269 0 1844 301 0 1845 319 0 1846 293 0 1847 293 697 1848 319 697 1849 325 697 1850 293 698 1851 325 698 1852 333 698 1853 365 0 1854 373 0 1855 415 0 1856 415 0 1857 373 0 1858 381 0 1859 415 699 1860 381 699 1861 389 699 1862 358 0 1863 359 0 1864 366 0 1865 366 0 1866 359 0 1867 367 0 1868 366 0 1869 367 0 1870 374 0 1871 374 0 1872 367 0 1873 375 0 1874 374 0 1875 375 0 1876 383 0 1877 389 0 1878 397 0 1879 415 0 1880 415 0 1881 397 0 1882 405 0 1883 415 700 1884 405 700 1885 411 700 1886 237 0 1887 219 0 1888 229 0 1889 245 0 1890 253 0 1891 219 0 1892 219 701 1893 253 701 1894 261 701 1895 219 0 1896 261 0 1897 269 0 1898 246 0 1899 238 0 1900 220 0 1901 220 0 1902 238 0 1903 230 0 1904 220 0 1905 230 0 1906 219 0 1907 219 0 1908 230 0 1909 223 0 1910 219 0 1911 223 0 1912 229 0 1913 248 0 1914 240 0 1915 220 0 1916 220 0 1917 240 0 1918 232 0 1919 220 0 1920 232 0 1921 224 0 1922 294 0 1923 286 0 1924 239 0 1925 239 702 1926 286 702 1927 278 702 1928 239 0 1929 278 0 1930 231 0 1931 231 703 1932 278 703 1933 270 703 1934 231 0 1935 270 0 1936 224 0 1937 224 704 1938 270 704 1939 262 704 1940 224 0 1941 262 0 1942 220 0 1943 220 705 1944 262 705 1945 254 705 1946 220 706 1947 254 706 1948 246 706 1949 368 707 1950 364 708 1951 360 709 1952 360 710 1953 364 711 1954 356 712 1955 360 713 1956 356 714 1957 352 715 1958 352 716 1959 356 717 1960 348 718 1961 352 719 1962 348 720 1963 344 721 1964 344 722 1965 348 723 1966 340 724 1967 344 725 1968 340 726 1969 336 727 1970 336 728 1971 340 729 1972 332 730 1973 336 731 1974 332 732 1975 328 733 1976 328 734 1977 332 735 1978 324 736 1979 328 737 1980 324 738 1981 320 739 1982 320 740 1983 324 741 1984 318 742 1985 320 743 1986 318 744 1987 327 745 1988 327 746 1989 318 747 1990 323 748 1991 327 749 1992 323 750 1993 335 751 1994 335 752 1995 323 753 1996 331 754 1997 335 755 1998 331 756 1999 343 757 2000 343 758 2001 331 759 2002 339 760 2003 343 761 2004 339 762 2005 351 763 2006 351 764 2007 339 765 2008 347 766 2009 351 767 2010 347 768 2011 359 769 2012 359 770 2013 347 771 2014 355 772 2015 359 773 2016 355 774 2017 367 775 2018 367 776 2019 355 777 2020 363 778 2021 367 779 2022 363 780 2023 375 781 2024 375 782 2025 363 783 2026 371 784 2027 375 785 2028 371 786 2029 383 787 2030 383 788 2031 371 789 2032 379 790 2033 383 791 2034 379 792 2035 391 793 2036 391 794 2037 379 795 2038 387 796 2039 391 797 2040 387 798 2041 399 799 2042 399 800 2043 387 801 2044 395 802 2045 399 803 2046 395 804 2047 407 805 2048 407 806 2049 395 807 2050 403 808 2051 407 809 2052 403 810 2053 412 811 2054 412 812 2055 403 813 2056 410 814 2057 412 815 2058 410 816 2059 408 817 2060 408 818 2061 410 819 2062 404 820 2063 408 821 2064 404 822 2065 400 823 2066 400 824 2067 404 825 2068 396 826 2069 400 827 2070 396 828 2071 392 829 2072 392 830 2073 396 831 2074 388 832 2075 392 833 2076 388 834 2077 384 835 2078 384 836 2079 388 837 2080 380 838 2081 384 839 2082 380 840 2083 376 841 2084 376 842 2085 380 843 2086 372 844 2087 376 845 2088 372 846 2089 368 847 2090 368 848 2091 372 849 2092 364 850 2093 366 851 2094 362 852 2095 358 853 2096 358 854 2097 362 855 2098 354 856 2099 358 857 2100 354 858 2101 350 859 2102 350 860 2103 354 861 2104 346 862 2105 350 863 2106 346 864 2107 342 865 2108 342 866 2109 346 867 2110 338 868 2111 342 869 2112 338 870 2113 334 871 2114 334 872 2115 338 873 2116 330 874 2117 334 875 2118 330 876 2119 326 877 2120 326 878 2121 330 879 2122 322 880 2123 326 881 2124 322 882 2125 319 883 2126 319 884 2127 322 885 2128 317 886 2129 319 887 2130 317 888 2131 325 889 2132 325 890 2133 317 891 2134 321 892 2135 325 893 2136 321 894 2137 333 895 2138 333 896 2139 321 897 2140 329 898 2141 333 899 2142 329 900 2143 341 901 2144 341 902 2145 329 903 2146 337 904 2147 341 905 2148 337 906 2149 349 907 2150 349 908 2151 337 909 2152 345 910 2153 349 911 2154 345 912 2155 357 913 2156 357 914 2157 345 915 2158 353 916 2159 357 917 2160 353 918 2161 365 919 2162 365 920 2163 353 921 2164 361 922 2165 365 923 2166 361 924 2167 373 925 2168 373 926 2169 361 927 2170 369 928 2171 373 929 2172 369 930 2173 381 931 2174 381 932 2175 369 933 2176 377 934 2177 381 935 2178 377 936 2179 389 937 2180 389 938 2181 377 939 2182 385 940 2183 389 941 2184 385 942 2185 397 943 2186 397 944 2187 385 945 2188 393 946 2189 397 947 2190 393 948 2191 405 949 2192 405 950 2193 393 951 2194 401 952 2195 405 953 2196 401 954 2197 411 955 2198 411 956 2199 401 102 2200 409 957 2201 411 958 2202 409 959 2203 406 960 2204 406 961 2205 409 962 2206 402 963 2207 406 964 2208 402 965 2209 398 966 2210 398 967 2211 402 968 2212 394 969 2213 398 970 2214 394 971 2215 390 972 2216 390 973 2217 394 974 2218 386 975 2219 390 976 2220 386 977 2221 382 978 2222 382 979 2223 386 980 2224 378 981 2225 382 982 2226 378 983 2227 374 984 2228 374 985 2229 378 986 2230 370 987 2231 374 988 2232 370 989 2233 366 990 2234 366 991 2235 370 992 2236 362 993 2237 270 994 2238 266 995 2239 262 996 2240 262 997 2241 266 998 2242 258 999 2243 262 1000 2244 258 1001 2245 254 1002 2246 254 1003 2247 258 1004 2248 250 1005 2249 254 1006 2250 250 1007 2251 246 1008 2252 246 1009 2253 250 1010 2254 242 1011 2255 246 1012 2256 242 1013 2257 238 1014 2258 238 1015 2259 242 1016 2260 234 1017 2261 238 1018 2262 234 1019 2263 230 1020 2264 230 1021 2265 234 1022 2266 226 1023 2267 230 1024 2268 226 1025 2269 223 1026 2270 223 1027 2271 226 1028 2272 221 1029 2273 223 1030 2274 221 1031 2275 229 554 2276 229 1032 2277 221 1033 2278 225 1034 2279 229 1035 2280 225 1036 2281 237 1037 2282 237 1038 2283 225 1039 2284 233 1040 2285 237 1041 2286 233 1042 2287 245 1043 2288 245 1044 2289 233 1045 2290 241 1046 2291 245 1047 2292 241 1048 2293 253 1049 2294 253 1050 2295 241 1051 2296 249 1052 2297 253 1053 2298 249 1054 2299 261 1055 2300 261 1056 2301 249 1057 2302 257 1058 2303 261 1059 2304 257 1060 2305 269 1061 2306 269 1062 2307 257 1063 2308 265 1064 2309 269 1065 2310 265 1066 2311 277 1067 2312 277 1068 2313 265 1069 2314 273 1070 2315 277 1071 2316 273 1072 2317 285 1073 2318 285 1074 2319 273 1075 2320 281 1076 2321 285 1077 2322 281 1078 2323 293 1079 2324 293 1080 2325 281 1081 2326 289 1082 2327 293 941 2328 289 942 2329 301 943 2330 301 944 2331 289 945 2332 297 946 2333 301 947 2334 297 948 2335 309 949 2336 309 950 2337 297 951 2338 305 952 2339 309 953 2340 305 954 2341 315 955 2342 315 956 2343 305 102 2344 313 957 2345 315 958 2346 313 959 2347 310 960 2348 310 961 2349 313 962 2350 306 963 2351 310 964 2352 306 965 2353 302 966 2354 302 967 2355 306 968 2356 298 969 2357 302 970 2358 298 971 2359 294 972 2360 294 973 2361 298 974 2362 290 975 2363 294 1083 2364 290 1084 2365 286 1085 2366 286 1086 2367 290 1087 2368 282 1088 2369 286 1089 2370 282 1090 2371 278 1091 2372 278 1092 2373 282 1093 2374 274 1094 2375 278 1095 2376 274 1096 2377 270 1097 2378 270 1098 2379 274 1099 2380 266 1100 2381 272 1101 2382 268 1102 2383 264 1103 2384 264 1104 2385 268 1105 2386 260 1106 2387 264 1107 2388 260 1108 2389 256 1109 2390 256 1110 2391 260 1111 2392 252 1112 2393 256 1113 2394 252 1114 2395 248 1115 2396 248 1116 2397 252 1117 2398 244 1118 2399 248 1119 2400 244 1120 2401 240 1121 2402 240 1122 2403 244 1123 2404 236 1124 2405 240 1125 2406 236 1126 2407 232 1127 2408 232 1128 2409 236 1129 2410 228 1130 2411 232 1131 2412 228 1132 2413 224 1133 2414 224 1134 2415 228 1135 2416 222 1136 2417 224 1137 2418 222 1138 2419 231 1139 2420 231 1140 2421 222 1141 2422 227 1142 2423 231 1143 2424 227 1144 2425 239 1145 2426 239 1146 2427 227 1147 2428 235 1148 2429 239 1149 2430 235 1150 2431 247 1151 2432 247 1152 2433 235 1153 2434 243 1154 2435 247 1155 2436 243 1156 2437 255 1157 2438 255 1158 2439 243 1159 2440 251 1160 2441 255 1161 2442 251 1162 2443 263 1163 2444 263 1164 2445 251 1165 2446 259 1166 2447 263 1167 2448 259 1168 2449 271 1169 2450 271 1170 2451 259 1171 2452 267 1172 2453 271 1173 2454 267 1174 2455 279 1175 2456 279 1176 2457 267 1177 2458 275 1178 2459 279 1179 2460 275 1180 2461 287 1181 2462 287 1182 2463 275 1183 2464 283 1184 2465 287 1185 2466 283 1186 2467 295 1187 2468 295 1188 2469 283 1189 2470 291 1190 2471 295 797 2472 291 798 2473 303 799 2474 303 800 2475 291 801 2476 299 802 2477 303 803 2478 299 804 2479 311 805 2480 311 806 2481 299 807 2482 307 808 2483 311 809 2484 307 810 2485 316 811 2486 316 812 2487 307 813 2488 314 814 2489 316 815 2490 314 816 2491 312 817 2492 312 818 2493 314 819 2494 308 820 2495 312 821 2496 308 822 2497 304 823 2498 304 824 2499 308 825 2500 300 826 2501 304 827 2502 300 828 2503 296 829 2504 296 830 2505 300 831 2506 292 832 2507 296 1191 2508 292 1192 2509 288 1193 2510 288 1194 2511 292 1195 2512 284 1196 2513 288 1197 2514 284 1198 2515 280 1199 2516 280 1200 2517 284 1201 2518 276 1202 2519 280 1203 2520 276 1204 2521 272 1205 2522 272 1206 2523 276 1207 2524 268 1208 2525</p>
        </triangles>
      </mesh>
    </geometry>
  </library_geometries>
  <library_visual_scenes>
    <visual_scene id="Scene" name="Scene">
      <node id="Shape_IndexedFaceSet_001" name="Shape_IndexedFaceSet.001" type="NODE">
        <matrix sid="transform">1 0 0 -0.0203 0 -4.37114e-8 -1 0.02612 0 1 -4.37114e-8 0.00347 0 0 0 1</matrix>
        <instance_geometry url="#Shape_IndexedFaceSet_001-mesh" name="Shape_IndexedFaceSet.001">
          <bind_material>
            <technique_common>
              <instance_material symbol="Shape_001-material" target="#Shape_001-material">
                <bind_vertex_input semantic="UVMap" input_semantic="TEXCOORD" input_set="0"/>
              </instance_material>
              <instance_material symbol="Shape_001-material" target="#Shape_001-material">
                <bind_vertex_input semantic="UVMap" input_semantic="TEXCOORD" input_set="0"/>
              </instance_material>
            </technique_common>
          </bind_material>
        </instance_geometry>
      </node>
      <node id="Camera" name="Camera" type="NODE">
        <matrix sid="transform">0.6859207 -0.3240135 0.6515582 7.358891 0.7276763 0.3054208 -0.6141704 -6.925791 0 0.8953956 0.4452714 4.958309 0 0 0 1</matrix>
        <instance_camera url="#Camera-camera"/>
      </node>
      <node id="Light" name="Light" type="NODE">
        <matrix sid="transform">-0.2908646 -0.7711008 0.5663932 4.076245 0.9551712 -0.1998834 0.2183912 1.005454 -0.05518906 0.6045247 0.7946723 5.903862 0 0 0 1</matrix>
        <instance_light url="#Light-light"/>
      </node>
    </visual_scene>
  </library_visual_scenes>
  <scene>
    <instance_visual_scene url="#Scene"/>
  </scene>
</COLLADA>