<?xml version="1.0" encoding="utf-8"?>
<COLLADA xmlns="http://www.collada.org/2005/11/COLLADASchema" version="1.4.1" xmlns:xsi="http://www.w3.org/2001/XMLSchema-instance">
  <asset>
    <contributor>
      <author>Blender User</author>
      <authoring_tool>Blender 4.4.0 commit date:2025-03-17, commit time:17:00, hash:05377985c527</authoring_tool>
    </contributor>
    <created>2025-12-20T21:52:07</created>
    <modified>2025-12-20T21:52:07</modified>
    <unit name="meter" meter="1"/>
    <up_axis>Z_UP</up_axis>
  </asset>
  <library_cameras>
    <camera id="Camera-camera" name="Camera">
      <optics>
        <technique_common>
          <perspective>
            <xfov sid="xfov">39.59775</xfov>
            <aspect_ratio>1.777778</aspect_ratio>
            <znear sid="znear">0.1</znear>
            <zfar sid="zfar">100</zfar>
          </perspective>
        </technique_common>
      </optics>
      <extra>
        <technique profile="blender">
          <shiftx sid="shiftx" type="float">0</shiftx>
          <shifty sid="shifty" type="float">0</shifty>
          <dof_distance sid="dof_distance" type="float">10</dof_distance>
        </technique>
      </extra>
    </camera>
  </library_cameras>
  <library_lights>
    <light id="Light-light" name="Light">
      <technique_common>
        <point>
          <color sid="color">1000 1000 1000</color>
          <constant_attenuation>1</constant_attenuation>
          <linear_attenuation>0</linear_attenuation>
          <quadratic_attenuation>0</quadratic_attenuation>
        </point>
      </technique_common>
      <extra>
        <technique profile="blender">
          <type sid="type" type="int">0</type>
          <flag sid="flag" type="int">0</flag>
          <mode sid="mode" type="int">2097153</mode>
          <red sid="red" type="float">1</red>
          <green sid="green" type="float">1</green>
          <blue sid="blue" type="float">1</blue>
          <energy sid="blender_energy" type="float">1000</energy>
          <spotsize sid="spotsize" type="float">75</spotsize>
          <spotblend sid="spotblend" type="float">0.15</spotblend>
          <clipsta sid="clipsta" type="float">0.04999995</clipsta>
          <clipend sid="clipend" type="float">40</clipend>
          <radius sid="radius" type="float">0.1</radius>
          <area_shape sid="area_shape" type="int">1</area_shape>
          <area_size sid="area_size" type="float">0.1</area_size>
          <area_sizey sid="area_sizey" type="float">0.1</area_sizey>
          <area_sizez sid="area_sizez" type="float">1</area_sizez>
        </technique>
      </extra>
    </light>
  </library_lights>
  <library_effects>
    <effect id="Shape-effect">
      <profile_COMMON>
        <technique sid="common">
          <lambert>
            <emission>
              <color sid="emission">0 0 0 1</color>
            </emission>
            <diffuse>
              <color sid="diffuse">0.450196 0.43098 0.42 1</color>
            </diffuse>
            <index_of_refraction>
              <float sid="ior">1.5</float>
            </index_of_refraction>
          </lambert>
        </technique>
      </profile_COMMON>
    </effect>
    <effect id="Shape_001-effect">
      <profile_COMMON>
        <technique sid="common">
          <lambert>
            <emission>
              <color sid="emission">0 0 0 1</color>
            </emission>
            <diffuse>
              <color sid="diffuse">0.450196 0.43098 0.42 1</color>
            </diffuse>
            <index_of_refraction>
              <float sid="ior">1.5</float>
            </index_of_refraction>
          </lambert>
        </technique>
      </profile_COMMON>
    </effect>
    <effect id="Shape_002-effect">
      <profile_COMMON>
        <technique sid="common">
          <lambert>
            <emission>
              <color sid="emission">0 0 0 1</color>
            </emission>
            <diffuse>
              <color sid="diffuse">0.450196 0.43098 0.42 1</color>
            </diffuse>
            <index_of_refraction>
              <float sid="ior">1.5</float>
            </index_of_refraction>
          </lambert>
        </technique>
      </profile_COMMON>
    </effect>
    <effect id="Shape_003-effect">
      <profile_COMMON>
        <technique sid="common">
          <lambert>
            <emission>
              <color sid="emission">0 0 0 1</color>
            </emission>
            <diffuse>
              <color sid="diffuse">0.450196 0.43098 0.42 1</color>
            </diffuse>
            <index_of_refraction>
              <float sid="ior">1.5</float>
            </index_of_refraction>
          </lambert>
        </technique>
      </profile_COMMON>
    </effect>
    <effect id="Shape_004-effect">
      <profile_COMMON>
        <technique sid="common">
          <lambert>
            <emission>
              <color sid="emission">0 0 0 1</color>
            </emission>
            <diffuse>
              <color sid="diffuse">0.792157 0.819608 0.933333 1</color>
            </diffuse>
            <index_of_refraction>
              <float sid="ior">1.5</float>
            </index_of_refraction>
          </lambert>
        </technique>
      </profile_COMMON>
    </effect>
    <effect id="Shape_005-effect">
      <profile_COMMON>
        <technique sid="common">
          <lambert>
            <emission>
              <color sid="emission">0 0 0 1</color>
            </emission>
            <diffuse>
              <color sid="diffuse">0.450196 0.43098 0.42 1</color>
            </diffuse>
            <index_of_refraction>
              <float sid="ior">1.5</float>
            </index_of_refraction>
          </lambert>
        </technique>
      </profile_COMMON>
    </effect>
    <effect id="Shape_006-effect">
      <profile_COMMON>
        <technique sid="common">
          <lambert>
            <emission>
              <color sid="emission">0 0 0 1</color>
            </emission>
            <diffuse>
              <color sid="diffuse">0.792157 0.819608 0.933333 1</color>
            </diffuse>
            <index_of_refraction>
              <float sid="ior">1.5</float>
            </index_of_refraction>
          </lambert>
        </technique>
      </profile_COMMON>
    </effect>
    <effect id="Shape_007-effect">
      <profile_COMMON>
        <technique sid="common">
          <lambert>
            <emission>
              <color sid="emission">0 0 0 1</color>
            </emission>
            <diffuse>
              <color sid="diffuse">0.450196 0.43098 0.42 1</color>
            </diffuse>
            <index_of_refraction>
              <float sid="ior">1.5</float>
            </index_of_refraction>
          </lambert>
        </technique>
      </profile_COMMON>
    </effect>
    <effect id="Shape_008-effect">
      <profile_COMMON>
        <technique sid="common">
          <lambert>
            <emission>
              <color sid="emission">0 0 0 1</color>
            </emission>
            <diffuse>
              <color sid="diffuse">0.450196 0.43098 0.42 1</color>
            </diffuse>
            <index_of_refraction>
              <float sid="ior">1.5</float>
            </index_of_refraction>
          </lambert>
        </technique>
      </profile_COMMON>
    </effect>
    <effect id="Shape_009-effect">
      <profile_COMMON>
        <technique sid="common">
          <lambert>
            <emission>
              <color sid="emission">0 0 0 1</color>
            </emission>
            <diffuse>
              <color sid="diffuse">0.450196 0.43098 0.42 1</color>
            </diffuse>
            <index_of_refraction>
              <float sid="ior">1.5</float>
            </index_of_refraction>
          </lambert>
        </technique>
      </profile_COMMON>
    </effect>
    <effect id="Shape_010-effect">
      <profile_COMMON>
        <technique sid="common">
          <lambert>
            <emission>
              <color sid="emission">0 0 0 1</color>
            </emission>
            <diffuse>
              <color sid="diffuse">0.450196 0.43098 0.42 1</color>
            </diffuse>
            <index_of_refraction>
              <float sid="ior">1.5</float>
            </index_of_refraction>
          </lambert>
        </technique>
      </profile_COMMON>
    </effect>
    <effect id="Shape_011-effect">
      <profile_COMMON>
        <technique sid="common">
          <lambert>
            <emission>
              <color sid="emission">0 0 0 1</color>
            </emission>
            <diffuse>
              <color sid="diffuse">0.450196 0.43098 0.42 1</color>
            </diffuse>
            <index_of_refraction>
              <float sid="ior">1.5</float>
            </index_of_refraction>
          </lambert>
        </technique>
      </profile_COMMON>
    </effect>
    <effect id="Shape_012-effect">
      <profile_COMMON>
        <technique sid="common">
          <lambert>
            <emission>
              <color sid="emission">0 0 0 1</color>
            </emission>
            <diffuse>
              <color sid="diffuse">0.792157 0.819608 0.933333 1</color>
            </diffuse>
            <index_of_refraction>
              <float sid="ior">1.5</float>
            </index_of_refraction>
          </lambert>
        </technique>
      </profile_COMMON>
    </effect>
    <effect id="Shape_013-effect">
      <profile_COMMON>
        <technique sid="common">
          <lambert>
            <emission>
              <color sid="emission">0 0 0 1</color>
            </emission>
            <diffuse>
              <color sid="diffuse">0.450196 0.43098 0.42 1</color>
            </diffuse>
            <index_of_refraction>
              <float sid="ior">1.5</float>
            </index_of_refraction>
          </lambert>
        </technique>
      </profile_COMMON>
    </effect>
    <effect id="Shape_014-effect">
      <profile_COMMON>
        <technique sid="common">
          <lambert>
            <emission>
              <color sid="emission">0 0 0 1</color>
            </emission>
            <diffuse>
              <color sid="diffuse">0.450196 0.43098 0.42 1</color>
            </diffuse>
            <index_of_refraction>
              <float sid="ior">1.5</float>
            </index_of_refraction>
          </lambert>
        </technique>
      </profile_COMMON>
    </effect>
    <effect id="Shape_015-effect">
      <profile_COMMON>
        <technique sid="common">
          <lambert>
            <emission>
              <color sid="emission">0 0 0 1</color>
            </emission>
            <diffuse>
              <color sid="diffuse">0.792157 0.819608 0.933333 1</color>
            </diffuse>
            <index_of_refraction>
              <float sid="ior">1.5</float>
            </index_of_refraction>
          </lambert>
        </technique>
      </profile_COMMON>
    </effect>
  </library_effects>
  <library_images/>
  <library_materials>
    <material id="Shape-material" name="Shape">
      <instance_effect url="#Shape-effect"/>
    </material>
    <material id="Shape_001-material" name="Shape.001">
      <instance_effect url="#Shape_001-effect"/>
    </material>
    <material id="Shape_002-material" name="Shape.002">
      <instance_effect url="#Shape_002-effect"/>
    </material>
    <material id="Shape_003-material" name="Shape.003">
      <instance_effect url="#Shape_003-effect"/>
    </material>
    <material id="Shape_004-material" name="Shape.004">
      <instance_effect url="#Shape_004-effect"/>
    </material>
    <material id="Shape_005-material" name="Shape.005">
      <instance_effect url="#Shape_005-effect"/>
    </material>
    <material id="Shape_006-material" name="Shape.006">
      <instance_effect url="#Shape_006-effect"/>
    </material>
    <material id="Shape_007-material" name="Shape.007">
      <instance_effect url="#Shape_007-effect"/>
    </material>
    <material id="Shape_008-material" name="Shape.008">
      <instance_effect url="#Shape_008-effect"/>
    </material>
    <material id="Shape_009-material" name="Shape.009">
      <instance_effect url="#Shape_009-effect"/>
    </material>
    <material id="Shape_010-material" name="Shape.010">
      <instance_effect url="#Shape_010-effect"/>
    </material>
    <material id="Shape_011-material" name="Shape.011">
      <instance_effect url="#Shape_011-effect"/>
    </material>
    <material id="Shape_012-material" name="Shape.012">
      <instance_effect url="#Shape_012-effect"/>
    </material>
    <material id="Shape_013-material" name="Shape.013">
      <instance_effect url="#Shape_013-effect"/>
    </material>
    <material id="Shape_014-material" name="Shape.014">
      <instance_effect url="#Shape_014-effect"/>
    </material>
    <material id="Shape_015-material" name="Shape.015">
      <instance_effect url="#Shape_015-effect"/>
    </material>
  </library_materials>
  <library_geometries>
    <geometry id="Shape_IndexedFaceSet-mesh" name="Shape_IndexedFaceSet">
      <mesh>
        <source id="Shape_IndexedFaceSet-mesh-positions">
          <float_array id="Shape_IndexedFaceSet-mesh-positions-array" count="4734">0.03540098 0.03999096 0.151997 0.03540098 0.04999095 0.151997 0.03557497 0.03999096 0.148827 0.03557497 0.04999095 0.148827 0.0367487 0.03499096 0.1500855 0.03670293 0.03999096 0.1509802 0.03723788 0.03499096 0.1518391 0.03710979 0.03999096 0.1495169 0.03715068 0.04398471 0.1513462 0.03720343 0.04999095 0.1514168 0.03710025 0.04398894 0.1499527 0.0370655 0.04999095 0.1500213 0.0377022 0.03499096 0.1491214 0.03793489 0.03999096 0.1520939 0.0382989 0.04398477 0.1492288 0.0383625 0.04999095 0.1492003 0.03853648 0.03999096 0.1490058 0.03805899 0.03999096 0.153734 0.03805899 0.04999095 0.153734 0.03846496 0.04398894 0.1518301 0.03868836 0.04999095 0.151793 0.03823399 0.04323995 0.150564 0.03840899 0.03999096 0.147393 0.03840899 0.04999095 0.147393 0.03906035 0.03499096 0.1492412 0.03920298 0.03499096 0.1518201 0.0392456 0.03999096 0.1517209 0.03944778 0.04398745 0.1510534 0.03933733 0.04398983 0.1499352 0.03957116 0.04999095 0.150538 0.03979909 0.03999096 0.1503058 0.03976261 0.03499096 0.150406 0.040892 0.03999096 0.1523 0.040892 0.04999095 0.1523 0.041067 0.03999096 0.14913 0.041067 0.04999095 0.14913 0.03540098 0.05499094 -0.01800298 0.03540098 0.07499098 -0.01800298 0.03557497 0.05499094 -0.021173 0.03557497 0.07499098 -0.021173 0.03672361 0.04999095 -0.01899671 0.03675734 0.05499094 -0.01889485 0.03698354 0.04999095 -0.0203076 0.03733485 0.05499094 -0.02081191 0.03697699 0.06398832 -0.01913321 0.03699916 0.07499098 -0.01905107 0.03747534 0.06398266 -0.02055203 0.0373969 0.07499098 -0.02049714 0.03781461 0.04999095 -0.01794928 0.03791201 0.05499094 -0.0179252 0.03822296 0.06397664 -0.01805347 0.03832298 0.07499098 -0.01805239 0.03831845 0.04999095 -0.02103954 0.03805899 0.05499094 -0.01626598 0.03805899 0.07499098 -0.01626598 0.03823399 0.06323999 -0.019436 0.03840899 0.05499094 -0.02260696 0.03840899 0.07499098 -0.02260696 0.03911417 0.0639863 -0.02041828 0.03890395 0.07499098 -0.02054286 0.03943461 0.04999095 -0.01837027 0.03964096 0.05499094 -0.01858711 0.03932803 0.05499094 -0.02056533 0.03948765 0.06398838 -0.01912236 0.03965741 0.04999095 -0.02003705 0.03955084 0.07499098 -0.01936018 0.040892 0.05499094 -0.01769995 0.040892 0.07499098 -0.01769995 0.041067 0.05499094 -0.02086997 0.041067 0.07499098 -0.02086997 0.01518797 0.05499094 -0.02033597 0.01518797 0.07499098 -0.02033597 0.01593196 0.05499094 -0.01724898 0.01593196 0.07499098 -0.01724898 0.01668882 0.04999095 -0.01940888 0.01679188 0.05499094 -0.01999115 0.01697742 0.05499094 -0.01849126 0.01767081 0.04999095 -0.02098017 0.01698154 0.0639863 -0.01984888 0.01689165 0.07499098 -0.01928287 0.01771199 0.04999095 -0.01787805 0.01764219 0.06397664 -0.01818645 0.01777625 0.07499098 -0.0206741 0.01776647 0.05499094 -0.0209093 0.01839274 0.07499098 -0.01805901 0.01748996 0.05499094 -0.02252298 0.01748996 0.07499098 -0.02252298 0.01850837 0.06397664 -0.02079194 0.01835942 0.05499094 -0.01789647 0.01823395 0.06323999 -0.019436 0.0190953 0.05499094 -0.02071893 0.01897144 0.07499098 -0.02047395 0.01954656 0.06397658 -0.01900041 0.01967018 0.04999095 -0.02015262 0.01897698 0.05499094 -0.01634895 0.01897698 0.07499098 -0.01634895 0.01945722 0.04999095 -0.01849192 0.01982516 0.05499094 -0.01902693 0.01955378 0.07499098 -0.01942449 0.02053499 0.05499094 -0.02162396 0.02053499 0.07499098 -0.02162396 0.02127897 0.05499094 -0.01853698 0.02127897 0.07499098 -0.01853698 0.01540094 0.03999096 0.151997 0.01540094 0.04999095 0.151997 0.01557499 0.03999096 0.148827 0.01557499 0.04999095 0.148827 0.01674872 0.03499096 0.1500855 0.01670295 0.03999096 0.1509802 0.0172379 0.03499096 0.1518391 0.01710981 0.03999096 0.1495169 0.0171507 0.04398471 0.1513462 0.01720345 0.04999095 0.1514168 0.01710027 0.04398894 0.1499527 0.01706552 0.04999095 0.1500213 0.01770222 0.03499096 0.1491214 0.01793491 0.03999096 0.1520939 0.01829892 0.04398477 0.1492288 0.01836246 0.04999095 0.1492003 0.0185365 0.03999096 0.1490058 0.01805895 0.03999096 0.153734 0.01805895 0.04999095 0.153734 0.01846498 0.04398894 0.1518301 0.01868838 0.04999095 0.151793 0.01823395 0.04323995 0.150564 0.01840895 0.03999096 0.147393 0.01840895 0.04999095 0.147393 0.01906031 0.03499096 0.1492412 0.019203 0.03499096 0.1518201 0.01924556 0.03999096 0.1517209 0.0194478 0.04398745 0.1510534 0.01933735 0.04398983 0.1499352 0.01957118 0.04999095 0.150538 0.01979911 0.03999096 0.1503058 0.01976263 0.03499096 0.150406 0.02089196 0.03999096 0.1523 0.02089196 0.04999095 0.1523 0.02106696 0.03999096 0.14913 0.02106696 0.04999095 0.14913 -0.004265964 0.04999095 0.024064 -0.004265964 0.04999095 0.073439 -0.004265964 0.04999095 0.107064 -0.004265964 0.05499094 0.024064 -0.004265964 0.05499094 0.073439 -0.004265964 0.05499094 0.107064 0.002093374 0.04999095 0.02633816 0.002093374 0.04999095 0.1033382 0.002036273 0.05499094 0.0264371 0.002036273 0.05499094 0.1034371 0.002436578 0.04999095 0.02802455 0.002436578 0.04999095 0.1050246 0.002511739 0.05499094 0.02808237 0.002511739 0.05499094 0.1050823 0.004075169 0.04999095 0.02605634 0.004147887 0.04999095 0.02805906 0.004075169 0.04999095 0.1030564 0.004147887 0.04999095 0.1050591 0.003988683 0.05499094 0.02599006 0.004229068 0.05499094 0.02797788 0.003988683 0.05499094 0.10299 0.004229068 0.05499094 0.1049779 0.009233951 0.04999095 0.03060597 0.009233951 0.04999095 0.100521 0.01073396 0.04999095 0.107064 0.009233951 0.05499094 0.03060597 0.009233951 0.05499094 0.100521 0.01073396 0.05499094 0.107064 0.01073396 0.04999095 -0.02943599 0.01073396 0.04999095 0.024064 0.01073396 0.04999095 0.160564 0.01073396 0.05499094 -0.02943599 0.01073396 0.05499094 0.024064 0.01073396 0.05499094 0.160564 0.01708275 0.04999095 -0.01812434 0.01293396 0.04999095 0.008063971 0.02513396 0.04999095 0.100521 0.01293396 0.04999095 0.123064 0.01293396 0.04999095 0.140564 0.01708364 0.05499094 -7.4958e-4 0.02513396 0.05499094 0.100521 0.01708364 0.05499094 0.1292504 0.01293396 0.05499094 0.140564 0.01672142 0.04999095 -0.02013266 0.01672142 0.04999095 -1.32692e-4 0.01672142 0.04999095 0.1298673 0.01672142 0.04999095 0.1498673 0.01672118 0.05499094 -0.01873987 0.01672118 0.05499094 0.001260042 0.01672118 0.05499094 0.13126 0.01672118 0.05499094 0.15126 0.01708275 0.04999095 0.001875579 0.01708275 0.04999095 0.1318756 0.01708275 0.04999095 0.1518756 0.01708364 0.05499094 -0.02074956 0.01708364 0.05499094 0.1492504 0.01777154 0.04999095 -0.02099424 0.01777154 0.04999095 -9.94274e-4 0.01777154 0.04999095 0.1290057 0.01777148 0.04999095 0.1490057 0.01777297 0.05499094 -0.01787817 0.01777297 0.05499094 0.002121806 0.01777297 0.05499094 0.1321218 0.01777297 0.05499094 0.1521218 0.02531164 0.04999095 0.01451754 0.02513396 0.04999095 0.03060597 0.02521419 0.04999095 0.1162191 0.0251795 0.05499094 0.01497715 0.02513396 0.05499094 0.03060597 0.02525132 0.05499094 0.1163087 0.02658063 0.05499094 0.01387292 0.0266664 0.04999095 0.1172659 0.02680289 0.05499094 0.1172659 0.027538 0.04999095 0.01406896 0.02811551 0.05499094 0.01467376 0.02823972 0.04999095 0.1162756 0.02823084 0.05499094 0.1162518 0.02831572 0.04999095 0.01553702 0.02830064 0.05499094 0.01556396 0.02833396 0.04999095 0.03060597 0.02833396 0.04999095 0.100521 0.02833396 0.05499094 0.03060597 0.02833396 0.05499094 0.100521 0.034334 0.04999095 0.03060597 0.034334 0.04999095 0.100521 0.034334 0.05499094 0.03060597 0.034334 0.05499094 0.100521 0.04573398 0.04999095 -0.02943599 0.03891021 0.04999095 -0.02096939 0.03883993 0.04999095 -0.01788508 0.04038399 0.04999095 -0.009435951 0.03891021 0.04999095 -9.69418e-4 0.03883993 0.04999095 0.002114892 0.04038399 0.04999095 0.01398897 0.04759341 0.04999095 0.04033815 0.03891021 0.04999095 0.1290305 0.03903448 0.04999095 0.1320743 0.04038399 0.04999095 0.140564 0.03891021 0.04999095 0.1490306 0.03883993 0.04999095 0.1521149 0.04573398 0.05499094 -0.02943599 0.0388416 0.05499094 -0.02098721 0.03890872 0.05499094 -0.01790297 0.04038399 0.05499094 -0.009435951 0.03903532 0.05499094 -9.46956e-4 0.03890872 0.05499094 0.002096951 0.04038399 0.05499094 0.123064 0.0388416 0.05499094 0.1290128 0.03890872 0.05499094 0.132097 0.04038399 0.05499094 0.140564 0.0388416 0.05499094 0.1490128 0.03890872 0.05499094 0.152097 0.03993594 0.04999095 -0.01936703 0.03993594 0.04999095 6.32949e-4 0.03989142 0.04999095 0.1304108 0.03993594 0.04999095 0.1506329 0.03993594 0.05499094 -0.01950353 0.03989142 0.05499094 7.17868e-4 0.03993594 0.05499094 0.1304965 0.03993594 0.05499094 0.1504964 0.04573398 0.04999095 0.09506398 0.04203397 0.05499094 0.01398897 0.04573398 0.05499094 0.09506398 0.04573398 0.04999095 0.03606396 0.04573398 0.04999095 0.160564 0.04573398 0.05499094 0.03606396 0.04573398 0.05499094 0.160564 0.04759341 0.04999095 0.08933818 0.04753625 0.05499094 0.0404371 0.04753625 0.05499094 0.08943712 0.04793655 0.04999095 0.04202455 0.04793655 0.04999095 0.09102457 0.04801172 0.05499094 0.04208236 0.04801177 0.05499094 0.09108233 0.0495752 0.04999095 0.04005634 0.04964792 0.04999095 0.04205906 0.0495752 0.04999095 0.08905637 0.04964786 0.04999095 0.09105908 0.04948866 0.05499094 0.03999006 0.0497291 0.05499094 0.04197788 0.04948866 0.05499094 0.08899003 0.04972904 0.05499094 0.0909779 0.053734 0.04999095 0.03606396 0.053734 0.04999095 0.09506398 0.053734 0.05499094 0.03606396 0.053734 0.05499094 0.09506398 0.035209 0.05499094 0.149597 0.035209 0.07499098 0.149597 0.03588396 0.05499094 0.1527 0.03588396 0.07499098 0.1527 0.03675329 0.04999095 0.1500326 0.03669422 0.05499094 0.1510186 0.03694397 0.04999095 0.1513747 0.03731596 0.05499094 0.1492873 0.03693121 0.06398266 0.1509129 0.03710055 0.07499098 0.1512989 0.03727257 0.07499098 0.149659 0.03787523 0.0639767 0.149228 0.03824812 0.04999095 0.1489582 0.03804773 0.04999095 0.1521245 0.03798186 0.05499094 0.1520877 0.03755897 0.05499094 0.1474609 0.03755897 0.07499098 0.1474609 0.03810751 0.06398838 0.1518504 0.0388267 0.07499098 0.1517779 0.03842926 0.07499098 0.1493059 0.03952682 0.04999095 0.149757 0.03823399 0.06323999 0.150564 0.03881978 0.05499094 0.1491339 0.03926664 0.05499094 0.1517128 0.03922134 0.06398844 0.1513981 0.03890895 0.05499094 0.153666 0.03890895 0.07499098 0.153666 0.03945642 0.06398618 0.1500705 0.03951025 0.07499098 0.1501216 0.03967374 0.04999095 0.1512733 0.03978198 0.05499094 0.1502891 0.04058295 0.05499094 0.148428 0.04058295 0.07499098 0.148428 0.04125797 0.05499094 0.151531 0.04125797 0.07499098 0.151531 0.01073396 0.03499096 -0.02943599 0.01073396 0.03499096 0.123064 0.01073396 0.03499096 0.160564 0.01073396 0.03999096 -0.02943599 0.01073396 0.03999096 0.123064 0.01073396 0.03999096 0.160564 0.01650983 0.03499096 -0.019737 0.01650983 0.03499096 2.62944e-4 0.01650983 0.03499096 0.1302629 0.01650983 0.03499096 0.1502629 0.01650989 0.03999096 -0.0191344 0.01657617 0.03999096 4.09879e-4 0.01650989 0.03999096 0.1308656 0.01650989 0.03999096 0.1508656 0.01743257 0.03999096 0.002074122 0.01755875 0.03499096 -0.01790308 0.01755869 0.03499096 0.002096831 0.01755875 0.03499096 0.1320968 0.01755869 0.03499096 0.1520968 0.01755726 0.03999096 -0.02096927 0.01755726 0.03999096 -9.6927e-4 0.0175572 0.03999096 0.1290307 0.0175572 0.03999096 0.1490307 0.01781278 0.03499096 -0.0210126 0.01781278 0.03499096 -0.001012623 0.01781278 0.03499096 0.1289873 0.01781272 0.03499096 0.1489874 0.01781487 0.03999096 -0.01785951 0.01781487 0.03999096 0.1321405 0.01781487 0.03999096 0.1521404 0.02540153 0.03499096 0.01445007 0.02521419 0.03499096 0.1162191 0.025209 0.03999096 0.01493072 0.02525132 0.03999096 0.1163087 0.02658063 0.03999096 0.01387292 0.0266664 0.03499096 0.1172659 0.02680289 0.03999096 0.1172659 0.027538 0.03499096 0.01406896 0.02811551 0.03999096 0.01467376 0.02823972 0.03499096 0.1162756 0.02823084 0.03999096 0.1162518 0.02830034 0.03499096 0.01553505 0.02828395 0.03999096 0.01556396 0.03897869 0.03499096 -0.0209186 0.03888809 0.03499096 -0.01791685 0.03897869 0.03499096 -9.18632e-4 0.03888809 0.03499096 0.002083063 0.03897869 0.03499096 0.1290813 0.03888809 0.03499096 0.1320831 0.03897869 0.03499096 0.1490814 0.03888809 0.03499096 0.1520831 0.03888911 0.03999096 -0.02095574 0.03897815 0.03999096 -0.01795434 0.03928822 0.03999096 -8.20703e-4 0.03897815 0.03999096 0.002045571 0.03888911 0.03999096 0.1290442 0.03897815 0.03999096 0.1320456 0.03888916 0.03999096 0.1490442 0.03897815 0.03999096 0.1520456 0.03993594 0.03499096 -0.01936703 0.03993594 0.03499096 6.32949e-4 0.03993594 0.03499096 0.1306329 0.03993594 0.03499096 0.1506329 0.03993594 0.03999096 -0.01950353 0.03982573 0.03999096 9.32019e-4 0.03993594 0.03999096 0.1304965 0.03993594 0.03999096 0.1504964 0.04573398 0.03499096 -0.02943599 0.04573398 0.03499096 0.123064 0.04573398 0.03499096 0.160564 0.04573398 0.03999096 -0.02943599 0.04573398 0.03999096 0.123064 0.04573398 0.03999096 0.160564 0.01540094 0.03999096 -0.01800298 0.01540094 0.04999095 -0.01800298 0.01557499 0.03999096 -0.021173 0.01557499 0.04999095 -0.021173 0.01674872 0.03499096 -0.01991438 0.01670295 0.03999096 -0.01901966 0.0172379 0.03499096 -0.01816082 0.01710981 0.03999096 -0.02048295 0.0171507 0.04398471 -0.01865369 0.01720345 0.04999095 -0.01858317 0.01710021 0.04398894 -0.0200473 0.01706552 0.04999095 -0.0199787 0.01770222 0.03499096 -0.02087861 0.01793491 0.03999096 -0.01790606 0.01829892 0.04398477 -0.02077114 0.01836246 0.04999095 -0.02079963 0.0185365 0.03999096 -0.02099418 0.01805895 0.03999096 -0.01626598 0.01805895 0.04999095 -0.01626598 0.01846498 0.04398894 -0.01816982 0.01868832 0.04999095 -0.01820695 0.01823395 0.04323995 -0.019436 0.01840895 0.03999096 -0.02260696 0.01840895 0.04999095 -0.02260696 0.01906031 0.03499096 -0.0207588 0.019203 0.03499096 -0.01817983 0.01937514 0.03999096 -0.01837319 0.0194478 0.04398745 -0.01894652 0.01933735 0.04398983 -0.02006477 0.01957118 0.04999095 -0.01946198 0.01973968 0.03999096 -0.01984143 0.01976263 0.03499096 -0.01959395 0.02089196 0.03999096 -0.01769995 0.02089196 0.04999095 -0.01769995 0.02106696 0.03999096 -0.02086997 0.02106696 0.04999095 -0.02086997 0.03540098 0.03999096 -0.01800298 0.03540098 0.04999095 -0.01800298 0.03557497 0.03999096 -0.021173 0.03557497 0.04999095 -0.021173 0.0367487 0.03499096 -0.01991438 0.03670293 0.03999096 -0.01901966 0.03723788 0.03499096 -0.01816082 0.03710979 0.03999096 -0.02048295 0.03715068 0.04398471 -0.01865369 0.03720343 0.04999095 -0.01858317 0.03710025 0.04398894 -0.0200473 0.0370655 0.04999095 -0.0199787 0.0377022 0.03499096 -0.02087861 0.03793489 0.03999096 -0.01790606 0.0382989 0.04398477 -0.02077114 0.03836244 0.04999095 -0.02079963 0.03853648 0.03999096 -0.02099418 0.03805899 0.03999096 -0.01626598 0.03805899 0.04999095 -0.01626598 0.03846496 0.04398894 -0.01816982 0.03868836 0.04999095 -0.01820695 0.03823399 0.04323995 -0.019436 0.03840899 0.03999096 -0.02260696 0.03840899 0.04999095 -0.02260696 0.03906029 0.03499096 -0.0207588 0.03920298 0.03499096 -0.01817983 0.03937512 0.03999096 -0.01837319 0.03944778 0.04398745 -0.01894652 0.03933733 0.04398983 -0.02006477 0.03957116 0.04999095 -0.01946198 0.03973966 0.03999096 -0.01984143 0.03976261 0.03499096 -0.01959401 0.040892 0.03999096 -0.01769995 0.040892 0.04999095 -0.01769995 0.041067 0.03999096 -0.02086997 0.041067 0.04999095 -0.02086997 0.01540094 0.05499094 0.151997 0.01540094 0.07499098 0.151997 0.01557499 0.05499094 0.148827 0.01557499 0.07499098 0.148827 0.01672363 0.04999095 0.1510032 0.0167573 0.05499094 0.1511051 0.0169835 0.04999095 0.1496924 0.01733487 0.05499094 0.1491881 0.01697701 0.06398832 0.1508668 0.01699918 0.07499098 0.1509489 0.0174753 0.06398266 0.1494479 0.01739692 0.07499098 0.1495028 0.01781457 0.04999095 0.1520507 0.01791197 0.05499094 0.1520748 0.01822298 0.06397664 0.1519465 0.018323 0.07499098 0.1519476 0.01831847 0.04999095 0.1489604 0.01805895 0.05499094 0.153734 0.01805895 0.07499098 0.153734 0.01823395 0.06323999 0.150564 0.01840895 0.05499094 0.147393 0.01840895 0.07499098 0.147393 0.01911413 0.0639863 0.1495817 0.01890391 0.07499098 0.1494571 0.01943463 0.04999095 0.1516297 0.01964098 0.05499094 0.1514129 0.01932805 0.05499094 0.1494346 0.01948767 0.06398838 0.1508775 0.01965743 0.04999095 0.149963 0.01955085 0.07499098 0.1506397 0.02089196 0.05499094 0.1523 0.02089196 0.07499098 0.1523 0.02106696 0.05499094 0.14913 0.02106696 0.07499098 0.14913 0.03518497 0.07499098 0.149675 0.03518497 0.07999098 0.149675 0.03593999 0.07499098 0.152759 0.03593999 0.07999098 0.152759 0.0368269 0.06999099 0.1499502 0.03690624 0.07499098 0.1515345 0.03684735 0.06999099 0.1512697 0.03692454 0.07499098 0.1497626 0.03688585 0.07499098 0.1507008 0.03696501 0.07999098 0.1503744 0.03732305 0.07999098 0.151495 0.03810858 0.06999099 0.1489573 0.03770732 0.07499098 0.1493718 0.03763192 0.07999098 0.1494081 0.03747898 0.07499098 0.1474789 0.03747898 0.07999098 0.1474789 0.03816699 0.07499098 0.1489836 0.03822785 0.07499098 0.1519187 0.03820061 0.06999099 0.1521449 0.03886336 0.07999098 0.151763 0.03890109 0.07499098 0.1519976 0.03976559 0.06999099 0.1510636 0.03912514 0.07499098 0.1495804 0.03880894 0.07999098 0.1494172 0.03898894 0.07499098 0.153648 0.03898894 0.07999098 0.153648 0.03942173 0.06999099 0.1496176 0.03983151 0.07499098 0.150173 0.03947198 0.07499098 0.1509683 0.03951781 0.07999098 0.1503465 0.04052799 0.07499098 0.148368 0.04052799 0.07999098 0.148368 0.04128199 0.07499098 0.151452 0.04128199 0.07999098 0.151452 0.01505994 0.07499098 0.150471 0.01505994 0.07999098 0.150471 0.01656699 0.07499098 0.153266 0.01656699 0.07999098 0.153266 0.01672697 0.07499098 0.147769 0.01672697 0.07999098 0.147769 0.01676356 0.06999099 0.1510722 0.01679712 0.07499098 0.1511601 0.01699322 0.06999099 0.1496244 0.01693999 0.07499098 0.1496992 0.01688128 0.07499098 0.1504779 0.01714223 0.07999098 0.151366 0.01712179 0.07999098 0.1499237 0.01829648 0.06999099 0.1522075 0.01840078 0.07499098 0.1522003 0.01764357 0.07499098 0.1517028 0.01832067 0.07499098 0.1491803 0.01809281 0.07999098 0.1492682 0.01864337 0.06999099 0.1490054 0.01854437 0.07499098 0.1489827 0.01864117 0.07999098 0.1518011 0.01881468 0.07499098 0.1517297 0.01928502 0.07999098 0.1497939 0.0194534 0.07999098 0.1509594 0.01955938 0.07499098 0.150507 0.01984208 0.06999099 0.1506606 0.01984506 0.07499098 0.1505596 0.01974099 0.07499098 0.1533589 0.01974099 0.07999098 0.1533589 0.01990097 0.07499098 0.147861 0.01990097 0.07999098 0.147861 0.02140796 0.07499098 0.150656 0.02140796 0.07999098 0.150656 2.34e-4 0.05359095 0.03006398 2.34e-4 0.05359095 0.100064 2.34e-4 0.05499094 0.02456396 2.34e-4 0.05499094 0.03006398 2.34e-4 0.05499094 0.100064 2.34e-4 0.05499094 0.106564 2.34e-4 0.05619096 0.02456396 2.34e-4 0.05619096 0.04164797 2.34e-4 0.05619096 0.04774767 2.34e-4 0.05619096 0.05384767 2.34e-4 0.05619096 0.05994766 2.34e-4 0.05619096 0.06604766 2.34e-4 0.05619096 0.07214766 2.34e-4 0.05619096 0.07824766 2.34e-4 0.05619096 0.08434766 2.34e-4 0.05619096 0.09044766 2.34e-4 0.05619096 0.09654766 2.34e-4 0.05619096 0.102647 2.34e-4 0.05619096 0.106564 2.34e-4 0.05719095 0.04164797 5.67333e-4 0.05719095 0.04751294 2.34e-4 0.05719095 0.04774796 5.67333e-4 0.05719095 0.05361294 2.34e-4 0.05719095 0.05384796 5.67333e-4 0.05719095 0.05971294 2.34e-4 0.05719095 0.05994796 5.67333e-4 0.05719095 0.065813 2.34e-4 0.05719095 0.06604796 5.67333e-4 0.05719095 0.071913 4.00667e-4 0.05719095 0.07274597 5.67333e-4 0.05719095 0.078013 4.00667e-4 0.05719095 0.07884597 5.67333e-4 0.05719095 0.084113 4.00667e-4 0.05719095 0.08494597 5.67333e-4 0.05719095 0.090213 2.34e-4 0.05719095 0.09044796 5.67333e-4 0.05719095 0.09631299 2.34e-4 0.05719095 0.09654796 5.67333e-4 0.05719095 0.1024129 7.34e-4 0.05719095 0.04287832 0.001400649 0.05719095 0.046045 7.34e-4 0.05719095 0.04897832 0.001400649 0.05719095 0.052145 7.34e-4 0.05719095 0.05507832 0.001400649 0.05719095 0.058245 0.001400649 0.05719095 0.06084495 7.34e-4 0.05719095 0.061845 7.34e-4 0.05719095 0.064345 0.001400649 0.05719095 0.06694495 7.34e-4 0.05719095 0.067945 7.34e-4 0.05719095 0.070445 0.00106728 0.05719095 0.074045 0.001400649 0.05719095 0.076545 0.00106728 0.05719095 0.080145 0.001400649 0.05719095 0.08264499 0.00106728 0.05719095 0.086245 0.001400649 0.05719095 0.08874499 0.001400649 0.05719095 0.09134495 7.34e-4 0.05719095 0.09234499 7.34e-4 0.05719095 0.09484499 7.34e-4 0.05719095 0.09777832 7.34e-4 0.05719095 0.100945 7.34e-4 0.06519097 0.04321163 0.00106728 0.06519097 0.046045 0.001400649 0.06519097 0.04704499 7.34e-4 0.06519097 0.04931163 0.00106728 0.06519097 0.052145 0.001400649 0.06519097 0.05314499 7.34e-4 0.06519097 0.05541163 0.00106728 0.06519097 0.058245 0.001400649 0.06519097 0.05924499 0.00106728 0.06519097 0.06084495 0.001400649 0.06519097 0.061845 0.00106728 0.06519097 0.064345 0.001400649 0.06519097 0.06534498 0.00106728 0.06519097 0.06694495 0.001400649 0.06519097 0.067945 0.00106728 0.06519097 0.070445 0.001400649 0.06519097 0.07144498 0.00106728 0.06519097 0.07304495 0.001400649 0.06519097 0.074045 0.00106728 0.06519097 0.076545 0.001400649 0.06519097 0.07754498 0.00106728 0.06519097 0.07914495 0.001400649 0.06519097 0.080145 0.00106728 0.06519097 0.08264499 0.001400649 0.06519097 0.08364498 0.00106728 0.06519097 0.08524495 0.001400649 0.06519097 0.086245 0.00106728 0.06519097 0.08874499 0.001400649 0.06519097 0.08974498 0.00106728 0.06519097 0.09134495 0.001400649 0.06519097 0.09234499 0.00106728 0.06519097 0.09484499 0.001400649 0.06519097 0.09584498 7.34e-4 0.06519097 0.09811162 7.34e-4 0.06519097 0.1016116 0.001733958 0.05719095 0.04254496 0.001733958 0.05719095 0.04354494 0.001733958 0.05719095 0.04704499 0.001733958 0.05719095 0.04864495 0.001733958 0.05719095 0.04964494 0.001733958 0.05719095 0.05314499 0.001733958 0.05719095 0.05474495 0.001733958 0.05719095 0.05574494 0.001733958 0.05719095 0.05924499 0.001733958 0.05719095 0.061845 0.001733958 0.05719095 0.06501168 0.001733958 0.05719095 0.067945 0.001733958 0.05719095 0.07111167 0.001733958 0.05719095 0.07304495 0.001733958 0.05719095 0.07754498 0.001733958 0.05719095 0.07914495 0.001733958 0.05719095 0.08364498 0.001733958 0.05719095 0.08524495 0.001733958 0.05719095 0.08974498 0.001733958 0.05719095 0.09234499 0.001733958 0.05719095 0.09551167 0.001733958 0.05719095 0.09744501 0.001733958 0.05719095 0.09844499 0.001733958 0.05719095 0.1016116 0.001733958 0.06519097 0.04287832 0.001733958 0.06519097 0.04897832 0.001733958 0.06519097 0.05507832 0.001733958 0.06519097 0.09777832 0.001733958 0.06519097 0.1012783 0.002162575 0.05617725 0.02664262 0.002162575 0.05617725 0.1036427 0.002196609 0.05499094 0.02760791 0.002196609 0.05499094 0.1046079 0.002518892 0.05617088 0.02803546 0.002261042 0.05618011 0.1046413 0.002659857 0.05499094 0.02596575 0.002659857 0.05499094 0.1029658 0.003368139 0.05616968 0.02586579 0.002925157 0.05618005 0.1029753 0.003416955 0.05617761 0.1052595 0.003806412 0.05499094 0.0281623 0.003806412 0.05499094 0.1051623 0.003951191 0.05617833 0.02796423 0.003917753 0.05617821 0.103137 0.004270851 0.05499094 0.02651977 0.004270851 0.05499094 0.1035197 0.004084944 0.05719095 0.04254496 0.004084944 0.05719095 0.04354494 0.004751622 0.05719095 0.046045 0.004084944 0.05719095 0.04704499 0.004084944 0.05719095 0.04897832 0.004751622 0.05719095 0.052145 0.004084944 0.05719095 0.05314499 0.004084944 0.05719095 0.05507832 0.004751622 0.05719095 0.058245 0.004084944 0.05719095 0.05924499 0.004751622 0.05719095 0.06084495 0.004084944 0.05719095 0.061845 0.004751622 0.05719095 0.064345 0.004084944 0.05719095 0.06534498 0.004751622 0.05719095 0.06694495 0.004084944 0.05719095 0.067945 0.004751622 0.05719095 0.070445 0.004084944 0.05719095 0.07144498 0.004751622 0.05719095 0.07304495 0.004084944 0.05719095 0.074045 0.004751622 0.05719095 0.076545 0.004084944 0.05719095 0.07754498 0.004751622 0.05719095 0.07914495 0.004084944 0.05719095 0.080145 0.004751622 0.05719095 0.08264499 0.004084944 0.05719095 0.08364498 0.004751622 0.05719095 0.08524495 0.004084944 0.05719095 0.086245 0.004751622 0.05719095 0.08874499 0.004084944 0.05719095 0.08974498 0.004751622 0.05719095 0.09134495 0.004084944 0.05719095 0.09234499 0.004751622 0.05719095 0.09484499 0.004084944 0.05719095 0.09584498 0.004084944 0.05719095 0.09777832 0.004084944 0.05719095 0.1012783 0.004084944 0.06519097 0.04321163 0.004418313 0.06519097 0.046045 0.004751622 0.06519097 0.04704499 0.004084944 0.06519097 0.04931163 0.004418313 0.06519097 0.052145 0.004751622 0.06519097 0.05314499 0.004084944 0.06519097 0.05541163 0.004418313 0.06519097 0.058245 0.004751622 0.06519097 0.05924499 0.004418313 0.06519097 0.06084495 0.004751622 0.06519097 0.061845 0.004418313 0.06519097 0.064345 0.004751622 0.06519097 0.06534498 0.004418313 0.06519097 0.06694495 0.004751622 0.06519097 0.067945 0.004418313 0.06519097 0.070445 0.004751622 0.06519097 0.07144498 0.004418313 0.06519097 0.07304495 0.004751622 0.06519097 0.074045 0.004418313 0.06519097 0.076545 0.004751622 0.06519097 0.07754498 0.004418313 0.06519097 0.07914495 0.004751622 0.06519097 0.080145 0.004418313 0.06519097 0.08264499 0.004751622 0.06519097 0.08364498 0.004418313 0.06519097 0.08524495 0.004751622 0.06519097 0.086245 0.004418313 0.06519097 0.08874499 0.004751622 0.06519097 0.08974498 0.004418313 0.06519097 0.09134495 0.004751622 0.06519097 0.09234499 0.004418313 0.06519097 0.09484499 0.004751622 0.06519097 0.09584498 0.004084944 0.06519097 0.09811162 0.004084944 0.06519097 0.1016116 0.004372775 0.05617827 0.02689504 0.004377484 0.05617737 0.1041933 0.004233956 0.05359095 0.03006398 0.004233956 0.05359095 0.100064 0.004233956 0.05499094 0.03006398 0.004233956 0.05499094 0.100064 0.005084991 0.05719095 0.04321163 0.005415618 0.05719095 0.047279 0.005084991 0.05719095 0.04864495 0.005084991 0.05719095 0.04964494 0.005415618 0.05719095 0.05337899 0.005084991 0.05719095 0.05474495 0.005084991 0.05719095 0.05574494 0.005415618 0.05719095 0.05947899 0.005084991 0.05719095 0.061845 0.005415618 0.05719095 0.06557899 0.005084991 0.05719095 0.067945 0.005415618 0.05719095 0.07167899 0.005084991 0.05719095 0.074045 0.005415618 0.05719095 0.07777899 0.005084991 0.05719095 0.080145 0.005415618 0.05719095 0.08387899 0.005084991 0.05719095 0.086245 0.005415618 0.05719095 0.08997899 0.005084991 0.05719095 0.09234499 0.005415618 0.05719095 0.09607899 0.005084991 0.05719095 0.09744501 0.005084991 0.05719095 0.09844499 0.005084991 0.05719095 0.100945 0.005415618 0.05719095 0.102179 0.005084991 0.06519097 0.04287832 0.005084991 0.06519097 0.04897832 0.005084991 0.06519097 0.05507832 0.005084991 0.06519097 0.09777832 0.005084991 0.06519097 0.1012783 0.005580961 0.05619096 0.04164797 0.005580961 0.05619096 0.04774731 0.005580961 0.05619096 0.05384731 0.005580961 0.05619096 0.05994731 0.005580961 0.05619096 0.06604731 0.005580961 0.05619096 0.0721473 0.005580961 0.05619096 0.0782473 0.005580961 0.05619096 0.0843473 0.005580961 0.05619096 0.0904473 0.005580961 0.05619096 0.0965473 0.005580961 0.05619096 0.102647 0.005580961 0.05719095 0.04164797 0.005580961 0.05719095 0.04774796 0.005580961 0.05719095 0.05384796 0.005580961 0.05719095 0.05994796 0.005580961 0.05719095 0.06604796 0.005580961 0.05719095 0.07214796 0.005580961 0.05719095 0.07824796 0.005580961 0.05719095 0.08434796 0.005580961 0.05719095 0.09044796 0.005580961 0.05719095 0.09654796 0.006433963 0.05619096 0.02956396 0.006512641 0.05619096 0.06656396 0.006442785 0.06624311 0.04579991 0.006439149 0.06644231 0.05290222 0.00643754 0.06650155 0.04074364 0.006433963 0.066491 0.02956396 0.006610989 0.06644481 0.06656396 0.007701396 0.06560677 0.05123072 0.006787955 0.05619096 0.103122 0.006787955 0.06619095 0.103122 0.008165359 0.06599837 0.04114502 0.007767736 0.06531429 0.04555845 0.009100615 0.0656563 0.05536508 0.009811043 0.06649035 0.0605489 0.008450329 0.05619096 0.06656396 0.007774949 0.05619096 0.103122 0.007774949 0.06619095 0.06656396 0.007774949 0.06619095 0.103122 0.008118033 0.06446683 0.04860997 0.01009947 0.06619334 0.03747838 0.008268058 0.06405198 0.04578232 0.008285224 0.05619102 0.04605776 0.00885564 0.0561909 0.05288481 0.008986651 0.06533122 0.04136031 0.009864568 0.06638568 0.05926471 0.008673489 0.0640549 0.05192214 0.008787989 0.05619096 0.103122 0.009445965 0.06619095 0.06656396 0.008787989 0.06619095 0.103122 0.009462714 0.06406235 0.0416612 0.009789407 0.05619108 0.04097729 0.009867608 0.06405466 0.05508005 0.01419997 0.06639277 0.03292077 0.0104503 0.05619096 0.06656396 0.009774982 0.05619096 0.103122 0.009774982 0.06619095 0.103122 0.01158279 0.06441599 0.03798407 0.01187473 0.06521952 0.05892264 0.01078796 0.05619096 0.103122 0.01144599 0.06619095 0.06656396 0.01078796 0.06619095 0.103122 0.01227366 0.06406497 0.05864369 0.0131762 0.06586629 0.0610345 0.01227641 0.05619108 0.05856454 0.01245033 0.05619096 0.06656396 0.01177495 0.05619096 0.103122 0.01177495 0.06619095 0.103122 0.01394611 0.06572455 0.03457319 0.01289761 0.05619108 0.03667312 0.01387459 0.06443083 0.03572958 0.01278799 0.05619096 0.103122 0.01344597 0.06619095 0.06656396 0.01278799 0.06619095 0.103122 0.01389122 0.06431078 0.04990661 0.01689523 0.06638526 0.06467187 0.01406735 0.05619102 0.04466539 0.01387554 0.05619108 0.0500437 0.01390403 0.06401479 0.04595094 0.01445031 0.05619096 0.06656396 0.01377499 0.05619096 0.103122 0.01377499 0.06619095 0.103122 0.01428788 0.06533563 0.04763048 0.01493829 0.06579619 0.04565042 0.01490175 0.06405383 0.04317563 0.01528632 0.06603306 0.05023342 0.01605117 0.06531411 0.06227296 0.01478797 0.05619096 0.103122 0.01544594 0.06619095 0.06656396 0.01478797 0.06619095 0.103122 0.01568812 0.064327 0.0539996 0.01533758 0.06533616 0.04354876 0.0164045 0.06406301 0.06187081 0.01551443 0.05619102 0.05386298 0.01600694 0.06575238 0.05294013 0.01645606 0.05619108 0.06183665 0.01721835 0.06406259 0.0336014 0.01645028 0.05619096 0.06656396 0.01577496 0.05619096 0.103122 0.01577496 0.06619095 0.103122 0.01601773 0.06644564 0.0477702 0.01709026 0.06401324 0.0402736 0.01724082 0.05619108 0.03365141 0.01718062 0.05619102 0.04016721 0.01737022 0.0664761 0.0521835 0.01696741 0.0653361 0.04125136 0.01809382 0.06641829 0.04204857 0.016788 0.05619096 0.103122 0.01744598 0.06619095 0.06656396 0.016788 0.06619095 0.103122 0.01867532 0.06532621 0.03242033 0.01919275 0.06568461 0.06385439 0.0182653 0.06443411 0.05638289 0.01845031 0.05619096 0.06656396 0.01777499 0.05619096 0.103122 0.01777499 0.06619095 0.103122 0.01965534 0.05619102 0.05743288 0.01995551 0.06628775 0.0307644 0.01899164 0.06589537 0.05558413 0.01941972 0.06583124 0.03982537 0.01878798 0.05619096 0.103122 0.01878798 0.06619095 0.06656396 0.01878798 0.06619095 0.103122 0.02073252 0.06643283 0.05525082 0.02092003 0.06431007 0.03813987 0.02135032 0.06406086 0.06357198 0.02045029 0.05619096 0.06656396 0.01977497 0.05619096 0.103122 0.01977497 0.06648576 0.06656253 0.01977497 0.06619095 0.103122 0.02081209 0.05619102 0.03812992 0.02141642 0.0643503 0.05786281 0.02147459 0.05619108 0.06353789 0.02133464 0.06406861 0.03235489 0.0224018 0.06595414 0.05691897 0.02078795 0.05619096 0.103122 0.02144598 0.06619095 0.06656396 0.02078795 0.06619095 0.103122 0.02357155 0.06528705 0.0643388 0.02370011 0.05619096 0.03203493 0.02245032 0.05619096 0.06656396 0.02177494 0.05619096 0.103122 0.02177494 0.06619095 0.103122 0.02237629 0.06648319 0.02965295 0.02307671 0.06532925 0.03160744 0.02602082 0.06646221 0.05564463 0.02318662 0.0656619 0.03852468 0.02278798 0.05619096 0.103122 0.02344596 0.06619095 0.06656396 0.02278798 0.06619095 0.103122 0.02565211 0.0663914 0.03980857 0.02536994 0.06629234 0.06557619 0.0244503 0.05619096 0.06656396 0.02377498 0.05619096 0.103122 0.02377498 0.06619095 0.103122 0.02620309 0.05619102 0.03776717 0.02499443 0.05619108 0.05819493 0.02570074 0.06404399 0.03219932 0.02487182 0.06403893 0.03773194 0.02534544 0.06398183 0.05811208 0.02484303 0.06527048 0.057666 0.02478796 0.05619096 0.103122 0.02544599 0.06619095 0.06656396 0.02478796 0.06619095 0.103122 0.02658289 0.06405723 0.0635699 0.02777171 0.06648826 0.06656253 0.02678251 0.05619102 0.06348127 0.02603268 0.06533604 0.03848379 0.02667081 0.06532996 0.03180789 0.02645033 0.05619096 0.06656396 0.02577495 0.05619096 0.103122 0.02577495 0.06619095 0.103122 0.02848362 0.06601887 0.05578702 0.02996087 0.06646996 0.04271352 0.02639257 0.06647175 0.02957737 0.02843517 0.06529659 0.06368339 0.02678799 0.05619096 0.103122 0.02678799 0.06619095 0.06656396 0.02678799 0.06619095 0.103122 0.02851808 0.06405812 0.03871923 0.02823954 0.064426 0.05719083 0.03030741 0.06565499 0.03258615 0.02845031 0.05619096 0.06656396 0.02777498 0.05619096 0.103122 0.02777498 0.06619095 0.103122 0.02867013 0.06533545 0.03948062 0.02896291 0.05619102 0.05696821 0.03196996 0.06639379 0.06403338 0.02878797 0.05619096 0.103122 0.029446 0.06619095 0.06656396 0.02878797 0.06619095 0.103122 0.03068959 0.06595456 0.04179412 0.03070533 0.06404852 0.03360474 0.03038007 0.05619102 0.03351235 0.03045028 0.05619096 0.06656396 0.02977496 0.05619096 0.103122 0.02977496 0.06619095 0.103122 0.03124368 0.06641328 0.05184537 0.03152602 0.06405174 0.06186521 0.03097885 0.05619102 0.04037481 0.03125965 0.06405335 0.0551939 0.03335744 0.06643778 0.03233575 0.03176349 0.05619102 0.06167376 0.03135263 0.06442964 0.04092741 0.03087383 0.06535708 0.05473738 0.030788 0.05619096 0.103122 0.03144598 0.06619095 0.06656396 0.030788 0.06619095 0.103122 0.03294485 0.05619096 0.0532341 0.03197628 0.06563901 0.06249779 0.03237843 0.06632143 0.04805976 0.03245031 0.05619096 0.06656396 0.03177499 0.05619096 0.103122 0.03177499 0.06619095 0.103122 0.0328027 0.06589812 0.04555594 0.03253769 0.06535685 0.05246084 0.03288757 0.06448537 0.04306179 0.03405994 0.06532579 0.03502088 0.03278797 0.05619096 0.103122 0.03344595 0.06619095 0.06656396 0.03278797 0.06619095 0.103122 0.03346806 0.05619102 0.04392081 0.03362113 0.06406915 0.05147743 0.0335952 0.06526976 0.04955047 0.03377163 0.06448042 0.04516023 0.03500103 0.06405758 0.03657108 0.03445029 0.05619096 0.06656396 0.03377497 0.05619096 0.103122 0.03377497 0.06619095 0.103122 0.03479278 0.05619108 0.03644478 0.03422594 0.06398075 0.04765707 0.03427213 0.05619102 0.04797494 0.03564941 0.06404793 0.05863994 0.03699892 0.06627422 0.03601872 0.03624391 0.06553351 0.05903577 0.03478795 0.05619096 0.103122 0.03544598 0.06619095 0.06656396 0.03478795 0.06619095 0.103122 0.03691279 0.0561909 0.05716282 0.0384345 0.06639856 0.05880343 0.03645032 0.05619096 0.06656396 0.03577494 0.05619096 0.103122 0.03577494 0.06619095 0.103122 0.03715163 0.06533026 0.03825938 0.03678798 0.05619096 0.103122 0.03744596 0.06619095 0.06656396 0.03678798 0.06619095 0.103122 0.03988552 0.06643724 0.03900891 0.03816813 0.06441557 0.04081374 0.03799182 0.05619108 0.0406832 0.03849333 0.06405335 0.05426257 0.0384503 0.05619096 0.06656396 0.03777498 0.05619096 0.103122 0.03777498 0.06619095 0.103122 0.03855538 0.06532901 0.05533725 0.03878796 0.05619096 0.103122 0.03944599 0.06619095 0.06656396 0.03878796 0.06619095 0.103122 0.03946137 0.06588977 0.04115313 0.03945207 0.05619108 0.05104446 0.03966474 0.0640608 0.04578286 0.03960275 0.05619108 0.04573118 0.04005002 0.06532567 0.05112206 0.03962659 0.06406551 0.05007201 0.04020935 0.0653243 0.04572087 0.04103446 0.06636935 0.05297148 0.04045033 0.05619096 0.06656396 0.03977495 0.05619096 0.103122 0.03977495 0.06619095 0.103122 0.04180377 0.06637859 0.04653346 0.04078799 0.05619096 0.103122 0.04144597 0.06619095 0.06656396 0.04078799 0.06619095 0.103122 0.04177498 0.05619096 0.06656396 0.04177498 0.05619096 0.103122 0.04177498 0.06619095 0.103122 0.04343396 0.05619096 0.02956396 0.04343396 0.05619096 0.06656396 0.04343396 0.066491 0.02956396 0.04343396 0.066491 0.06656396 0.04504996 0.05219095 0.04475897 0.04504996 0.05219095 0.05921399 0.04504996 0.05499094 0.04475897 0.04504996 0.05499094 0.05921399 0.04504996 0.05619096 0.04475897 0.04504996 0.05619096 0.05921399 0.04504996 0.06219094 0.04475897 0.04504996 0.06219094 0.05921399 0.04507994 0.05619096 0.02598994 0.04507994 0.05619096 0.03745996 0.04507994 0.05619096 0.09366798 0.04507994 0.05619096 0.105137 0.04507994 0.06219094 0.02598994 0.04507994 0.06219094 0.03745996 0.04507994 0.06219094 0.09366798 0.04507994 0.06219094 0.105137 0.04552096 0.05619096 0.02456396 0.04766255 0.05617725 0.04064261 0.04767811 0.05617737 0.09052228 0.04769659 0.05499094 0.04160791 0.04769659 0.05499094 0.09060794 0.04776102 0.05618011 0.04164129 0.04774457 0.05618166 0.089513 0.04815983 0.05499094 0.03996574 0.04793977 0.05499094 0.08920252 0.04842519 0.05618005 0.03997528 0.04860436 0.05617815 0.04220777 0.048563 0.05617731 0.0889256 0.04860436 0.05617815 0.0912078 0.04930645 0.05499094 0.04216229 0.0486958 0.05499094 0.09118664 0.04866898 0.05619096 0.06197094 0.04866898 0.05619096 0.07617497 0.04866898 0.06219094 0.06197094 0.04866898 0.06219094 0.07617497 0.04935991 0.05499094 0.08907353 0.04954797 0.05617427 0.04021459 0.04908698 0.05619096 0.08010196 0.04908698 0.05619096 0.08795595 0.04908698 0.05919098 0.08010196 0.04908698 0.05919098 0.08795595 0.04977083 0.05499094 0.04051977 0.04982525 0.05499094 0.09056943 0.04976403 0.05617511 0.04163175 0.04974162 0.05617594 0.08945548 0.04965835 0.05617737 0.0907489 0.04973399 0.05359095 0.08076399 0.04973399 0.05359095 0.08556395 0.04973399 0.05499094 0.08076399 0.04973399 0.05499094 0.08556395 0.05044895 0.05367898 0.04616498 0.05044895 0.05367898 0.05798 0.05050897 0.05649781 0.0811116 0.05049699 0.05649399 0.08701097 0.05044895 0.05668199 0.09459298 0.05044895 0.05668199 0.104285 0.05044895 0.05694997 0.02664995 0.05044895 0.05694997 0.03644198 0.0505712 0.05694586 0.06305319 0.05054676 0.0569427 0.07481271 0.05049699 0.05856746 0.08115148 0.05050897 0.05854195 0.08706915 0.05058097 0.06084799 0.04616498 0.05063754 0.06101572 0.05817276 0.05044895 0.06125998 0.02664995 0.05044895 0.06125998 0.03644198 0.05054676 0.06126147 0.06315547 0.0505712 0.06126081 0.07488638 0.05044895 0.06152796 0.09459298 0.05044895 0.06152796 0.104285 0.05066895 0.05346673 0.04919099 0.05066895 0.05282998 0.054811 0.05066895 0.05367898 0.054811 0.05066895 0.05618 0.04587018 0.05066895 0.05618 0.05807638 0.05066895 0.06151896 0.04542797 0.05673396 0.05359095 0.08076399 0.05673396 0.05359095 0.08556395 0.05673396 0.05499094 0.02456396 0.05673396 0.05499094 0.04475897 0.05673396 0.05499094 0.05921399 0.05673396 0.05499094 0.08076399 0.05673396 0.05499094 0.08556395 0.05673396 0.05499094 0.106564 0.05673396 0.05619096 0.02456396 0.05673396 0.05619096 0.02598994 0.05673396 0.05619096 0.03745996 0.05673396 0.05619096 0.04475897 0.05673396 0.05619096 0.05921399 0.05673396 0.05619096 0.06197094 0.05673396 0.05619096 0.07617497 0.05673396 0.05619096 0.08010196 0.05673396 0.05619096 0.08795595 0.05673396 0.05619096 0.09366798 0.05673396 0.05619096 0.105137 0.05673396 0.05619096 0.106564 0.05844897 0.05367898 0.04616498 0.05853694 0.05405771 0.04919099 0.05853694 0.05398195 0.054811 0.05844897 0.05367898 0.05798 0.05852228 0.05418395 0.04835098 0.05853694 0.05418395 0.05565094 0.05858099 0.05618 0.04591929 0.05859565 0.05618 0.04835098 0.058559 0.05618 0.05565094 0.05861395 0.05618 0.05830132 0.05844897 0.05619096 0.02598994 0.05844897 0.05619096 0.03745996 0.05844897 0.05643647 0.09413051 0.05844897 0.05643647 0.104569 0.05848896 0.05648857 0.08117997 0.05848896 0.05649399 0.08701097 0.05844897 0.05694997 0.02664995 0.05844897 0.05694997 0.03644198 0.05853044 0.05693835 0.06322854 0.05853044 0.0569427 0.07481271 0.05848896 0.05856746 0.08115148 0.05848896 0.05860316 0.08696943 0.05844897 0.06125998 0.02664995 0.05844897 0.06125998 0.03644198 0.05853044 0.06126147 0.06315547 0.05853044 0.06126236 0.07476013 0.05844897 0.06152796 0.09459298 0.05844897 0.06152796 0.104285 0.05844897 0.06219094 0.02598994 0.05844897 0.06219094 0.03745996 0.05844897 0.06219094 0.09366798 0.05844897 0.06219094 0.105137 0.05852895 0.05619096 0.08010196 0.05852895 0.05619096 0.08795595 0.05852895 0.05919098 0.08010196 0.05852895 0.05919098 0.08795595 0.05861198 0.05619096 0.06197094 0.05861198 0.05619096 0.07617497 0.05861198 0.06219094 0.06197094 0.05861198 0.06219094 0.07617497 0.05866897 0.05219095 0.04475897 0.05866897 0.05219095 0.05921399 0.05866897 0.05282998 0.04919099 0.05866897 0.05282998 0.054811 0.05866897 0.06151896 0.04542797 0.05866897 0.06151896 0.05846196 0.05866897 0.06219094 0.04475897 0.05866897 0.06219094 0.05921399 0.035429 0.07499098 -0.01794797 0.035429 0.07999098 -0.01794797 0.03554195 0.07499098 -0.02112096 0.03554195 0.07999098 -0.02112096 0.03683733 0.06999099 -0.01869404 0.03658986 0.07499098 -0.01949685 0.0371918 0.06999099 -0.02070879 0.03710913 0.07499098 -0.02019214 0.03705996 0.07999098 -0.01876062 0.03720909 0.07499098 -0.01863241 0.03726708 0.07999098 -0.02030968 0.03759104 0.07499098 -0.01804262 0.03798544 0.07499098 -0.020998 0.03808385 0.06999099 -0.01790881 0.03884112 0.07499098 -0.01819056 0.0386399 0.07999098 -0.01817315 0.03858947 0.07499098 -0.02068966 0.03878694 0.07999098 -0.02067303 0.03812098 0.07499098 -0.01626294 0.03812098 0.07999098 -0.01626294 0.03891563 0.07499098 -0.01803791 0.03834694 0.07499098 -0.02260994 0.03834694 0.07999098 -0.02260994 0.0390985 0.06999099 -0.02072995 0.0393325 0.06999099 -0.01833492 0.03947407 0.07499098 -0.02037578 0.03949767 0.07499098 -0.01975303 0.03952938 0.07999098 -0.01929646 0.03972548 0.07499098 -0.0190767 0.03976088 0.06999099 -0.01958954 0.04092496 0.07499098 -0.01775199 0.04092496 0.07999098 -0.01775199 0.04103899 0.07499098 -0.02092498 0.04103899 0.07999098 -0.02092498 0.01518595 0.07499098 -0.02032798 0.01518595 0.07999098 -0.02032798 0.01593798 0.07499098 -0.01724296 0.01593798 0.07999098 -0.01724296 0.0166825 0.06999099 -0.01900112 0.01682901 0.07499098 -0.02029144 0.01707011 0.07499098 -0.01840376 0.01727074 0.06999099 -0.02065753 0.01690673 0.07499098 -0.01944166 0.01687997 0.07999098 -0.01949298 0.01770764 0.07499098 -0.02062839 0.01759147 0.07499098 -0.01832586 0.018036 0.07999098 -0.01809614 0.01788479 0.07999098 -0.02069175 0.01748198 0.07499098 -0.02252197 0.01748198 0.07999098 -0.02252197 0.01820093 0.06999099 -0.0178551 0.01892685 0.07499098 -0.01794433 0.01886808 0.06999099 -0.0208851 0.01877719 0.07499098 -0.02092176 0.01902478 0.07499098 -0.01833641 0.01935976 0.07499098 -0.02024513 0.01936292 0.07999098 -0.02018564 0.01898497 0.07499098 -0.01635098 0.01898497 0.07999098 -0.01635098 0.01931369 0.07999098 -0.01874476 0.0198394 0.06999099 -0.01907861 0.01977473 0.07499098 -0.01965135 0.02052998 0.07499098 -0.02162998 0.02052998 0.07999098 -0.02162998 0.021281 0.07499098 -0.01854497 0.021281 0.07999098 -0.01854497 0.01073396 0.07999098 -0.02943599 0.01073396 0.07999098 0.09976398 0.01073396 0.07999098 0.160564 0.01073396 0.08499097 -0.02943599 0.01073396 0.08499097 0.160564 0.01373398 0.139991 0.02056396 0.01378393 0.139991 0.0680685 0.01373398 0.139991 0.110564 0.01373398 0.144991 0.02056396 0.01373398 0.144991 0.110564 0.01381295 0.08499097 0.06404799 0.01419478 0.08499091 0.06987643 0.01409471 0.139991 0.06220877 0.01503473 0.08499097 0.05938994 0.01518398 0.08499097 0.104514 0.01628756 0.139991 0.05721998 0.01660698 0.139991 0.07434701 0.01650983 0.07999098 -0.019737 0.01650983 0.07999098 2.62945e-4 0.01650983 0.07999098 0.1302629 0.01650983 0.07999098 0.1502629 0.01672118 0.08499097 -0.01873987 0.01657617 0.08499097 4.09879e-4 0.01672118 0.08499097 0.13126 0.01672118 0.08499097 0.15126 0.01711255 0.08499097 -0.02079051 0.01711255 0.08499097 0.1292094 0.01711255 0.08499097 0.1492094 0.01738005 0.08499097 0.002025604 0.01755875 0.07999098 -0.01790308 0.01755869 0.07999098 0.002096831 0.01755875 0.07999098 0.1320968 0.01755869 0.07999098 0.1520968 0.01752072 0.08499097 -9.42214e-4 0.01743531 0.139991 0.03257465 0.01743531 0.139991 0.1000747 0.01749855 0.144991 0.03272747 0.01749855 0.144991 0.1002275 0.01780378 0.07999098 -0.02100861 0.01780372 0.07999098 -0.001008629 0.01780378 0.07999098 0.1289913 0.01780372 0.07999098 0.1489914 0.01777297 0.08499097 -0.01787817 0.01777297 0.08499097 0.1321218 0.01777297 0.08499097 0.1521218 0.01796799 0.139991 0.03016984 0.01796799 0.139991 0.09766983 0.01759034 0.144991 0.03080606 0.01783984 0.144991 0.09779798 0.01868641 0.08499097 0.05455601 0.0182814 0.08499097 0.0762062 0.01763397 0.144991 0.03768897 0.01763397 0.144991 0.05431395 0.01763397 0.144991 0.07681399 0.01763397 0.144991 0.09343898 0.01782178 0.134991 0.06593912 0.01782619 0.139991 0.04321873 0.01782178 0.139991 0.08843916 0.01797121 0.144991 0.04376006 0.01797121 0.144991 0.06626003 0.01797121 0.144991 0.08876001 0.01812511 0.144991 0.04210096 0.01812511 0.144991 0.06460094 0.01812511 0.144991 0.08710098 0.01852095 0.134991 0.06420511 0.01852095 0.139991 0.04170513 0.01852095 0.139991 0.08670508 0.01897805 0.139991 0.04469043 0.01939398 0.139991 0.0340479 0.01939398 0.139991 0.1015479 0.01862961 0.144991 0.0298776 0.019001 0.144991 0.03390336 0.019001 0.144991 0.1014034 0.01941639 0.134991 0.06726598 0.01941639 0.139991 0.08976596 0.01911675 0.144991 0.04465585 0.01911669 0.144991 0.06715583 0.01911675 0.144991 0.08965587 0.01985913 0.144991 0.0414018 0.01985913 0.144991 0.06390178 0.01985913 0.144991 0.08640182 0.02018004 0.134991 0.06405121 0.02120763 0.134991 0.06586426 0.02039748 0.139991 0.02982854 0.02018004 0.139991 0.04155117 0.02018004 0.139991 0.08655118 0.02039748 0.139991 0.0973286 0.02024465 0.144991 0.0297653 0.02024465 0.144991 0.0972653 0.02071458 0.139991 0.05308246 0.02118742 0.139991 0.07831752 0.02054673 0.144991 0.04434454 0.02054673 0.144991 0.06684452 0.02054673 0.144991 0.0893445 0.02623397 0.07999098 -0.02943599 0.02623397 0.07999098 0.160564 0.02062028 0.144991 0.03363245 0.02062028 0.144991 0.1011325 0.02076452 0.139991 0.04412674 0.02120763 0.139991 0.08836424 0.02107584 0.139991 0.04269677 0.02112507 0.144991 0.04278612 0.02112507 0.144991 0.06528615 0.02112507 0.144991 0.08778613 0.02130246 0.139991 0.03295028 0.02130246 0.139991 0.1004503 0.02157336 0.139991 0.031331 0.02157336 0.139991 0.09883099 0.0217179 0.144991 0.03172397 0.0217179 0.144991 0.09922403 0.02518129 0.08499097 0.05124777 0.022336 0.08499097 0.07880997 0.02523398 0.144991 0.03056395 0.0285027 0.144991 0.110564 0.02325618 0.07999098 0.06478667 0.02334839 0.144991 0.06704992 0.02376437 0.07999092 0.06807494 0.02353423 0.144991 0.06374907 0.02435266 0.07999092 0.06234192 0.02522093 0.144991 0.06150603 0.02522784 0.144991 0.06959974 0.02521896 0.08499097 0.07974696 0.02523392 0.139991 0.05137628 0.02523392 0.139991 0.07975041 0.02523398 0.104991 0.05137699 0.02524888 0.104991 0.06153565 0.02525568 0.104991 0.0696209 0.02535426 0.104991 0.07986754 0.02523398 0.139991 0.03056395 0.02523398 0.139991 0.100564 0.02523398 0.144991 0.100564 0.02641564 0.07999098 0.06086504 0.02625447 0.07999092 0.07019042 0.02623397 0.07999098 -0.02693599 0.02623397 0.07999098 0.158064 0.02623397 0.08499097 -0.02943599 0.02623397 0.08499097 -0.02693599 0.02623397 0.08499097 0.158064 0.02623397 0.08499097 0.160564 0.0280627 0.104991 0.0604605 0.02840435 0.104991 0.0706672 0.02965235 0.07999092 0.0606662 0.02938872 0.07999098 0.07053786 0.03128165 0.08499097 0.07988035 0.03111428 0.104991 0.05125987 0.03023397 0.07999098 -0.02943599 0.03023397 0.07999098 -0.02693599 0.03023397 0.07999098 0.158064 0.03023397 0.07999098 0.160564 0.03023397 0.08499097 -0.02943599 0.03023397 0.08499097 -0.02693599 0.03023397 0.08499097 0.158064 0.03023397 0.08499097 0.160564 0.03121209 0.104991 0.0615065 0.03121912 0.104991 0.06959182 0.03123396 0.104991 0.07975 0.03123396 0.139991 0.03056395 0.03123402 0.139991 0.05137652 0.03128731 0.139991 0.07988804 0.03123396 0.139991 0.100564 0.03123396 0.144991 0.03056395 0.0312401 0.144991 0.06152826 0.0312466 0.144991 0.06962144 0.03123396 0.144991 0.100564 0.03124898 0.08499097 0.05137997 0.03176897 0.07999098 0.06202799 0.03252297 0.07999086 0.06836122 0.03320795 0.07999098 0.06441009 0.03284025 0.144991 0.06352466 0.03320783 0.144991 0.06671869 0.04273396 0.144991 0.02056396 0.0356251 0.144991 0.04210096 0.0354712 0.144991 0.04376006 0.0345965 0.144991 0.07681399 0.0354712 0.144991 0.08876007 0.03575599 0.08499097 0.05308419 0.03528302 0.139991 0.05281102 0.03493529 0.139991 0.03257465 0.03493529 0.139991 0.1000747 0.03499859 0.144991 0.03272747 0.03499859 0.144991 0.1002275 0.03546798 0.139991 0.03016984 0.03546798 0.139991 0.09766983 0.03533983 0.144991 0.03029799 0.03533983 0.144991 0.09779798 0.03532177 0.134991 0.06593912 0.03532177 0.139991 0.04343914 0.03532177 0.139991 0.08843916 0.0354712 0.144991 0.06626003 0.0356251 0.144991 0.06460094 0.0356251 0.144991 0.08710098 0.03602093 0.134991 0.06420511 0.03602093 0.139991 0.04170513 0.03602093 0.139991 0.08670508 0.03689402 0.139991 0.0340479 0.03689402 0.139991 0.1015479 0.03650099 0.144991 0.03390336 0.03650104 0.144991 0.1014034 0.03691643 0.134991 0.06726598 0.03714054 0.139991 0.04480654 0.03670614 0.139991 0.08970504 0.03661674 0.144991 0.04465585 0.03728425 0.144991 0.06728762 0.03661674 0.144991 0.08965587 0.03735911 0.144991 0.0414018 0.03735917 0.144991 0.06390178 0.03735917 0.144991 0.08640182 0.0377779 0.08499097 0.07657366 0.03818362 0.139991 0.07620847 0.03768002 0.134991 0.06405121 0.03789746 0.139991 0.02982854 0.03768002 0.139991 0.04155117 0.03768002 0.139991 0.08655118 0.03789746 0.139991 0.0973286 0.03774464 0.144991 0.0297653 0.03774464 0.144991 0.0972653 0.03823548 0.144991 0.04421877 0.03804671 0.144991 0.0893445 0.03812026 0.144991 0.03363245 0.03812026 0.144991 0.1011325 0.03826451 0.139991 0.0891267 0.03870761 0.134991 0.0658642 0.03897869 0.07999098 -0.0209186 0.03892183 0.07999098 -0.01793909 0.03897869 0.07999098 -9.18632e-4 0.03892183 0.07999098 0.00206083 0.03897869 0.07999098 0.1290813 0.03892183 0.07999098 0.1320608 0.03897869 0.07999098 0.1490814 0.03892183 0.07999098 0.1520609 0.03888911 0.08499097 -0.02095574 0.03894555 0.08499097 -0.01793026 0.03888911 0.08499097 -9.55781e-4 0.03894555 0.08499097 0.002069711 0.03888911 0.08499097 0.1290442 0.03894555 0.08499097 0.1320697 0.03888916 0.08499097 0.1490442 0.03894555 0.08499097 0.1520697 0.03868597 0.139991 0.0431329 0.03857582 0.139991 0.08769673 0.03854745 0.144991 0.04259067 0.03868597 0.144991 0.06549644 0.03862506 0.144991 0.08778613 0.0388025 0.139991 0.03295028 0.0388025 0.139991 0.1004503 0.03907334 0.139991 0.031331 0.03907334 0.139991 0.09883099 0.03921788 0.144991 0.03172397 0.03921788 0.144991 0.09922403 0.04273396 0.144991 0.110564 0.04017996 0.08499097 0.05722099 0.03985899 0.139991 0.05677914 0.03993594 0.07999098 -0.01936703 0.03993594 0.07999098 6.32949e-4 0.03993594 0.07999098 0.1306329 0.03993594 0.07999098 0.1506329 0.03993594 0.08499097 -0.01950353 0.03993594 0.08499097 4.96445e-4 0.03993594 0.08499097 0.1304965 0.03993594 0.08499097 0.1504964 0.04143124 0.08499097 0.07173985 0.04206085 0.139991 0.07036513 0.04250502 0.08499091 0.06266945 0.04268389 0.139991 0.06306153 0.04265397 0.08499097 0.067079 0.04273396 0.139991 0.02056396 0.04273396 0.139991 0.110564 0.04573398 0.07999098 -0.02943599 0.04573398 0.07999098 0.09976398 0.04573398 0.07999098 0.160564 0.04573398 0.08499097 -0.02943599 0.04573398 0.08499097 0.104514 0.04573398 0.08499097 0.160564</float_array>
          <technique_common>
            <accessor source="#Shape_IndexedFaceSet-mesh-positions-array" count="1578" stride="3">
              <param name="X" type="float"/>
              <param name="Y" type="float"/>
              <param name="Z" type="float"/>
            </accessor>
          </technique_common>
        </source>
        <source id="Shape_IndexedFaceSet-mesh-normals">
          <float_array id="Shape_IndexedFaceSet-mesh-normals-array" count="12213">-0.4514855 0 -0.8922785 -0.4514914 0 -0.8922755 0.5470474 0 -0.8371018 0.5470424 0 -0.8371049 0.9984798 0 0.05512028 0.9984797 0 0.05512142 0.4516178 0 0.8922116 0.4516125 0 0.8922142 -0.5470478 0 0.8371013 -0.5470431 0 0.8371045 -0.998497 0 -0.05480641 -0.9984786 0 -0.05514097 -0.9984787 0 -0.05514097 -0.9984787 0 -0.05514097 0 -1 -3.82657e-7 0 -1 0 0 -1 3.63671e-6 0 -1 -2.32257e-6 0 -1 4.47437e-7 0 -1 1.84185e-6 0 -1 8.22609e-6 0 -1 -2.69237e-6 0 -1 -4.3195e-6 1.3458e-6 1 0 -4.49282e-7 1 0 -1.38472e-6 1 3.11403e-6 -2.10397e-6 1 0 -2.71418e-6 1 5.22339e-6 1.32472e-6 1 -5.95819e-6 2.62702e-6 1 0 -1.10307e-6 1 -5.24833e-6 -1.05669e-6 1 -2.6986e-6 1.45504e-6 1 -4.52897e-6 1.16222e-6 1 7.91495e-6 -0.5393533 0.8420774 -0.002003729 -0.5278882 0.8418076 0.1126682 -0.5372968 0.8357008 0.11365 -0.3550634 0.8379275 0.4144969 -0.2596688 0.8384464 0.4791446 -0.2636128 0.8335952 0.4854148 0.2394485 0.8315644 0.5011639 0.3379663 0.8312007 0.4414568 0.343855 0.8231707 0.4518339 0.5541875 0.8314285 0.04003775 0.5499567 0.831808 -0.07512015 0.559171 0.8256065 -0.0755102 0.2429727 0.8314483 -0.499658 0.1349008 0.8310595 -0.5395758 0.139165 0.8232266 -0.5503917 -0.3866794 0.8316609 -0.3985213 -0.2908402 0.8370868 -0.4633548 -0.3812928 0.8372385 -0.3919793 -0.9995079 0.02893757 -0.01211196 -0.9994402 0.03119587 -0.0120908 -0.9771475 0.02845579 0.2106493 -0.6640362 -0.03736257 0.7467664 -0.8135982 -0.03814715 0.5801749 -0.664011 -0.03817296 0.7467478 -0.6506395 0.009364306 0.7593291 -0.650396 9.96784e-4 0.7595947 -0.4653903 0.01026558 0.8850461 0.4196351 -0.001074671 0.9076923 0.4206895 0.01492422 0.907082 0.6110555 -0.001743435 0.7915859 0.6265806 -0.02281224 0.7790228 0.4386996 -0.006527602 0.8986101 0.6276264 -0.006523191 0.7784873 0.9971072 0.00581777 0.07578593 0.9969856 0.02024453 0.07489889 0.988974 0.006494462 -0.1479466 0.9778102 -0.02161753 -0.2083747 0.9998802 -0.00753355 0.01352328 0.977829 -0.007531702 -0.2092694 0.4489207 0.008275628 -0.8935333 0.4480443 0.02209812 -0.8937382 0.2388772 0.007603406 -0.97102 0.1368298 -0.0284186 -0.9901868 0.3530902 -0.01504528 -0.9354683 0.1360984 -0.01504373 -0.9905811 -0.5274493 0.01795977 -0.8493967 -0.5276786 0.02801704 -0.848982 -0.703222 0.01823836 -0.7107363 -0.8755365 -0.04058337 -0.4814446 -0.7468137 -0.03236305 -0.6642454 -0.8759317 -0.03237032 -0.4813482 -0.9300702 0.03429508 -0.3657779 -0.9847443 0.02781182 -0.1717708 -0.9847463 0.02751851 -0.1718062 -0.9839136 -0.04740875 0.1722397 -0.9839658 -0.04548639 0.1724595 -0.9293236 -0.04760342 0.3661853 -0.7421366 0.04646301 0.6686363 -0.5926479 0.0484758 0.8040016 -0.5928648 0.04624241 0.8039733 -0.09055435 -0.04639965 0.9948101 -0.09028023 -0.04273164 0.9949993 0.1107928 -0.03938221 0.993063 0.1752146 0.003795087 0.984523 0.3688801 0.02051764 0.9292505 0.368969 0.0157445 0.9293084 0.8888477 0.004874765 0.4581769 0.9616458 -0.02583289 0.2730752 0.9620344 -0.02137148 0.2720904 0.8886266 0.02641922 0.45787 0.8882308 0.02185356 0.4588776 0.9619809 -0.004802405 0.2730749 0.903927 -0.02039003 -0.4272006 0.9040314 -0.01560151 -0.4271813 0.8001393 -0.003714501 -0.5998028 0.7833085 0.02951967 -0.6209319 0.6426628 0.03891283 -0.7651603 0.6429255 0.03494119 -0.7651313 0.1863355 -0.03201949 -0.9819644 0.186234 -0.03032147 -0.9820375 -0.01481431 -0.03055393 -0.9994234 -0.2390081 0.02737993 -0.9706315 -0.4290549 0.02670925 -0.9028835 -0.4289548 0.02522736 -0.9029737 -0.6377252 -0.01993328 -0.7700061 -0.63778 -0.01927703 -0.7699774 -0.7793091 -0.02368211 -0.626192 0 -1 5.11051e-6 -0.4514905 0 -0.892276 -0.4514909 0 -0.8922759 0.5470448 0 -0.8371034 0.5470463 0 -0.8371024 0.9984797 0 0.05512082 0.9984798 0 0.05512088 0.4516164 0 0.8922123 0.4516175 0 0.8922117 -0.5470459 0 0.8371027 -0.5470457 0 0.8371028 -0.998497 0 -0.05480623 -0.9984787 0 -0.05514115 -0.9984787 1.19398e-7 -0.05514115 -0.9984787 0 -0.05514115 0 -1 -1.89339e-6 0 -1 8.20627e-6 0 -1 -2.03105e-6 0 -1 3.79916e-6 0 -1 3.37854e-6 0 -1 -3.08714e-6 0.9694806 -0.03689128 0.2423766 0.9696806 -0.03130853 0.2423623 0.9995796 -0.01928055 0.02165168 0.9984223 0.03273046 -0.04562526 0.963063 0.04464089 -0.2655503 0.9633412 0.03970974 -0.2653245 0.6848952 -0.03928077 -0.7275821 0.6848214 -0.03613591 -0.7278145 0.506403 -0.03395873 -0.861628 0.2310255 0.05851715 -0.9711863 0.009892642 0.05698484 -0.9983261 0.0101782 0.05465781 -0.9984533 -0.3812799 -0.03963524 -0.9236096 -0.3812075 -0.04014784 -0.9236174 -0.5762634 -0.05105829 -0.8156676 -0.9533316 0.03153759 -0.3002737 -0.9526782 0.04072266 -0.3012412 -0.9939754 0.07078909 -0.08367687 -0.9205437 -0.009286403 -0.3905293 -0.9838027 0.01931393 -0.1782112 -0.9839631 0.01092094 -0.1780378 -0.7678726 -0.01423972 0.6404443 -0.7679652 -0.008568286 0.6404343 -0.6071123 0.005599558 0.7945963 -0.7229796 -0.00636518 0.69084 -0.5520694 0.01325327 0.833693 -0.5520414 0.007415235 0.8337838 0.1416469 -0.01481229 0.9898064 0.1415482 -0.008176267 0.9898976 0.3569222 0.008078098 0.9340992 0.2520236 0.008055746 0.9676876 0.4596193 0.02782416 0.8876802 0.4596304 0.02154928 0.8878489 0 -1 6.74872e-6 0 -1 -7.80984e-7 0 1 0 0 1 7.76957e-7 0 1 -2.50595e-6 0 1 -3.83709e-6 0 1 -2.32211e-6 0 1 3.21374e-6 -0.5201135 0.8268753 0.2139135 -0.5449539 0.8334306 0.09175413 -0.5104327 0.8336501 0.2109171 -0.1096367 0.8181501 0.5644558 0.01399153 0.8184595 0.5743938 0.01270997 0.8092529 0.5873229 0.5085115 0.8267354 0.2406756 0.5495919 0.8262308 0.1236586 0.5622398 0.8169211 0.1285543 0.3391709 0.8116236 -0.4756366 0.4253433 0.8187547 -0.3856476 0.3317455 0.8196607 -0.4670134 -0.32529 0.8190377 -0.4726137 -0.4200915 0.8180803 -0.3927695 -0.429388 0.8072484 -0.4049397 -0.9870157 0.01123708 0.1602304 -0.9868993 0.01767498 0.1603672 -0.9199994 0.01160901 0.391748 -0.8135852 -0.01748669 0.5811829 -0.9290432 -0.01123911 0.3698006 -0.8135688 -0.01123911 0.5813601 -0.1999173 0.009390115 0.9797677 -0.1996074 0.01818084 0.9797073 0.04027664 0.009928464 0.9991393 0.1511707 -0.01380121 0.9884113 -0.08934563 -0.004737198 0.9959894 0.1515107 -0.004734992 0.9884443 0.8969822 0.005481064 0.4420327 0.8970521 0.0139749 0.4417041 0.9766966 0.004575431 0.2145762 0.9890877 -0.01294982 0.1467582 0.9254585 -0.003895878 0.3788291 0.9892117 -0.003894269 0.1464409 0.7426212 0.003420889 -0.669703 0.7422574 0.01469355 -0.6699539 0.5608133 0.005129694 -0.8279264 0.5037509 -0.01537567 -0.8637121 0.6955521 -0.005353093 -0.7184558 0.5034444 -0.005354762 -0.8640111 -0.5479953 0.006754815 -0.8364542 -0.5482924 0.01621657 -0.8361296 -0.7322192 0.005043625 -0.6810504 -0.8052555 -0.02029049 -0.5925808 -0.6404629 -0.01052707 -0.767917 -0.8056042 -0.01052695 -0.5923607 0.6889311 0 0.7248269 0.6889311 0 0.7248269 -0.283445 0 0.9589886 -0.2834435 0 0.9589889 -0.972164 0 0.2343016 -0.972164 0 0.2343016 -0.6887657 0 -0.7249841 -0.6887671 0 -0.7249827 0.2831541 0 -0.9590744 0.283156 0 -0.9590739 0.9721639 0 -0.2343021 0.972164 0 -0.2343015 0 -1 3.59297e-6 0 -1 -6.95713e-6 0 -1 -6.738e-6 0 -1 1.20685e-5 0 -1 -8.21531e-6 0 -1 1.76457e-6 0 -1 2.34972e-6 0 -1 -1.75258e-6 0 -1 -3.37731e-6 -0.9994311 0.03123873 0.01272225 -0.9720475 0.01997935 0.2339326 -0.9720275 0.02037775 0.2339811 -0.887977 -0.04143804 0.4580174 -0.8879464 -0.03983885 0.4582185 -0.7641862 -0.04529982 0.6434031 -0.4969815 0.04558712 0.866563 -0.2919629 0.04776519 0.9552363 -0.2921451 0.04560852 0.9552859 0.2252651 -0.03396636 0.9737053 0.2255458 -0.03018492 0.9737649 0.4356499 -0.02624994 0.8997334 0.5197094 0.02683269 0.8539217 0.6959629 0.03410029 0.7172677 0.695858 0.03023785 0.7175427 0.9703339 -0.05359703 0.2357527 0.9705425 -0.05047863 0.2355826 0.9987502 -0.047876 0.01435559 0.955133 0.04946649 -0.2920173 0.8663918 0.05193793 -0.4966565 0.8666504 0.04906362 -0.4964976 0.4813576 -0.05380725 -0.8748712 0.4811335 -0.04929685 -0.8752601 0.2757281 -0.04468637 -0.9601965 0.2521149 -0.004706859 -0.9676859 0.03188991 0.01896113 -0.9993116 0.03164333 0.0127837 -0.9994176 -0.5982694 0.02798193 -0.8008064 -0.7601429 5.11186e-4 -0.6497558 -0.7606334 0.004466116 -0.6491663 -0.7845127 -0.02398627 -0.6196488 -0.7843709 -0.02506667 -0.6197856 -0.9014719 -0.0408113 -0.4309095 0 -1 6.57241e-7 0 1 8.62341e-6 0 1 -3.44219e-6 0 1 6.50258e-6 0 1 -4.40734e-6 0 1 -7.4516e-7 0 1 4.29753e-6 0 1 -2.79046e-6 0 1 -6.21702e-6 0.5676404 0.808669 -0.1543985 0.5217584 0.8093829 -0.2695693 0.534611 0.7993255 -0.2743538 -0.3071587 0.7684782 -0.5613332 -0.1876183 0.7825225 -0.5936817 -0.3014722 0.782584 -0.5446804 -0.566883 0.7827176 0.2568989 -0.504727 0.7827193 0.3641447 -0.5201889 0.7689878 0.3715662 0.2585815 0.8087313 0.5282893 0.3640812 0.8080261 0.4631835 0.3715934 0.796314 0.4772867 0.9666602 0.02572852 -0.254767 0.9664064 0.0331605 -0.2548706 0.8775568 0.02702987 -0.4787102 0.5348134 -0.03992605 -0.8440264 0.7213611 -0.0338189 -0.691733 0.5348237 -0.03382617 -0.8442864 -0.2813262 0.03712159 -0.958894 -0.2814286 0.04448145 -0.9585506 -0.5027299 0.03711235 -0.8636465 -0.8332778 -0.03281098 -0.55188 -0.6773469 -0.02425312 -0.7352639 -0.8336355 -0.02425473 -0.5517822 -0.9191746 0.01972168 0.3933564 -0.9187658 0.03019779 0.3936467 -0.7983313 0.01972287 0.6018955 -0.8099054 0.009816765 0.5864784 -0.9262707 0.022578 0.376182 -0.8093227 0.02257341 0.5869303 -0.04621994 -0.02118623 0.9987067 -0.283885 -0.02136826 0.9586203 -0.04621911 -0.02136904 0.9987028 0.4191313 0.02628457 0.9075451 0.4191545 0.03042137 0.9074052 0.6241821 0.02498877 0.7808793 0.9016718 -0.02582788 0.4316491 0.7723305 -0.02054488 0.6348887 0.9018267 -0.02054452 0.4316095 -0.4514854 0 -0.8922786 0.5470476 0 -0.8371016 0.5470429 0 -0.8371047 0.9984798 0 0.05512082 0.9984797 0 0.05512201 0.451618 0 0.8922114 -0.5470476 0 0.8371016 -0.5470429 0 0.8371047 -0.9984785 0 -0.05514234 -0.9984786 0 -0.05514234 -0.9984785 0 -0.05514234 -0.9984707 0 -0.05528545 -0.9984706 0 -0.05528545 -0.9984706 0 -0.05528545 0 -1 1.56603e-6 0 -1 3.06127e-6 0 -1 -3.63667e-6 0 -1 -1.75583e-6 0 -1 -2.8797e-6 1.34581e-6 1 0 -4.4928e-7 1 -4.66551e-6 -1.38472e-6 1 6.22806e-6 -1.10307e-6 1 0 -1.05669e-6 1 -6.11686e-6 1.32472e-6 1 -5.95817e-6 1.45506e-6 1 0 1.16222e-6 1 4.74898e-6 -2.10397e-6 1 0 -2.71415e-6 1 4.74849e-7 2.627e-6 1 0 -0.5393521 0.842078 -0.002008557 -0.5278874 0.8418087 0.1126635 -0.537296 0.835702 0.1136452 -0.3550637 0.8379284 0.4144948 -0.2596657 0.8384526 0.4791358 -0.2636083 0.8336015 0.4854063 0.2394566 0.8315518 0.5011808 0.3379731 0.8311927 0.4414667 0.3438631 0.8231573 0.451852 0.5541846 0.8314306 0.04003417 0.549954 0.8318095 -0.07512384 0.5591685 0.825608 -0.07551383 0.2429735 0.8314476 -0.499659 0.1349015 0.8310586 -0.5395768 0.1391657 0.8232258 -0.5503928 -0.3866747 0.8316685 -0.3985102 -0.2908359 0.8370944 -0.4633438 -0.3812871 0.8372458 -0.3919692 -0.9995079 0.02893573 -0.01211851 -0.9994403 0.03119403 -0.01209729 -0.9771489 0.02845466 0.210643 -0.6640297 -0.03736257 0.7467722 -0.8135931 -0.03814738 0.5801819 -0.6640046 -0.03817319 0.7467535 -0.6506286 0.009364604 0.7593384 -0.6503847 9.96702e-4 0.7596043 -0.4653775 0.01026517 0.8850528 0.4196373 -0.001074254 0.9076913 0.4206919 0.01492446 0.907081 0.6110573 -0.001743018 0.7915846 0.6265661 -0.02281373 0.7790343 0.4386834 -0.006529271 0.8986179 0.6276124 -0.00652486 0.7784987 0.9971068 0.00581932 0.07579088 0.9969853 0.02024602 0.07490402 0.9889748 0.006496012 -0.1479417 0.9778107 -0.02161753 -0.2083721 0.9998803 -0.00753355 0.01352596 0.9778296 -0.007531702 -0.2092668 0.4489212 0.00827521 -0.893533 0.4480449 0.0220977 -0.893738 0.2388778 0.007602989 -0.9710199 0.1368295 -0.02841824 -0.990187 0.3530899 -0.01504498 -0.9354684 0.136098 -0.01504343 -0.9905812 -0.5274487 0.01796025 -0.8493971 -0.5276781 0.02801746 -0.8489823 -0.7032216 0.01823878 -0.7107367 -0.8755368 -0.04058367 -0.481444 -0.7468143 -0.03236341 -0.6642448 -0.875932 -0.03237074 -0.4813474 -0.9300706 0.03429388 -0.3657768 -0.9847445 0.02781081 -0.1717697 -0.9847469 0.02747356 -0.1718104 -0.9839126 -0.04740977 0.172245 -0.9839648 -0.04548722 0.1724649 -0.9293215 -0.04760378 0.3661904 -0.7421115 0.0464676 0.6686639 -0.5926563 0.04847645 0.8039954 -0.5928702 0.04627239 0.8039677 -0.09055429 -0.04639983 0.9948101 -0.09028297 -0.04276132 0.9949977 0.1107928 -0.03938227 0.993063 0.1752131 0.003797531 0.9845233 0.368879 0.02052009 0.929251 0.3689677 0.01574701 0.9293088 0.8888482 0.004875898 0.4581761 0.961646 -0.02583199 0.2730745 0.9620347 -0.02137053 0.2720895 0.888647 0.02640718 0.4578313 0.8882512 0.02184361 0.4588385 0.9619932 -0.004804968 0.2730314 0.9039253 -0.02039104 -0.4272039 0.9040299 -0.01560252 -0.4271845 0.8001371 -0.003715515 -0.5998057 0.7833077 0.02952027 -0.620933 0.6426618 0.03891348 -0.7651613 0.6429243 0.03494185 -0.7651323 0.1863361 -0.03201931 -0.9819642 0.1862345 -0.0303213 -0.9820374 -0.01481372 -0.03055387 -0.9994233 -0.2390075 0.02737909 -0.9706317 -0.4290542 0.02670818 -0.9028838 -0.4289542 0.02522635 -0.902974 -0.6377229 -0.01993525 -0.770008 -0.6377775 -0.019279 -0.7699794 -0.7793073 -0.0236842 -0.6261943 0 -1 -8.19106e-7 0 -1 5.11057e-6 -0.9999822 0 -0.00598365 -0.9999769 -0.0018 -0.006554961 0.9999458 -0.007296681 -0.007433652 0.999987 0 -0.005109965 1 0 0 -1 0 0 6.20882e-7 -1 4.90388e-7 0 -1 7.85713e-7 0 -1 1.30604e-6 0 -1 -2.92437e-6 0 -1 2.09977e-6 0 -1 0 -4.78046e-7 -1 0 -6.04108e-7 -1 0 3.084e-7 -1 2.79644e-6 6.52189e-7 -1 0 0 -1 -1.85552e-6 0 -1 0 -6.50952e-7 -1 7.64284e-7 -1.71608e-6 -1 0 0 -1 3.13068e-7 0 -1 0 2.46282e-7 -1 -2.23318e-6 0 -1 3.66323e-6 0 -1 -1.1207e-6 -5.88838e-7 -1 4.63223e-7 -5.40395e-7 -1 0 -5.40396e-7 -1 1.31738e-6 -3.60776e-7 -1 0 -8.31531e-6 -1 0 -3.04195e-7 -1 0 0 -1 0 0 -1 -9.02522e-7 0 -1 -1.4066e-7 1.02829e-6 -1 -4.4651e-7 7.0793e-7 -1 0 0 -1 1.9578e-7 6.96316e-7 -1 0 0 -1 9.08382e-7 0 -1 -7.13246e-7 0 -1 9.21929e-7 -8.19062e-7 -1 0 -8.65595e-7 -1 -3.37664e-6 -4.65661e-7 -1 0 6.96316e-7 -1 0 6.96316e-7 -1 0 -1.69331e-6 -1 0 1.97656e-7 -1 0 2.48353e-7 -1 1.94766e-6 1.66664e-7 -1 4.62028e-6 5.8579e-7 -1 0 2.33652e-7 -1 -6.76523e-7 2.48353e-7 -1 -1.90277e-6 0 -1 -9.08431e-6 0 -1 9.53506e-7 5.23393e-7 -1 1.21235e-6 5.8579e-7 -1 0 9.83589e-7 -1 0 -1.69332e-6 -1 0 -1.69331e-6 -1 0 4.14154e-7 -1 0 -2.89043e-7 -1 -6.15277e-6 1.67561e-7 -1 0 -2.81867e-7 -1 1.48664e-6 0 -1 -5.11339e-6 -2.93642e-7 -1 3.04477e-7 6.20882e-7 -1 0 1.88464e-7 -1 1.00122e-6 0 -1 0 3.02496e-7 -1 0 1.71075e-7 -1 -1.91507e-6 -1.52739e-7 -1 0 -2.34295e-7 -1 0 0 -1 0 0 -1 -7.87338e-7 0 -1 -6.69291e-7 2.75947e-7 -1 0 0 -1 -1.7855e-7 0 -1 6.95755e-6 0 1 -1.49464e-6 0 1 0 0 1 -6.43163e-7 0 1 -7.65828e-7 0 1 5.60576e-7 0 1 -1.82942e-6 0 1 3.46312e-7 0 1 9.98622e-7 0 1 -7.72529e-6 0 1 0 0 1 4.54855e-7 0 1 -5.02234e-7 0 1 -1.67273e-6 0 1 1.80395e-6 0 1 -8.58214e-7 0 1 -6.30803e-7 0 1 1.11242e-6 0 1 -1.94738e-6 0 1 0 0 1 -1.79047e-7 0 1 5.79197e-7 0 1 -9.26621e-7 0 1 3.10178e-6 0 1 6.4494e-7 0 1 3.64898e-6 0 1 2.35126e-5 0 1 3.7204e-6 0 1 -2.63423e-6 0 1 6.55643e-7 0 1 -1.58673e-6 0 1 7.78344e-7 0 1 -1.63519e-6 0 1 -1.95356e-5 0 1 1.11901e-6 0 1 -5.31302e-7 0 1 -3.55491e-7 0 1 3.29941e-6 0 1 -4.46144e-7 0 1 -1.72991e-7 0 1 4.1655e-6 0 1 -3.61595e-5 0 1 1.90927e-6 0 1 -5.16592e-7 0 1 -2.48436e-7 0 1 2.32967e-7 0 1 2.00713e-7 0 1 -1.60761e-6 0 1 1.45855e-7 0 1 -2.5148e-7 0 1 7.85675e-7 0 0 -1 0 0 1 0.6866068 0.01009321 -0.7269589 0.684682 0.03406476 -0.7280454 0.4750979 0.01009935 -0.879875 0.4124585 -0.03744399 -0.9102066 0.6327556 -0.01420801 -0.7742213 0.4108384 -0.01421046 -0.9115974 -0.417734 0.01441508 -0.9084551 -0.4194557 0.03856945 -0.9069562 -0.6385666 0.01441812 -0.7694315 -0.6784306 -0.02970516 -0.7340638 -0.467652 -0.004855513 -0.8838995 -0.6804484 -0.004855334 -0.7327799 -0.9790456 -0.004053115 0.2036009 -0.9353147 0.04501533 0.350942 -0.9352057 0.04745608 0.3509108 -0.8174256 0.0450347 0.5742712 -0.3459143 -0.05501067 0.9366521 -0.5698782 -0.05331182 0.8199981 -0.3459467 -0.05330586 0.9367388 0.07275068 0.07542973 0.9944937 0.07316392 0.08774441 0.9934526 0.3202975 0.07540905 0.9443109 0.7100396 -0.07107985 0.7005652 0.5127933 -0.05529814 0.8567293 0.7113707 -0.05531042 0.7006373 -0.999993 -0.003030657 0.002215862 -0.9999994 0 0.001210331 0.9999958 0 0.002914607 0.9996166 0.02539646 0.01103854 0.01098346 0.04766714 -0.9988029 -0.001173138 -0.003560066 -0.999993 -0.7195006 0.008851468 -0.6944355 -0.7207916 0.03415614 -0.6923099 -0.8746952 0.008853197 -0.4845926 -0.903194 -0.03954339 -0.4274073 -0.763839 -0.01461815 -0.6452414 -0.9048007 -0.01461482 -0.4255844 -0.9046657 0.0145905 0.4258723 -0.9030812 0.03922468 0.427675 -0.7636341 0.01458811 0.6454845 -0.7206764 -0.03442299 0.6924166 -0.8746077 -0.008858561 0.4847502 -0.7193753 -0.008853435 0.6945653 -0.001176297 0.003539204 0.9999931 0.01090627 -0.04737985 0.9988175 0.5284539 0.04895371 0.8475494 0.5284342 0.04962754 0.8475225 0.729987 0.04893934 0.6817067 0.997779 -0.04556 0.04859489 0.9509933 -0.04890424 0.30532 0.9976233 -0.04892289 0.04852235 0.9976442 0.04889816 -0.04811543 0.9978011 0.04550558 -0.04818892 0.951119 0.0488795 -0.3049322 0.52786 -0.04954653 -0.847885 0.7295241 -0.04890519 -0.6822044 0.5278782 -0.04891967 -0.8479101 0.009041845 0.04793846 -0.9988094 -0.001173138 0.004503309 -0.9999893 -0.9043717 -0.001186132 -0.426744 -0.7637534 -0.01855659 -0.6452415 -0.9047251 -0.01856225 -0.4255912 -0.8216482 0.01563757 -0.5697805 -0.8224714 -0.002348363 -0.5688018 -0.9411133 0.01563096 -0.3377299 -0.8829854 -0.002637147 0.469393 -0.8815164 0.02329134 0.4715786 -0.731448 -0.002638816 0.6818922 -0.7206758 -0.03442376 0.6924171 -0.8746075 -0.008859217 0.4847509 -0.7193748 -0.008854091 0.6945657 -0.001175224 0.003542184 0.999993 0.01090741 -0.04737973 0.9988175 0.5284377 0.04895371 0.8475596 0.5284184 0.04962712 0.8475324 0.729974 0.04893922 0.6817206 0.997779 -0.04556179 0.04859358 0.9509935 -0.04890662 0.3053188 0.9976233 -0.04892528 0.0485211 0.9976442 0.04890042 -0.04811185 0.9978013 0.04550665 -0.04818534 0.95112 0.04888182 -0.3049287 0.5277917 -0.04954326 -0.8479278 0.7294694 -0.0489034 -0.6822631 0.5278103 -0.04891705 -0.8479526 -0.7195345 0.008850812 -0.6944003 -0.7208252 0.03414601 -0.6922755 -0.8746957 0.008852422 -0.4845917 -0.8816755 -0.02365976 -0.4712629 -0.7317433 0.002576351 -0.6815755 -0.8831663 0.002573609 -0.4690532 -0.8228849 0.002442121 0.568203 -0.9413589 -0.01555621 0.3370481 -0.8220621 -0.01556289 0.5691852 -0.9046111 0.01850348 0.4258365 -0.9042592 0.001274824 0.4269821 -0.7635798 0.01849085 0.6454488 -0.00117582 -0.004462957 0.9999895 0.008980751 -0.0476458 0.998824 0.5284365 0.04895532 0.8475603 0.5284166 0.04962891 0.8475335 0.7299729 0.04894101 0.6817216 0.997779 -0.04556083 0.04859429 0.9509934 -0.04890525 0.3053195 0.9976232 -0.04892396 0.04852175 0.9976441 0.04889887 -0.04811573 0.9978011 0.04550588 -0.04818928 0.9511188 0.04888021 -0.3049325 0.527848 -0.04954582 -0.8478926 0.7295146 -0.04890489 -0.6822146 0.5278665 -0.04891926 -0.8479175 0.01098483 0.04766809 -0.9988029 -0.001174151 -0.003561019 -0.999993 -0.001174151 -0.003561198 -0.999993 0.01098471 0.04766821 -0.9988029 0.5284351 0.04895448 0.8475611 0.5284154 0.04962795 0.8475342 0.7299719 0.04894012 0.6817228 0.997779 -0.04556071 0.04859405 0.9509934 -0.04890525 0.3053193 0.9976233 -0.0489239 0.04852151 0.9976441 0.04890036 -0.0481171 0.9978011 0.04550737 -0.04819053 0.9511184 0.0488817 -0.3049337 0.527849 -0.04954582 -0.8478919 0.7295154 -0.04890483 -0.6822138 0.5278674 -0.0489192 -0.8479169 -0.001175761 0.003541469 0.999993 0.01090842 -0.04738086 0.9988174 -0.7195345 0.008849978 -0.6944004 -0.7208251 0.03414523 -0.6922755 -0.8746957 0.008851647 -0.4845919 -0.9031728 -0.03953421 -0.4274531 -0.763837 -0.01461827 -0.6452438 -0.904779 -0.01461499 -0.4256306 -0.9046658 0.01459103 0.425872 -0.9030812 0.03922533 0.4276747 -0.7636343 0.01458859 0.6454843 -0.7206738 -0.03442299 0.6924192 -0.874606 -0.008858382 0.4847536 -0.7193727 -0.008853256 0.6945679 2.29577e-7 0 1 -0.9953725 0.01666599 -0.09463524 -0.9947561 0.04610151 -0.09129691 -0.9859526 0.01666909 0.1661916 -0.9684838 -0.04481679 0.2450116 -0.9998232 -0.01545089 -0.01071983 -0.9685356 -0.01544946 0.248395 0.01017385 0.01543217 0.9998292 0.01343542 0.04487287 0.9989024 0.2685784 0.01543521 0.9631342 0.3449625 -0.04593813 0.9374917 0.09391462 -0.01658827 0.995442 0.3483355 -0.0165866 0.9372231 0.997425 0.01501208 -0.07012891 0.996608 0.03931415 -0.07229834 0.9452964 0.01501321 -0.3258671 0.916418 -0.03563863 -0.3986328 0.9885824 -0.01114225 -0.150269 0.9160399 -0.01113897 -0.4009325 0.1502742 0.01115208 -0.9885815 0.1479669 0.03553938 -0.9883536 -0.1106707 0.01115381 -0.9937946 -0.1882717 -0.03945904 -0.981324 0.06992959 -0.01508903 -0.9974378 -0.1905836 -0.01508593 -0.9815551 -0.995377 0.01666641 -0.09458839 -0.9947606 0.04609131 -0.09125131 -0.9859528 0.01666945 0.1661907 -0.9684842 -0.04481661 0.2450098 -0.9998232 -0.01545071 -0.01072162 -0.9685361 -0.01544922 0.2483932 0.01011765 0.01543277 0.9998298 0.01338022 0.04488414 0.9989026 0.2685244 0.01543599 0.9631493 0.3450138 -0.04595005 0.9374723 0.09397023 -0.01658976 0.9954368 0.348388 -0.01658785 0.9372037 0.9974249 0.01501238 -0.07013088 0.9966078 0.03931444 -0.07230037 0.9452957 0.01501351 -0.325869 0.9163967 -0.03564763 -0.3986811 0.9885815 -0.01114237 -0.1502744 0.9160185 -0.01113897 -0.4009816 0.1502677 0.01115143 -0.9885826 0.1479603 0.03553861 -0.9883546 -0.1106771 0.0111531 -0.9937939 -0.1883149 -0.03946769 -0.9813154 0.06988459 -0.01508909 -0.997441 -0.1906279 -0.01508587 -0.9815465 -0.9953724 0.01666539 -0.09463697 -0.994756 0.04610085 -0.09129858 -0.9859529 0.01666855 0.16619 -0.968484 -0.04481601 0.245011 -0.9998232 -0.01545017 -0.01072037 -0.9685359 -0.01544874 0.2483946 0.01017361 0.01543217 0.9998292 0.01343524 0.04487287 0.9989024 0.2685782 0.01543521 0.9631342 0.3449185 -0.04592716 0.9375084 0.09386652 -0.01658785 0.9954467 0.3482903 -0.01658642 0.9372401 0.9974216 0.01501137 -0.07017695 0.9966049 0.03930461 -0.07234573 0.9452963 0.01501244 -0.3258674 0.9163994 -0.03564709 -0.3986746 0.9885826 -0.01114189 -0.1502677 0.9160212 -0.01113855 -0.4009752 0.150271 0.01115208 -0.988582 0.1479635 0.03553938 -0.9883541 -0.1106738 0.01115375 -0.9937942 -0.1883115 -0.0394687 -0.981316 0.06988799 -0.01508998 -0.9974407 -0.1906245 -0.01508677 -0.9815471 0 1.49012e-6 1 1.45519e-6 0 1 -0.9953725 0.01666527 -0.09463518 -0.9947561 0.04610103 -0.09129673 -0.9859526 0.01666843 0.1661918 -0.9684845 -0.04481631 0.245009 -0.9998232 -0.01545017 -0.01072245 -0.9685363 -0.01544868 0.2483924 0.01018267 0.01543152 0.9998291 0.01344442 0.04487228 0.9989023 0.2685868 0.01543456 0.9631319 0.3449596 -0.04593783 0.9374928 0.09391164 -0.01658797 0.9954424 0.3483327 -0.0165863 0.9372243 0.997425 0.0150128 -0.07012927 0.9966079 0.0393151 -0.07229864 0.9452963 0.01501399 -0.3258674 0.9163979 -0.03564739 -0.3986781 0.988582 -0.01114201 -0.1502714 0.9160197 -0.01113861 -0.4009787 0.1502203 0.01115143 -0.9885898 0.1479138 0.03552973 -0.9883619 -0.1106772 0.01115304 -0.9937939 -0.1882622 -0.03945904 -0.9813258 0.06993871 -0.01508909 -0.9974372 -0.1905745 -0.01508605 -0.9815568 0.6725919 0 0.7400137 0.6725963 0 0.7400097 -0.304528 0 0.9525035 -0.304528 0 0.9525035 -0.304528 0 0.9525035 -0.304515 0 0.9525076 -0.304515 0 0.9525076 -0.304515 0 0.9525076 -0.9771476 0 0.2125619 -0.9771484 0 0.2125586 -0.672608 0 -0.7399989 -0.6726163 0 -0.7399914 0.3045857 0 -0.9524849 0.3045792 0 -0.9524871 0.977148 0 -0.2125604 0.977148 0 -0.2125601 0 -1 2.65422e-6 0 -1 -3.78975e-6 0 -1 -5.37127e-6 0 -1 2.10572e-6 0 -1 -3.75166e-6 0 -1 3.06322e-6 0 -1 3.80521e-6 0 -1 3.85714e-6 0 -1 -1.99393e-6 -0.9993152 -0.02334314 0.02871412 -0.9992864 -0.02477425 0.02851539 -0.9676831 -0.03842478 0.2492247 -0.6516779 0.01605963 0.758326 -0.6521691 0.02447962 0.7576781 -0.4683261 0.04989665 0.8821457 -0.7208045 -0.02275931 0.6927647 -0.5505075 0.005974709 0.8348088 -0.5502336 -0.001641452 0.8350093 0.1703022 0.01487338 0.9852797 0.3830864 -0.01167172 0.9236388 0.3837543 -0.00789839 0.9234015 0.3646824 -0.02072143 0.9309014 0.3645231 -0.02164882 0.9309427 0.5610392 -0.03644269 0.8269867 0.8958045 0.04317533 0.4423464 0.9719882 0.03155207 0.2329022 0.9719884 0.03204989 0.2328336 0.9995828 -0.02573108 0.01312303 0.9995693 -0.02621698 0.01318818 0.9772934 -0.03700178 -0.208635 0.8363912 0.02515327 -0.5475557 0.6944169 0.01502281 -0.7194161 0.6943846 0.01534318 -0.7194405 0.6189789 -0.0168628 -0.7852267 0.6190043 -0.01715087 -0.7852005 0.4294586 -0.0269519 -0.9026844 0.0102117 0.04311925 -0.9990178 -0.2115598 0.03157895 -0.9768548 -0.2116219 0.03207796 -0.9768251 -0.4904647 -0.04257225 -0.8704206 -0.4906423 -0.04119813 -0.8703866 -0.6710872 -0.04680532 -0.7398995 -0.8956639 0.04694145 -0.4422475 -0.9716094 0.04279947 -0.2326875 -0.9716258 0.04142951 -0.232867 0 -1 5.66614e-6 0 -1 -3.85489e-6 0 1 -1.97249e-6 0 1 -9.69798e-6 0 1 3.19564e-6 0.394145 0.8266454 -0.4016305 0.2970423 0.8261601 -0.478775 0.3059426 0.8166807 -0.4893177 -0.2642154 0.8330276 -0.4860612 -0.1455758 0.8390544 -0.5242094 -0.2605267 0.8390457 -0.4776277 -0.5296927 0.8334714 -0.1573249 -0.5510908 0.833705 -0.03514301 -0.5611982 0.8268667 -0.03671699 -0.2319554 0.7992734 0.5543994 -0.3347073 0.8083495 0.4842957 -0.2254542 0.8089999 0.5428534 0.4956758 0.7968298 0.3454968 0.5562013 0.7964425 0.237317 0.5700942 0.7837378 0.2464706 0.9995623 -0.02577465 -0.01452505 0.974188 -0.01881432 0.2249528 0.9997147 -0.01881778 -0.01471364 0.7114441 0.01815468 -0.7025082 0.7112785 0.02341896 -0.7025202 0.5226711 0.0172407 -0.85236 0.1515439 -0.02843773 -0.9880414 0.3835802 -0.02363812 -0.923205 0.1514806 -0.02364629 -0.9881774 -0.2611767 0.01834619 -0.9651167 -0.2611777 0.01817601 -0.9651196 -0.4845456 0.01834207 -0.8745738 -0.9628437 -0.0180549 -0.2694551 -0.8703616 -0.01983368 -0.4920136 -0.9628159 -0.01983988 -0.269429 -0.9569578 0.005384564 -0.2901775 -0.9570105 -1.6503e-6 -0.2900537 -0.9985895 0.005785226 -0.05277842 -0.5753679 -0.002434492 0.8178912 -0.5747574 0.0113939 0.8182446 -0.3629661 -0.001159429 0.9318017 -0.5046812 0.01093029 0.8632367 -0.6958663 0.02445304 0.717755 -0.5038573 0.02446454 0.8634405 0.4019648 -0.02112507 0.9154114 0.1712552 -0.02128577 0.9849968 0.4019633 -0.02129781 0.9154082 0.8072748 0.02875792 0.5894746 0.8072075 0.0344001 0.5892645 0.9249242 0.0280103 0.3791184 5.27143e-7 -1 0 0 -1 0 0 -1 0 6.44975e-7 -1 1.31301e-7 -1.5299e-7 -1 0 -1.3174e-7 -1 0 0 -1 0 -7.06146e-7 -1 0 -3.10171e-7 -1 3.90442e-7 0 -1 2.27823e-7 0 -1 4.95276e-7 0 -1 7.81028e-7 0 -1 -1.12906e-6 0 -1 0 -6.42512e-7 -1 0 0 -1 3.21089e-7 -2.12894e-7 -1 0 0 -1 0 0 -1 -1.36017e-6 2.83741e-7 -1 0 6.44978e-7 -1 0 1.77172e-7 -1 0 0 -1 0 0 -1 0 -1.58881e-7 -1 0 0 -1 -1.13688e-6 -2.87138e-7 -1 0 -6.42512e-7 -1 0 -1.63335e-7 -1 4.11215e-7 0 -1 -3.25656e-7 -6.89199e-7 -1 -1.4593e-7 -3.55886e-7 -1 4.47974e-7 0 1 -7.73306e-7 0 1 0 0 1 1.58875e-6 0 1 2.3401e-6 0 1 0 0 1 4.93403e-6 0 1 -2.07278e-6 0 1 0 0 1 4.19773e-7 0 1 -3.60813e-6 0 1 0 0 1 -6.43209e-7 0 1 1.90199e-7 0 1 0 0 1 0 0 1 -4.49112e-7 0 1 3.90652e-7 0 1 7.80936e-7 0 1 7.26878e-7 0 1 0 0 1 3.25255e-7 0 1 9.11904e-7 0 1 3.21045e-7 0 1 1.16297e-6 0 1 -1.34369e-7 0 1 3.00818e-7 1.66308e-7 0 -1 -1 0 0 -1 0 0 -1 0 0 0.6866062 0.01009321 -0.7269595 0.6846814 0.03406476 -0.7280461 0.4750971 0.01009929 -0.8798754 -0.6784312 -0.02970516 -0.7340632 -0.4676527 -0.004855513 -0.883899 -0.6804491 -0.004855334 -0.7327793 -0.9825528 -0.004287779 0.1859346 -0.9379349 0.04623782 0.3437153 -0.9378227 0.04868704 0.3436833 -0.8217664 0.04625773 0.5679441 0.05061495 0.0714637 0.9961583 0.0509079 0.08181577 0.9953466 0.2992189 0.07144409 0.9515061 0.7030386 -0.06562149 0.7081176 0.5038422 -0.05209827 0.8622232 0.7040536 -0.05210959 0.7082324 -0.9999983 -0.001771271 -5.27559e-4 -0.9999945 -0.003264963 -6.01683e-4 0.9999725 -0.007421672 -4.17742e-4 0.9992644 0.03830581 0.001839637 -6.44017e-4 0.008752822 -0.9999616 -0.004480779 -0.007417321 -0.9999625 -0.7271471 0.01011079 -0.6864072 -0.7282232 0.03382188 -0.6845051 -0.8800053 0.01011323 -0.4748563 -0.9104354 -0.03772962 -0.4119271 -0.7746011 -0.01423138 -0.6322901 -0.911844 -0.01422804 -0.4102905 -0.9116189 0.01421016 0.4107907 -0.9102277 0.03745216 0.4124112 -0.7742545 0.01420795 0.632715 -0.7280181 -0.0340709 0.6847109 -0.8798559 -0.01009714 0.4751333 -0.7269312 -0.01009082 0.6866362 -0.004442811 0.007349908 0.9999632 -6.31935e-4 -0.008707404 0.9999619 0.6011849 0.02928704 0.7985731 0.6019762 0.05024468 0.7969318 0.7874212 0.02928066 0.6157194 0.9220248 -0.07779079 0.3792347 0.7939565 -0.05913197 0.6050923 0.9236652 -0.05914884 0.378608 0.9238976 0.05920499 -0.3780319 0.9222334 0.07808673 -0.3786664 0.7943574 0.05921167 -0.6045579 0.6011227 -0.05025207 -0.7975753 0.7867619 -0.02928894 -0.6165614 0.60033 -0.02929526 -0.7992157 -6.462e-4 0.008755803 -0.9999616 -0.004480779 -0.007417261 -0.9999625 -0.7271675 0.01011347 -0.6863857 -0.7282753 0.03380692 -0.6844503 -0.8800193 0.01011574 -0.4748303 -0.9104135 -0.0377224 -0.4119762 -0.7745666 -0.01423305 -0.6323323 -0.9118216 -0.01422989 -0.4103402 -0.9116057 0.01421052 0.4108201 -0.910215 0.03744411 0.41244 -0.7742338 0.01420813 0.6327402 -0.7280066 -0.03407353 0.6847229 -0.8798483 -0.01009958 0.4751476 -0.72692 -0.01009333 0.6866481 -0.004442811 0.007349848 0.9999632 -6.33027e-4 -0.008707404 0.9999619 0.6011814 0.02929031 0.7985757 0.6019726 0.0502482 0.7969343 0.7874185 0.02928394 0.6157229 0.9220075 -0.07778793 0.3792773 0.793928 -0.05913496 0.6051291 0.9236473 -0.0591526 0.3786511 0.9238761 0.05920857 -0.378084 0.9222124 0.07808297 -0.378718 0.7942943 0.05921405 -0.6046407 0.601091 -0.05025625 -0.7975988 0.7867368 -0.02928602 -0.6165936 0.6002976 -0.0292921 -0.7992402 -0.7271752 0.01011252 -0.6863774 -0.7282507 0.03381484 -0.6844761 -0.880002 0.0101149 -0.4748625 -0.8666201 -0.007532596 -0.4989116 -0.7097849 0.0185194 -0.7041751 -0.8678243 0.01851367 -0.496526 -0.9100509 -0.02560728 0.413705 -0.9856207 -0.03825169 0.164586 -0.9094011 -0.0382682 0.4141559 -0.9109472 0.04201346 0.4103781 -0.9110746 0.02921849 0.4112047 -0.7735826 0.0419929 0.6323025 -0.004441022 -0.01930695 0.9998037 -0.006836175 -0.00902456 0.999936 0.6011776 0.02928858 0.7985786 0.6019688 0.05024647 0.7969372 0.7874156 0.02928221 0.6157267 0.8809863 -0.04937857 0.4705579 0.730961 -0.02759635 0.6818611 0.8825535 -0.02760446 0.4694012 0.8229362 0.02501487 -0.567583 0.941367 0.001627922 -0.3373805 0.8220019 0.0016222 -0.5694826 0.9252668 0.0194776 -0.3788168 0.9249208 8.39882e-4 -0.380159 0.7956979 0.019472 -0.6053808 -6.44188e-4 -0.004563331 -0.9999895 -0.001322567 -0.007474422 -0.9999713 -0.004480779 -0.007417678 -0.9999625 -6.44153e-4 0.00875318 -0.9999616 0.6011744 0.02928936 0.7985811 0.6019654 0.05024725 0.7969398 0.7874131 0.02928298 0.6157299 0.9220215 -0.07779294 0.3792423 0.7939515 -0.0591337 0.6050987 0.923662 -0.05915063 0.3786156 0.9238779 0.05920773 -0.3780797 0.9222143 0.07808256 -0.3787136 0.7943261 0.05921363 -0.6045988 0.6011227 -0.05025136 -0.7975754 0.7867619 -0.02928811 -0.6165614 0.60033 -0.02929449 -0.7992157 -0.004441857 0.007350265 0.9999632 -6.32072e-4 -0.008707761 0.9999619 -0.7271759 0.01011091 -0.6863768 -0.7282515 0.03381323 -0.6844753 -0.8800024 0.01011329 -0.4748617 -0.9104149 -0.03772258 -0.4119728 -0.7745992 -0.01423299 -0.6322923 -0.911823 -0.01422971 -0.4103369 -0.9116179 0.01421159 0.410793 -0.9102266 0.03745365 0.4124134 -0.774253 0.01420933 0.6327169 -0.7280142 -0.03407251 0.6847148 -0.8798531 -0.01009857 0.4751384 -0.7269273 -0.01009231 0.6866403 -0.4514907 0 -0.8922759 0.547045 0 -0.8371032 0.5470467 0 -0.8371022 0.9984797 0 0.05512136 0.9984797 0 0.05512148 0.4516165 0 0.8922122 0.4516177 0 0.8922116 -0.5470457 0 0.8371028 -0.5470454 0 0.837103 -0.9984706 2.29773e-7 -0.05528581 -0.9984707 0 -0.05528581 -0.9984706 0 -0.05528581 -0.9984785 0 -0.05514198 -0.9984786 0 -0.05514198 -0.9984786 0 -0.05514198 0 -1 -7.35693e-7 0 -1 1.80656e-6 0 -1 -2.87969e-6 0 -1 2.69237e-6 0 -1 -2.19478e-6 0 -1 -1.78227e-6 0 -1 -2.62901e-6 0 -1 3.13208e-6 1.16225e-6 1 4.74898e-6 1.3458e-6 1 0 -4.49332e-7 1 0 -1.38472e-6 1 3.11403e-6 -2.10396e-6 1 0 -2.71421e-6 1 2.37422e-6 1.45504e-6 1 0 -1.10304e-6 1 -5.24846e-6 -1.05672e-6 1 -3.68812e-6 1.32471e-6 1 -5.95815e-6 2.627e-6 1 0 -0.5393579 0.8420742 -0.002009093 -0.5278925 0.8418057 0.1126626 -0.537301 0.8356989 0.1136447 -0.3550392 0.8379349 0.4145026 -0.2596411 0.8384579 0.4791399 -0.2635868 0.8336017 0.4854176 0.2394582 0.8315517 0.5011804 0.3379746 0.8311925 0.441466 0.3438616 0.8231626 0.4518436 0.5541533 0.8314517 0.04002845 0.5499294 0.8318257 -0.07512563 0.5591437 0.8256242 -0.07551878 0.2430225 0.8314477 -0.4996347 0.1349548 0.8310582 -0.5395641 0.1392157 0.823232 -0.5503708 -0.386721 0.8316473 -0.3985096 -0.2908836 0.8370766 -0.4633463 -0.3813373 0.8372251 -0.3919641 -0.999508 0.02893537 -0.01210737 -0.9994403 0.03119456 -0.01208603 -0.9771465 0.02845507 0.2106539 -0.6640275 -0.03736525 0.746774 -0.8135636 -0.03814989 0.5802232 -0.6640024 -0.03817552 0.7467553 -0.6506339 0.00936526 0.7593339 -0.6503909 9.96884e-4 0.7595992 -0.4653837 0.01026523 0.8850495 0.4196381 -0.001072525 0.9076909 0.4206926 0.01492613 0.9070805 0.611058 -0.00174129 0.7915839 0.6265451 -0.02280497 0.7790514 0.4386581 -0.006527304 0.8986304 0.6275905 -0.006522953 0.7785163 0.9971073 0.005818188 0.07578444 0.9969857 0.02024513 0.07489752 0.9889739 0.006494939 -0.147948 0.9778112 -0.02161765 -0.20837 0.9998801 -0.00753349 0.0135281 0.9778301 -0.007531583 -0.2092646 0.448868 0.008275747 -0.8935598 0.4479915 0.02209222 -0.8937648 0.2388666 0.007603049 -0.9710226 0.1368553 -0.02841556 -0.9901834 0.3530691 -0.01504218 -0.9354764 0.1361235 -0.01504063 -0.9905778 -0.5274515 0.01795935 -0.8493954 -0.5276808 0.02801752 -0.8489806 -0.703224 0.0182386 -0.7107345 -0.8755369 -0.04058313 -0.4814438 -0.7468462 -0.03236258 -0.6642089 -0.8759322 -0.03236967 -0.4813474 -0.93007 0.03429496 -0.3657785 -0.9847443 0.02781164 -0.1717714 -0.9847463 0.02751827 -0.1718068 -0.9839135 -0.04740869 0.1722401 -0.9839658 -0.04548627 0.17246 -0.9293408 -0.04760766 0.3661413 -0.7420711 0.04647195 0.6687085 -0.5925698 0.0484693 0.8040596 -0.5927835 0.04626309 0.804032 -0.09061092 -0.04639607 0.994805 -0.09033983 -0.04275566 0.9949929 0.1107361 -0.03938704 0.9930691 0.2109497 0.01321321 0.9774077 0.4024651 0.02752679 0.9150214 0.4024696 0.02302742 0.9151437 0.8872762 -0.01887023 0.4608525 0.8873676 -0.01437962 0.4608384 0.9618037 -0.005209863 0.2736905 0.9411451 0.003583371 0.337984 0.9896426 0.01759046 0.1424714 0.9897035 0.01313424 0.1425293 0.9039255 -0.02227139 -0.4271097 0.9039737 -0.01849484 -0.4271879 0.7999606 -0.01067531 -0.5999576 0.7606467 0.02758896 -0.6485795 0.6148641 0.03422719 -0.78789 0.6150802 0.03100425 -0.7878549 0.1862751 -0.03202223 -0.9819757 0.1861733 -0.03032487 -0.9820489 -0.01487612 -0.03054994 -0.9994226 -0.2391374 0.02739167 -0.9705994 -0.4291756 0.02669996 -0.9028264 -0.4290751 0.0252158 -0.9029169 -0.6376936 -0.01991027 -0.7700328 -0.6377467 -0.01927185 -0.7700051 -0.779282 -0.02368372 -0.6262258 0 -1 -4.429e-6 0 -1 5.1105e-6 0.9984798 0 0.05512088 -0.9984786 0 -0.05514115 -0.9984787 0 -0.05514115 -0.9984787 0 -0.05514115 0 -1 1.84184e-6 0 -1 -4.31948e-6 0 -1 -2.69239e-6 0 -1 2.19478e-7 0 -1 -1.34232e-6 0 -1 1.78228e-6 0 -1 7.35701e-7 -4.49329e-7 1 0 -1.38472e-6 1 3.11402e-6 -2.10396e-6 1 0 1.16225e-6 1 6.332e-6 -2.71423e-6 1 7.59757e-6 1.3458e-6 1 0 2.62701e-6 1 0 1.45503e-6 1 2.26444e-6 1.32471e-6 1 -5.95814e-6 -1.10303e-6 1 -5.24843e-6 -1.05672e-6 1 -2.60867e-6 -0.5393509 0.8420788 -0.002008974 -0.5278927 0.8418055 0.1126624 -0.5373012 0.8356987 0.1136447 -0.355038 0.8379364 0.4145007 -0.2596433 0.8384543 0.4791449 -0.2635856 0.8336033 0.4854156 0.2394564 0.8315569 0.5011724 0.3379711 0.8311977 0.4414589 0.343863 0.8231626 0.4518426 0.5541511 0.831453 0.0400322 0.5499272 0.8318275 -0.07512193 0.5591415 0.8256261 -0.07551485 0.2430196 0.8314514 -0.49963 0.1349538 0.831062 -0.5395586 0.1392123 0.8232359 -0.5503661 -0.3867229 0.8316498 -0.3985024 -0.2908897 0.8370745 -0.4633458 -0.3813394 0.8372277 -0.391957 -0.9995081 0.02893567 -0.01210391 -0.9994403 0.03119504 -0.01208269 -0.9771457 0.02845537 0.2106571 -0.6640333 -0.0373665 0.7467688 -0.813568 -0.03815102 0.5802169 -0.6640082 -0.03817665 0.7467502 -0.6506304 0.009364962 0.7593369 -0.6503872 9.96641e-4 0.7596023 -0.4653797 0.01026493 0.8850517 0.4196409 -0.00107336 0.9076897 0.4206956 0.01492536 0.9070791 0.6110605 -0.001742124 0.791582 0.6265403 -0.02280473 0.7790553 0.4386527 -0.006526887 0.898633 0.6275858 -0.006522536 0.7785201 0.9971076 0.005817711 0.07578045 0.996986 0.02024471 0.07489353 0.9889733 0.006494462 -0.1479519 0.9778104 -0.02161759 -0.2083736 0.9998803 -0.00753349 0.01352441 0.9778293 -0.007531583 -0.2092682 0.4488654 0.008275568 -0.8935611 0.4479889 0.02209228 -0.8937661 0.2388638 0.007603466 -0.9710233 0.1368546 -0.02841526 -0.9901835 0.3530684 -0.01504194 -0.9354767 0.1361228 -0.01504039 -0.9905779 -0.52745 0.01795965 -0.8493962 -0.5276792 0.02801758 -0.8489816 -0.7032227 0.01823824 -0.7107357 -0.8755358 -0.04058337 -0.481446 -0.7468446 -0.03236263 -0.6642108 -0.8759309 -0.03236973 -0.4813495 -0.9300704 0.03429585 -0.3657771 -0.9847444 0.02781254 -0.1717699 -0.9847465 0.02751922 -0.1718053 -0.9839138 -0.0474081 0.1722391 -0.983966 -0.04548567 0.1724588 -0.9293412 -0.0476073 0.3661401 -0.7420676 0.04647225 0.6687123 -0.5926041 0.04847282 0.8040341 -0.5928176 0.04626768 0.8040066 -0.09061092 -0.04639637 0.994805 -0.09033983 -0.04275596 0.9949928 0.1107361 -0.03938752 0.9930691 0.2109534 0.01321351 0.9774068 0.4024686 0.02752691 0.9150199 0.4024732 0.02302753 0.9151421 0.8872551 -0.01887202 0.4608929 0.8873466 -0.01437932 0.4608789 0.9618044 -0.005211174 0.2736882 0.9411299 0.003576099 0.3380262 0.989643 0.01758939 0.1424686 0.9897037 0.01316219 0.1425256 0.9039256 -0.02227008 -0.4271096 0.9039739 -0.0184642 -0.4271889 0.7999607 -0.01067382 -0.5999575 0.7606477 0.02758812 -0.6485786 0.6148653 0.03422641 -0.7878893 0.6150813 0.03100347 -0.787854 0.1862726 -0.03202253 -0.9819762 0.1861708 -0.03032517 -0.9820493 -0.01487863 -0.03055006 -0.9994225 -0.239134 0.02739149 -0.9706003 -0.4291723 0.02670007 -0.9028279 -0.4290719 0.02521592 -0.9029183 -0.6376947 -0.01990938 -0.7700319 -0.637748 -0.01927095 -0.770004 -0.7792829 -0.02368259 -0.6262246 0 -1 5.1105e-6 -0.4514852 0 -0.8922787 0.5470478 0 -0.8371013 0.5470427 0 -0.8371047 0.9984797 0 0.05512201 0.4516182 0 0.8922114 -0.5470427 0 0.8371047 -0.9984785 0 -0.05514228 -0.9984785 0 -0.05514228 -0.9984785 0 -0.05514228 -0.9984706 0 -0.05528545 -0.9984706 3.13093e-7 -0.05528545 -0.9984706 0 -0.05528545 0 -1 4.10259e-6 0 -1 -4.90625e-6 0 -1 3.37855e-6 0 -1 1.89956e-6 0 -1 -2.05811e-6 0.9694795 -0.03689134 0.2423814 0.9696793 -0.03130871 0.2423672 0.9995796 -0.01928114 0.02165663 0.9984222 0.03273177 -0.04562759 0.9630623 0.04464137 -0.2655526 0.9633405 0.03971046 -0.2653267 0.6848605 -0.03928327 -0.7276146 0.6847864 -0.0361399 -0.7278471 0.5063619 -0.03395426 -0.8616524 0.2310374 0.05851709 -0.9711836 0.009904503 0.05698448 -0.998326 0.01019048 0.05465763 -0.9984532 -0.3812858 -0.03963625 -0.9236072 -0.3812137 -0.04014885 -0.9236148 -0.5762689 -0.05105912 -0.8156636 -0.9533314 0.03153759 -0.3002745 -0.9526779 0.04072266 -0.3012421 -0.9939754 0.07078909 -0.0836777 -0.9205389 -0.009286165 -0.3905407 -0.9837921 0.01931142 -0.1782703 -0.9839527 0.01088929 -0.1780974 -0.7678539 -0.01423609 0.6404669 -0.7679467 -0.008567154 0.6404566 -0.6070897 0.005607903 0.7946136 -0.7229491 -0.006356596 0.6908721 -0.5520322 0.01325654 0.8337174 -0.5520042 0.007416069 0.8338085 0.1416921 -0.01481354 0.9898 0.1415935 -0.00818032 0.9898912 0.3569644 0.008081912 0.9340831 0.2519384 0.008040428 0.9677099 0.4595399 0.02782249 0.8877213 0.4595511 0.02155297 0.8878899 0 -1 1.56199e-6 0 1 4.87736e-6 0 1 3.21373e-6 0 1 -2.97953e-6 0 1 -2.506e-6 0 1 -2.32213e-6 -0.5201398 0.8268662 0.2138854 -0.5449858 0.8334075 0.0917741 -0.5104724 0.8336307 0.2108977 -0.1096323 0.8181456 0.564463 0.01395052 0.8184541 0.5744027 0.01266938 0.8092603 0.5873137 0.5085242 0.8267256 0.2406822 0.5495991 0.8262262 0.1236572 0.5622449 0.8169171 0.1285581 0.3391791 0.8116244 -0.4756295 0.4253505 0.8187547 -0.3856396 0.3317536 0.8196613 -0.4670065 -0.3252468 0.8190443 -0.4726321 -0.4200804 0.8180916 -0.3927577 -0.4293819 0.807259 -0.4049248 -0.9870136 0.01123696 0.1602435 -0.9868971 0.01767486 0.1603802 -0.920013 0.01160889 0.391716 -0.8135784 -0.01748788 0.5811921 -0.9290389 -0.0112403 0.3698113 -0.8135622 -0.0112403 0.5813693 -0.1999461 0.009389638 0.979762 -0.1996356 0.01818382 0.9797015 0.04029518 0.009928107 0.9991386 0.1511709 -0.01380079 0.9884114 -0.08939319 -0.004736781 0.9959852 0.1515109 -0.004734635 0.9884443 0.8969786 0.00548017 0.4420401 0.8970484 0.01397383 0.4417116 0.9766949 0.004574537 0.2145842 0.9890876 -0.01294863 0.1467588 0.9254583 -0.003894805 0.3788297 0.9892117 -0.003893196 0.1464415 0.7426247 0.003420233 -0.6696992 0.7422607 0.01469308 -0.6699501 0.5608176 0.005129098 -0.8279235 0.5037679 -0.01537585 -0.8637022 0.6955658 -0.005353152 -0.7184424 0.5034611 -0.005354881 -0.8640015 -0.5479681 0.006755948 -0.836472 -0.5482655 0.01622164 -0.836147 -0.732197 0.005044877 -0.6810743 -0.8052337 -0.02028697 -0.5926107 -0.6404343 -0.01052713 -0.7679408 -0.8055822 -0.01052713 -0.5923907 -0.6915117 0 -0.7223653 -0.6915078 0 -0.722369 0.2799137 0 -0.9600252 0.2799205 0 -0.9600232 0.9713099 0 -0.237818 0.9713099 0 -0.237818 0.9713099 0 -0.237818 0.9712756 0 -0.2379572 0.9712756 0 -0.2379572 0.9712756 -1.60853e-7 -0.2379572 0.6914191 1.60841e-7 0.7224539 0.6914191 0 0.7224539 0.6914191 0 0.7224539 0.6914259 0 0.7224475 0.6914259 0 0.7224475 0.6914259 0 0.7224475 -0.2799137 0 0.9600252 -0.9713967 0 0.2374626 -0.9713967 0 0.2374626 -0.9713967 0 0.2374626 -0.9713968 0 0.2374622 -0.9713968 0 0.2374622 -0.9713968 0 0.2374622 0 -1 -7.59309e-6 0 -1 1.83001e-6 0 -1 -1.86346e-6 0 -1 8.9507e-6 0 1 -1.25579e-5 0 1 3.32791e-6 0 1 -2.6742e-6 0 1 7.91204e-7 0 1 6.25641e-6 0 1 -6.31726e-6 -0.9893739 0.0388078 0.140119 -0.9891064 0.04477101 0.1402288 -0.9385824 0.03880715 0.3428662 -0.7263615 -0.03785651 0.6862695 -0.8532908 -0.03030538 0.520554 -0.7263798 -0.03029537 0.6866256 -0.2456051 0.0229457 0.9690983 -0.2449873 0.0338751 0.9689344 -0.03874051 0.02293777 0.998986 0.09860587 -0.02025932 0.9949203 -0.1096227 -0.007343649 0.9939462 0.09938699 -0.007337808 0.9950218 0.790836 0.008948326 0.6119629 0.7915499 0.02733153 0.6104931 0.9007519 0.008950471 0.4342418 0.8767763 0.003775238 0.4808836 0.7587522 0.02391886 0.6509401 0.8774942 0.02391546 0.4789907 0.9149006 -0.03064829 -0.4025142 0.9784615 -0.03474783 -0.2034846 0.9147399 -0.03474205 -0.402547 0.7435259 0.05844181 -0.6661484 0.74313 0.06477874 -0.6660041 0.5885248 0.05842417 -0.8063654 0.06816333 -0.05992507 -0.9958729 0.2738374 -0.05210548 -0.9603636 0.06794232 -0.05210852 -0.9963276 -0.5197235 0.05204916 -0.8527477 -0.51971 0.05995726 -0.8522363 -0.6858369 0.05205523 -0.7258912 -0.9453283 -0.05168461 -0.3219988 -0.85812 -0.04354679 -0.5115993 -0.9457856 -0.04354262 -0.3218599 0 1 -1.76915e-6 0.9895544 -0.04331934 -0.1374974 0.9895631 -0.0429942 -0.1375369 0.9436206 -0.04923099 -0.3273476 0.5333086 0.0447793 -0.8447347 0.5341202 0.05401211 -0.8436815 0.3606484 0.08333319 -0.9289717 0.656601 -0.02435845 -0.7538447 0.499589 0.006782531 -0.866236 0.4992192 -0.001690626 -0.866474 -0.4444791 0.01397848 -0.8956803 -0.6087563 -0.01062214 -0.7932862 -0.6093257 -0.007258117 -0.7928869 -0.5349408 0.002864003 -0.8448847 -0.5344943 2.46812e-4 -0.8451721 -0.6877508 -0.01892656 -0.7257001 -0.993833 0.02041107 -0.1089932 -0.9964333 -0.003550112 0.08430981 -0.9963853 -6.96685e-4 0.08494734 -0.9962612 0.03571122 -0.07866513 -0.9963347 0.03069186 -0.0798462 -0.993494 0.00364995 0.1138257 -0.6211189 -0.0403698 0.7826759 -0.6212227 -0.03537482 0.7828352 -0.4576178 -0.02366292 0.8888341 -0.3200376 0.04616343 0.9462795 -0.1300576 0.05587249 0.989931 -0.1303795 0.05165904 0.9901174 0.4850993 -0.05005389 0.8730254 0.4854092 -0.04656779 0.873046 0.6457465 -0.04311728 0.7623335 0.8391774 0.05662238 0.5409023 0.9280526 0.06151729 0.367334 0.9281119 0.05846071 0.3676827 0 -1 2.47724e-6 0 -1 -8.70409e-6 -0.8510634 0 -0.5250632 -0.8510613 0 -0.5250664 0.02897065 0 -0.9995803 0.02897053 0 -0.9995803 0.8802077 0 -0.4745889 0.8802081 0 -0.4745882 0.8511502 0 0.5249223 -0.029293 0 0.999571 -0.02895015 0 0.9995809 -0.02895015 0 0.9995809 -0.02895015 -2.09085e-7 0.9995809 -0.8802077 0 0.4745889 -0.8802081 0 0.4745882 0 -1 -6.2099e-6 0 -1 1.29219e-6 0 -1 4.04432e-6 0 1 2.76836e-6 0 1 4.69702e-6 0 1 6.2819e-6 0 1 -3.12395e-6 0 1 -9.74991e-6 0 1 1.5618e-6 0 1 2.28449e-6 0 1 -6.6415e-6 -0.9680935 -0.03260922 0.248459 -0.9985614 -0.03372955 0.04168474 -0.9680559 -0.03370547 0.248459 -0.7956059 0.05681788 0.6031442 -0.7949326 0.06606292 0.6030903 -0.6525972 0.05679249 0.7555737 -0.3072655 -0.04661488 0.9504815 -0.4978824 -0.03426051 0.8665676 -0.306758 -0.03426748 0.9511705 0.6409584 0.02549564 0.7671523 0.4685073 0.01086604 0.8833928 0.6419122 0.01086646 0.7667012 0.5887554 0.04979771 0.8067759 0.5888527 0.04746693 0.8068453 0.7437726 0.0497781 0.6665767 0.9916536 -0.04937773 -0.1191008 0.9947292 -0.04933452 0.08988893 0.9916561 -0.04932749 -0.1191009 0.8986006 0.04920399 -0.4360001 0.8985984 0.04925447 -0.4359988 0.7881855 0.04920655 -0.6134675 0.1794124 -0.03650641 -0.9830964 0.3799776 -0.03651058 -0.9242749 0.1794125 -0.03653156 -0.9830954 0.1257851 0.01497125 -0.9919446 0.1255922 0.008638501 -0.9920443 -0.08317935 0.01496696 -0.9964222 -0.7873332 -0.008641481 -0.6164672 -0.6421191 -0.01498687 -0.7664583 -0.7874004 -0.01498991 -0.6162597 -0.7948338 0.0287863 -0.6061441 -0.7948984 0.02665191 -0.606157 -0.9035074 0.02878534 -0.4276047 0 1 3.6172e-6 0 1 -5.01084e-6 0.8630639 -0.01887387 -0.504742 0.8632678 -0.01122999 -0.5046212 0.7496899 0.008007764 -0.6617408 0.8286692 -0.007804453 -0.5596842 0.7051242 0.01897048 -0.7088301 0.7050586 0.01127123 -0.7090595 -0.2575123 -0.01647508 -0.9661346 -0.2574083 -0.01003259 -0.9662507 -0.439608 0.005803346 -0.8981711 -0.3174754 -0.007787764 -0.9482346 -0.4948707 0.01465952 -0.868843 -0.4950254 0.008250296 -0.8688394 -0.9680441 -0.01205569 -0.25049 -0.9680726 -0.007073342 -0.2505704 -0.9983026 0.005758643 -0.05795651 -0.9815092 -0.004936218 -0.1913512 -0.9999191 0.01242303 0.00276184 -0.99997 0.00721842 0.002833843 -0.671354 -0.0161845 0.7409602 -0.6715441 -0.009044647 0.7409094 -0.5156757 0.008489727 0.8567419 -0.6228675 -0.006344199 0.7823017 -0.4600147 0.01844274 0.8877198 -0.4599151 0.0114116 0.8878896 0.634297 -0.02096486 0.7728052 0.6341908 -0.01262575 0.7730736 0.7712551 0.007948517 0.6364766 0.6835703 -0.009067177 0.7298284 0.8110467 0.02006435 0.5846373 0.8112999 0.01183593 0.5845104 0 -1 3.85864e-7 0 -1 -1.4455e-5 0 -1 -2.5074e-6 0 -1 1.57042e-6 0 -1 1.51739e-6 0 -1 1.96902e-6 0 -1 4.78256e-7 0 -1 -6.19453e-7 0 -1 3.38733e-7 0 -1 -3.84433e-7 0 -1 -1.65917e-6 0 -1 -1.91853e-6 0 -1 2.90752e-7 0 -1 -4.08556e-7 0 -1 5.04375e-6 0 -1 -2.98904e-7 0 -1 6.11215e-6 0 -1 7.85566e-7 0 -1 1.57025e-6 0 1 -1.45809e-5 0 1 2.64511e-5 0 1 2.6728e-6 0 1 -4.76729e-6 0 1 5.20827e-6 0 1 -1.3364e-6 0 1 -1.38009e-5 0 1 3.8409e-6 0 1 5.20828e-6 0 1 -8.58222e-6 0 1 9.94432e-6 0 1 -1.4581e-5 0 1 2.64515e-5 0 1 -2.48016e-6 0 1 -8.05732e-6 0 1 1.36497e-4 0 1 4.12313e-6 0 1 -1.45519e-6 0 1 2.42061e-6 0 1 -2.48016e-6 0 1 1.36533e-4 0 1 4.12312e-6 0 1 -1.45519e-6 0 1 2.42059e-6 0 1 -1.57018e-6 0 1 2.48088e-5 0 1 -1.45809e-5 0 1 5.89784e-6 0 1 -8.06397e-6 0 1 -1.45808e-5 0 1 2.64507e-5 0 1 -2.48016e-6 0 1 -8.05724e-6 0 1 1.36511e-4 0 1 6.29272e-7 -0.005206465 0.9999865 -3.05567e-4 -2.29616e-6 1 0 2.12472e-6 1 0 0 0.9999989 -0.001476645 0 1 -3.23623e-7 -2.91489e-7 1 0 -2.30525e-6 1 0 -2.30526e-6 1 0 -8.65245e-6 1 -1.39849e-6 -0.004879534 0.9999881 -3.45161e-4 0.00658375 0.9999783 4.83324e-4 0.008797228 0.9999613 0 0.002970874 0.9999883 0.003835022 -7.38691e-4 0.999971 -0.00758475 -5.54592e-4 0.9999905 -0.00433588 -0.004044771 0.9999905 -0.001639187 3.19658e-7 1 0 0 1 -7.28062e-6 -2.41573e-5 1 -1.88729e-5 -2.26324e-6 1 0 -2.21949e-6 1 0 0 0.9998667 0.0163322 0 1 -2.04397e-7 0.002943456 0.9999954 -9.29354e-4 4.51857e-5 0.9999866 -0.005177676 3.2037e-7 0.9999874 -0.005029201 0.00403136 0.9999919 1.62552e-5 0.01001185 0.9999426 -0.003827154 -0.002412796 0.9999971 -2.31029e-4 -0.002275764 0.9999974 0 6.68982e-5 0.999991 0.004247486 3.19958e-7 0.9999906 0.004344642 0.002484738 0.9999182 0.01255369 -0.002147555 0.9999977 0 -0.001439273 0.9999983 -0.001174628 3.18837e-7 1 0 1.02937e-6 1 0 2.054e-6 1 0 -6.23507e-4 0.9999948 -0.003157138 3.09284e-7 0.9999864 -0.005216479 0.001455485 0.9999941 -0.003130555 0.01129323 0.9999238 0.00499618 0.003498733 0.9999939 -3.1658e-6 -0.002951383 0.9999956 5.71214e-4 -0.00695151 0.9999759 0 0.02522248 0.999298 0.02770256 0 0.9999499 0.01000976 -0.004197418 0.999921 0.0118522 0 1 -1.37071e-4 0 1 4.89754e-6 0.003110587 0.9999654 0.00772953 0.003309488 0.9999923 -0.002164483 -0.004433691 0.9999865 0.002729415 0 1 -2.57006e-5 0.005365252 0.9999857 0 0.009025096 0.9999524 -0.0037328 0 1 4.28343e-5 0 0.9994481 0.03322237 -0.001530289 0.9997817 0.02084398 -0.004389643 0.9999283 0.01114392 -3.32675e-6 1 1.97655e-6 0 1 4.92596e-5 0 1 -1.28503e-5 0 0.9999804 0.006269514 0 0.9999805 0.006248772 0 0.9999805 0.006255686 0 1 0 3.19662e-7 1 -1.40007e-5 -0.009590387 0.9999147 -0.008875012 0 0.9999804 0.0062626 0 0.9999804 0.006263136 0 0.9999806 0.006236255 0 0.9999804 0.0062626 0 1 0 0 0.9999806 0.006236255 0 0.9999806 0.006235003 0 0.9999806 0.006236255 0 1 0 -0.003471612 0.999819 -0.01870971 0 1 0 0 1 6.8535e-5 0 1 6.67759e-5 0 1 5.68209e-6 0 1 5.20826e-6 0 1 -8.5822e-6 0 1 9.94428e-6 -0.9993078 0.03671407 0.006027281 -0.9982831 0.05474013 0.0208438 -0.9988289 0.04214006 0.02377253 0.8611361 -0.01585662 0.5081273 -0.006165742 0.1175959 0.9930425 0 0.09775739 0.9952103 -0.07434642 0.989776 -0.1217219 0 0.9975492 0.06996905 0.8291466 0.558633 -0.02109813 -0.03848177 0.9992557 -0.002671003 0 0.9954602 0.09517967 0.02807694 0.125563 -0.9916883 0 0.03851568 -0.9992581 0.1932126 0.02081245 -0.9809362 0.9996634 -0.02557826 -0.004352033 0.9998306 -0.01840984 0 -0.9964085 0.08233106 -0.01979774 -0.9993135 0.01101744 -0.03536963 -0.9977881 0.0631681 0.02070629 0.9917085 0.01060795 0.1280698 0.9911029 -0.1330681 -0.00281012 0 -3.00993e-6 1 0.02829283 0.02010726 -0.9993975 0.03411084 0.02971035 -0.9989764 0.06389546 -0.9971858 -0.03921681 0 0.08254182 0.9965877 -0.006183385 0.09173905 0.995764 0.07884168 0.9905496 0.1122296 0 -0.02369868 0.9997192 -0.02201145 0.01689523 0.999615 0 0.0170533 -0.9998546 -0.01586037 -0.01217645 -0.9998002 0.9999821 -0.005625844 -0.002084374 0.9999821 0.005615293 0.0020805 9.31163e-4 0.9999995 2.66781e-4 0 1 -3.75737e-4 1.92892e-4 -1 -5.61053e-5 0 -1 7.79052e-5 0 -0.01927405 0.9998143 -0.008553504 0.01370662 0.9998695 0 0.02840471 -0.9995966 -0.01234728 -0.01970559 -0.9997296 0.9999811 -0.005796194 -0.002052605 0.9999814 0.005753993 0.002037644 0.001154422 0.9999992 6.56532e-4 0 0.9999996 -9.26798e-4 0.007614672 -0.9999617 -0.004324913 0 -0.9999812 0.006135225 1 -8.45795e-6 0 0 4.43944e-7 1 1.07344e-4 4.64937e-4 1 -7.3826e-6 0.005032241 0.9999874 0 0.004877805 0.9999881 0 0.004878282 0.9999881 0 0.004877567 0.9999881 0 0.004877805 0.9999881 -8.37627e-4 8.42015e-5 0.9999997 9.19648e-6 0.004834294 0.9999884 0 5.57591e-7 1 0 0.004911899 0.999988 2.28189e-6 0.00489366 0.999988 0 0.004877924 0.9999881 0 5.57589e-7 1 0 0.004868805 0.9999882 -8.54056e-4 8.53347e-5 0.9999997 0 0.004912376 0.999988 0 0.004912376 0.999988 0 -7.45056e-7 1 5.68534e-6 0 1 -9.29243e-5 6.40257e-4 0.9999998 0 0.004912376 0.999988 -0.001116335 0.9998852 0.01512116 -0.004141211 0.999983 0.004132032 0.003350436 0.9999703 0.006946742 -0.006819486 0.9999486 -0.007518529 -1.69563e-4 0.9992924 -0.03761494 -0.00633639 0.9999493 -0.007829248 -0.06879329 0.997631 0 -0.0350368 0.9993823 -0.002757012 -0.003109872 0.9999777 0.005911886 -0.01422971 0.9998988 -4.55183e-6 -0.9434866 0.3270438 0.05362254 -1 0 0 -1 0 0 -0.9434751 0.3270774 0.05362153 -1 0 0 -0.9461285 0.3224043 0.02993905 -1 0 0 -0.9863938 0.1644001 0 -0.9863939 0.1643996 0 -0.9434753 0.327077 0.05362141 -0.9863938 0.1644 0 -0.9434753 0.327077 0.05362147 -0.9434753 0.3270768 0.05362153 -0.9434752 0.3270772 0.05362153 0 -6.20879e-6 1 1 4.50175e-6 0 1 1.544e-6 0 1 -5.05275e-6 0 -0.04001563 0.1803387 0.9827903 -0.0398519 0.1891537 0.9811385 0.21987 0.1802544 0.9587313 0.6772689 -0.1339535 0.7234385 0.467708 -0.1140772 0.8764906 0.6797236 -0.1152126 0.7243632 0.9475232 0.1152725 0.2981814 0.9438539 0.1574032 0.2904549 0.9924759 0.1153234 0.04113328 0.9981405 -0.03096425 -0.05250537 0.980156 0.01957404 0.1972593 0.9977905 0.02068531 -0.0631386 0.4901907 -0.008846282 -0.8715704 0.6939099 -0.04817974 -0.7184482 0.4841355 -0.04835349 -0.873656 0.6084573 0.05350261 -0.791781 0.6043311 0.01461505 -0.7965993 0.3824999 0.05349701 -0.9224055 -0.361353 -0.02107995 -0.9321908 -0.3759208 0.04114031 -0.9257381 -0.5903111 -0.02108258 -0.8069006 -0.5006998 0.01646006 -0.8654646 -0.2753039 0.08148801 -0.9578975 -0.5145418 0.08165377 -0.8535687 -0.9929533 -0.09868353 0.06561595 -0.9730839 -0.1286611 -0.1911914 -0.9893109 -0.1283023 0.06930029 -0.9650441 0.2054401 0.1627405 -0.9664084 0.1984054 0.1633718 -0.8877041 0.2054867 0.4120154 -0.2830038 -0.1578025 0.9460482 -0.5209442 -0.1582356 0.838796 -0.2829545 -0.1585261 0.945942 0.7444508 -0.1250224 0.6558678 0.5474337 -0.1503292 0.823236 0.7438271 -0.1496148 0.6514113 0.8899106 0.2390697 0.3884649 0.8847584 0.2633127 0.3845375 0.961198 0.2391824 0.1374415 0.9708036 -0.09431725 -0.2205554 0.9982354 -0.0503301 0.03151273 0.9722779 -0.05104321 -0.2281892 0.3626064 0.05299746 -0.9304343 0.5825279 -0.001067161 -0.8128101 0.3523608 -5.66922e-4 -0.9358641 0.4401527 0.1797804 -0.8797413 0.4397906 0.1593006 -0.8838595 0.1933125 0.1797496 -0.9645312 -0.8125547 -0.1663638 -0.5586397 -0.636129 -0.1841236 -0.749292 -0.8109093 -0.1840962 -0.555459 -0.8928162 0.2323402 -0.3858722 -0.8922672 0.2347348 -0.3856929 -0.9633095 0.2322162 -0.1345755 -0.8464991 -0.1567641 0.5087871 -0.9521214 -0.1412555 0.2711305 -0.8481453 -0.1414812 0.5105221 -0.439579 0.2020765 0.8751773 -0.4287855 0.2467817 0.8690466 -0.1928173 0.2021023 0.9601959 -0.04766422 -0.0341677 0.9982789 -0.2893387 0.02794629 0.9568188 -0.03179174 0.02747595 0.9991168 0.744448 -0.1250203 0.6558712 0.5473905 -0.1503264 0.8232651 0.7438247 -0.1496137 0.6514143 0.8899085 0.2390739 0.3884671 0.8847559 0.2633171 0.3845403 0.9611966 0.2391868 0.1374442 0.9708047 -0.09431415 -0.2205521 0.9982355 -0.050327 0.03151595 0.9722788 -0.05104011 -0.2281862 0.4530251 0.04371505 -0.8904254 0.6610412 -0.007132053 -0.7503159 0.4443674 -0.006624042 -0.8958202 0.4373748 0.2211368 -0.8716662 0.4369289 0.2259389 -0.8706578 0.1905353 0.2210968 -0.9564583 -0.5461633 -0.2324233 -0.804789 -0.3140872 -0.221684 -0.9231498 -0.5477658 -0.2210428 -0.8069031 -0.8908911 0.2404865 -0.3853303 -0.8841724 0.2736691 -0.3786087 -0.9613881 0.2403492 -0.1340346 -0.9454515 -0.186003 0.2674405 -0.9893515 -0.1445184 0.01727092 -0.9504458 -0.1444308 0.2753043 -0.4410928 0.1781166 0.8796088 -0.4268041 0.2314897 0.8742144 -0.1943304 0.1781413 0.964625 -0.0986098 -0.0282135 0.9947262 -0.3352138 0.03893268 0.9413373 -0.0800262 0.03762942 0.9960823 0.627695 -0.2524384 0.7363924 0.4096741 -0.2428814 0.8793042 0.6290826 -0.2442667 0.7379627 0.8899097 0.2390691 0.3884673 0.8847574 0.2633121 0.3845403 0.9611978 0.2391819 0.1374442 0.9087415 -0.201974 -0.3652335 0.9782102 -0.1710366 -0.1176918 0.9131934 -0.1698203 -0.3704581 0.4355946 0.2437973 -0.8664989 0.4239834 0.2882912 -0.8585607 0.1887564 0.2437425 -0.9512943 -0.164271 -0.2095105 -0.963909 0.08464437 -0.1565269 -0.98404 -0.1760531 -0.1579633 -0.971624 -0.9590682 0.1174117 -0.2576872 -0.872946 0.05171948 -0.4850674 -0.9688166 0.0517438 -0.2423159 -0.9060965 0.1648719 -0.3896237 -0.9099031 0.1442781 -0.388922 -0.9765819 0.1647857 -0.1383246 -0.6095786 -0.138391 0.7805523 -0.7895597 -0.1570791 0.5932298 -0.6067783 -0.1554141 0.7795297 -0.4347444 0.263425 0.8611647 -0.4343561 0.2671543 0.8602111 -0.18798 0.2634696 0.9461751 -7.8693e-4 0 -0.9999998 0.00557959 0 -0.9999845 0 0.008642315 -0.9999628 -0.01888239 -0.02999711 -0.9993717 -0.9999945 -0.002554714 0.002126097 -0.9999713 -0.007576048 -3.04942e-4 -0.999875 0.009588718 0.01257443 -0.9999993 -7.40526e-4 0.001002788 -1 0 3.20016e-4 0.0130518 0.9999145 -9.52062e-4 3.27417e-4 0.9995945 0.02847504 0.1957685 0.005858421 0.9806327 0.236922 0.03836274 0.970771 0.3424486 0.04198849 0.9385979 0.1595067 0.005074739 0.9871838 0.3126963 0.02749776 0.9494552 0.324 0.00521028 0.9460427 0.4542472 -0.007900297 0.8908408 0.4899126 0.005202949 0.8717561 0.5826264 -0.00379157 0.8127313 0.4994191 0.02323693 0.8660489 0.6246812 0.02864253 0.7803544 0.6385778 0.0232377 0.7692065 0.7334042 -0.001303136 0.6797917 0.6676105 -7.28763e-4 0.7445104 0.6676051 -0.001729667 0.7445136 0.7577001 0.03211039 0.6518124 0.84248 0.02447539 0.5381714 0.8569942 0.03175646 0.5143468 0.8866693 -0.003896355 0.4623877 0.8454368 -9.67428e-4 0.5340748 0.8451973 -0.01081633 0.534345 0.9364194 -0.006163954 0.350829 0.9434756 0.01194983 0.3312268 0.9741721 0.0130741 0.2254279 0.9312484 0.006552934 0.364326 0.9713912 0.01865184 0.2367516 0.9794113 0.006908535 0.2017573 0.9925019 9.37487e-4 0.1222257 0.9941917 0.009818375 0.1071755 0.999982 -0.005754292 -0.001692235 0.9992181 0.03951179 0.001483917 0.9916975 0.03772127 -0.122936 0.9851088 0.03907239 -0.1674337 0.98029 0.006674706 -0.1974517 0.9908129 0.01266092 -0.1346463 0.9910723 -0.001303017 -0.1333192 0.9142204 -0.02224701 -0.4046061 0.9549398 -0.02293199 -0.2959123 0.9531958 -0.02159768 -0.3015814 0.8818213 0.00482124 -0.4715593 0.8575897 0.03846508 -0.5128942 0.7956475 0.04218775 -0.6042892 0.8973479 0.004890322 -0.441297 0.8131723 0.02823954 -0.5813377 0.8098688 0.005463719 -0.5865857 0.6906936 -0.01869565 -0.7229059 0.6580538 5.0729e-4 -0.7529708 0.5710273 0.00178337 -0.8209292 0.6809904 0.005287468 -0.7322733 0.5583122 0.02096509 -0.829366 0.5474559 0.005405187 -0.8368172 0.4097 -0.01789033 -0.9120449 0.3768918 3.56983e-4 -0.9262573 0.2725855 0.001407682 -0.9621306 0.4001669 0.005661129 -0.9164248 0.2605274 0.02012842 -0.9652566 0.2395873 0.005864262 -0.9708572 0.08171933 -0.01722103 -0.9965066 0.05467772 -4.78467e-6 -0.9985041 -0.05553251 8.43449e-4 -0.9984565 0.07413429 0.006200313 -0.997229 -0.06524586 0.01933741 -0.9976819 -0.0953902 0.006487071 -0.9954189 -0.2555599 -0.01643013 -0.9666537 -0.2734515 -4.62618e-4 -0.9618857 -0.3776128 1.74774e-4 -0.9259636 -0.2601727 0.006794631 -0.9655383 -0.3839992 0.01842319 -0.9231497 -0.4195662 0.007178366 -0.9076964 -0.5634462 -0.01574259 -0.8260028 -0.5717076 -9.90765e-4 -0.820457 -0.6584889 -6.11518e-4 -0.7525902 -0.5925675 0.02869498 -0.8050096 -0.6863856 0.03732407 -0.7262794 -0.7200751 0.02890157 -0.693294 -0.8668404 -0.03272247 -0.4975109 -0.8050502 -0.03663182 -0.5920747 -0.8068392 -0.03228545 -0.5898883 -0.8871035 0.04307448 -0.4595565 -0.9502943 0.04031312 -0.3087323 -0.951995 0.04406183 -0.3029263 -0.9775345 -0.01097363 -0.2104898 -0.9505928 -0.002262175 -0.3104323 -0.9503198 -0.01068401 -0.311092 -0.9944378 -0.007717609 -0.1050428 -0.9978366 0.01333063 -0.06437784 -0.9988295 0.01516282 0.04593282 -0.9935733 0.005467891 -0.1130591 -0.9989669 0.02077329 0.04041951 -0.9983903 0.005608022 0.05644041 -0.9790724 -0.01605421 0.2028785 -0.9719453 0.003845036 0.2351759 -0.9402133 -0.002310514 0.3405786 -0.9748976 0.01171797 0.2223449 -0.9321826 0.02457749 0.3611533 -0.9233243 0.011931 0.3838359 -0.8465309 -0.01288318 0.5321837 -0.8332202 4.05263e-4 0.5529412 -0.7674788 0.008141219 0.6410226 -0.8463116 0.006381988 0.53265 -0.7657418 0.01907533 0.6428653 -0.7441561 0.006696283 0.6679723 -0.6249521 -0.01610213 0.7804971 -0.6127002 -5.74763e-4 0.7903152 -0.5220457 5.37205e-5 0.8529176 -0.6221455 0.007018446 0.7828702 -0.5169422 0.01807135 0.8558297 -0.4809622 0.007425844 0.8767099 -0.3299985 -0.01552641 0.9438538 -0.3233143 -0.001371026 0.9462907 -0.2172937 -0.001040637 0.9761057 -0.297715 0.02761024 0.9542555 -0.181537 0.0356599 0.9827374 -0.1321697 0.02781587 0.9908367 -0.0193637 -0.02942454 0.9993795 -0.01936489 -0.02957999 0.9993749 0.09066903 -0.03020155 0.995423 -7.74002e-6 1 2.48588e-6 -5.8808e-6 1 -3.63133e-6 -5.14753e-6 1 -2.41524e-6 -5.41444e-6 1 2.02551e-6 9.81599e-6 1 -7.50387e-6 9.30328e-6 1 -7.05559e-6 -9.7356e-6 1 -2.0405e-6 0 1 -1.86491e-6 -5.02103e-6 1 -8.41319e-6 2.71917e-6 1 -1.0979e-5 3.54606e-6 1 -1.26799e-5 -7.01654e-6 1 -9.3256e-6 7.01565e-6 1 -2.06699e-6 2.29133e-6 1 1.25597e-6 5.34418e-6 1 2.04234e-6 1.23418e-5 1 -1.49532e-6 -2.62253e-6 1 -1.88797e-6 -2.19223e-5 1 2.57454e-5 -2.59955e-5 1 1.46565e-5 -1.97527e-5 1 -2.53266e-5 2.00849e-5 1 -3.35481e-6 5.86734e-6 1 9.94898e-6 0 1 8.28067e-6 4.44727e-6 1 3.37928e-6 3.29698e-6 1 3.89658e-6 -1.79939e-7 1 5.33404e-6 2.6983e-5 1 0 -4.20294e-6 1 3.14375e-5 -1.20983e-5 1 9.2935e-6 -7.89012e-6 1 -4.54991e-7 0.4201213 0.01573944 0.9073316 0.3710169 0.01273989 0.9285388 0.2322825 -0.003934323 0.9726405 0.3927052 0.010136 0.9196086 0.2033007 -0.003926336 0.9791085 0.1938257 5.47884e-4 0.9810358 0.503886 0.03104549 0.8632121 0.5993534 0.009960591 0.8004227 0.5995026 0.01063579 0.8003022 0.6289625 -0.01571643 0.7772768 0.6064886 -0.00986737 0.795031 0.756165 -0.02679699 0.6538322 0.8680812 0.04099357 0.4947267 0.8680364 0.03972035 0.4949092 0.8162297 0.04139006 0.5762431 0.9752321 -0.01608711 0.2205984 0.9386767 -0.01798343 0.3443294 0.9893182 1.5882e-4 0.1457725 0.9811838 0.004708409 0.193019 0.9930472 0.01423686 0.1168531 0.9930922 0.01087403 0.1168311 0.9954035 -0.003576934 -0.09570324 0.9958626 8.85852e-4 -0.09086823 0.9553949 0.01001393 -0.2951618 0.9940285 -0.01407933 -0.1082095 0.9517051 0.01218438 -0.3067718 0.9680376 0.007562398 -0.2506911 0.7415549 0.01310896 -0.6707643 0.7669215 0.008100152 -0.6416898 0.8522603 0.00235635 -0.5231128 0.754414 0.009071946 -0.6563363 0.861957 0.003556907 -0.5069689 0.8739048 0.007122337 -0.4860451 0.8961561 0.01842826 -0.4433562 0.896106 0.01931262 -0.4434199 0.9431558 0.02491551 -0.3314158 0.6517997 0.02923172 -0.7578276 0.5730444 0.01088601 -0.8194521 0.5729221 0.01139128 -0.8195307 0.5298382 -0.01777917 -0.8479125 0.5658313 -0.008967697 -0.8244723 0.3851711 -0.02428907 -0.9225255 0.2207995 0.03686022 -0.9746225 0.2209522 0.03532719 -0.9746447 0.3003135 0.03489977 -0.953202 -0.1713235 0.003303587 -0.9852094 -0.1089721 0.002037584 -0.9940428 0.03271675 0.03370749 -0.9988961 -0.0332753 -0.006144106 -0.9994273 -0.1749082 -0.03769928 -0.9838628 -0.03178066 -0.01565146 -0.9993724 -0.5855464 0.01202255 -0.8105498 -0.5496639 0.006618618 -0.8353596 -0.4218271 0.003953397 -0.9066677 -0.5764685 0.02485346 -0.8167414 -0.4134046 0.002789795 -0.9105432 -0.3954709 0.007462084 -0.9184482 -0.7831612 -0.005233705 -0.6217967 -0.7583338 2.91928e-4 -0.6518665 -0.8751277 0.0270105 -0.4831377 -0.7525451 -0.04328858 -0.6571165 -0.8516079 -0.004713296 -0.5241581 -0.8396774 -0.01760679 -0.5428001 -0.9544481 0.03161019 -0.2966979 -0.9544472 0.03099113 -0.2967662 -0.9248457 0.03347957 -0.3788664 -0.99728 -0.01462984 -0.07224065 -0.9974763 -0.005215525 -0.0708087 -0.9971203 -0.03551214 0.06700885 -0.9999967 0.002088427 0.001493632 -0.9902756 0.03329879 -0.1350757 -0.9976013 0.002521932 0.06917619 -0.9506415 0.00294125 0.3102778 -0.9551001 0.007945299 0.2961769 -0.8730264 0.02479588 0.487042 -0.9426701 0.009425282 0.3335932 -0.8600206 0.01787877 0.509946 -0.883772 0.01502829 0.4676765 -0.6026678 0.003806948 0.7979832 -0.6241385 -0.008551299 0.781267 -0.7295536 -0.03321051 0.6831168 -0.5727312 0.02740335 0.8192852 -0.7048541 -0.001803636 0.7093501 -0.7285993 0.003999233 0.6849286 -0.4656694 0.04186928 0.8839678 -0.3824613 0.03734296 0.9232167 -0.3825318 0.03687798 0.9232061 -0.02607548 0.01507288 0.9995464 -0.02610617 0.01121479 0.9995963 -0.09835386 0.007097065 0.9951263 -0.0408715 0.006865799 0.9991409 -0.1121927 -0.008013844 0.9936542 -0.2439271 -0.01262319 0.9697114 -0.009382724 0.9998699 -0.01312339 0.004663407 0.9999738 0.005549013 0.004360377 0.9999669 -0.006886303 -0.007201373 0.9997317 0.02201634 -0.003171622 0.9999774 -0.005929768 0.001910209 0.9999828 -0.005569577 0.2019225 0.1789557 -0.9629134 0.2015835 0.444029 -0.8730421 0.3670884 0.2282736 -0.9017413 0.9885893 0.123635 0.08605593 0.9107466 0.3927931 0.1274925 0.9498687 0.1673702 0.264077 0.5750832 0.7100685 0.4063029 0.455682 0.8592453 0.2324903 0.4886155 0.7323396 0.4742717 0.8632212 0.1558541 0.4801654 0.783293 0.42093 0.4574607 0.7535805 0.2071167 0.6238744 -0.005030691 0.1761869 0.9843439 0.04615181 0.4324955 0.9004542 -0.1620732 0.2511988 0.9542702 -0.1874243 0.8110151 0.5541901 -0.1213147 0.933887 0.3363599 -0.2915504 0.8179262 0.4959791 -0.2028093 0.7062053 0.6783381 -0.3103265 0.7119748 0.6299123 -0.2887563 0.4984539 0.8174127 -0.3084142 0.4620784 0.8314832 -0.3366593 0.6802061 0.6511377 -0.4272964 0.4678514 0.7736491 -0.2333384 0.971936 -0.0298953 -0.1968569 0.9749376 -0.1036537 -0.4395726 0.8835651 -0.16152 -0.7904364 0.5749499 -0.2112889 -0.7676222 0.554768 -0.3209187 -0.9205035 0.3405753 -0.191525 -0.930883 0.2617918 -0.2547979 -0.7929203 0.5057998 -0.3397706 -0.879858 0.2662456 -0.3936538 0.02301043 0.7117111 -0.7020953 0.1072184 0.8642941 -0.4914264 0.1349843 0.7032826 -0.6979777 -0.05547237 0.566789 -0.8219934 0.09402495 0.5871901 -0.8039696 0.05498802 0.3389348 -0.9392015 0.3102114 0.5820275 -0.7516735 0.3890078 0.3347791 -0.8582516 0.1884111 0.5342945 -0.8240332 0.3302981 0.7254805 -0.6038057 0.2446325 0.7019267 -0.6689199 0.1009781 0.8501069 -0.5168383 0.203959 0.8617433 -0.4645421 0.2000116 0.9557412 -0.2157644 0.2948908 0.853573 -0.4294797 0.1369759 0.9102616 -0.3907192 0.2448781 0.914323 -0.3225653 0.3039236 0.7788423 -0.5486667 0.5904554 0.4767829 -0.651184 0.4591097 0.2937226 -0.8384184 0.4835622 0.5152675 -0.7075783 0.6003441 0.4621738 -0.6526733 0.4857079 0.4931802 -0.721707 0.5339711 0.6745844 -0.5097163 0.7088184 0.4443018 -0.5478798 0.5567181 0.6629897 -0.5005095 0.7617208 0.482959 -0.4318937 0.5870456 0.7627251 -0.2713449 0.7344853 0.5559271 -0.3891997 0.5379896 0.7411186 -0.4016349 0.5005721 0.8497464 -0.1654052 0.4793665 0.8360162 -0.266992 0.2585031 0.9367328 -0.2360255 0.8288882 0.4834316 -0.2814929 0.7845768 0.4818946 -0.39015 0.6773681 0.6965379 -0.2366594 0.1901668 0.9809274 -0.04022824 0.4233782 0.8979251 -0.1203397 0.1714612 0.9760389 -0.1339747 0.7833021 0.6214644 -0.01482671 0.9261291 0.3766066 -0.02127426 0.8139294 0.5500261 -0.1870566 0.7451005 0.6667838 0.01498538 0.8622961 0.4789702 -0.1644172 0.7234437 0.6841936 -0.09224092 0.7471996 0.6623458 0.05468934 0.7385182 0.6672095 -0.09707003 0.5549337 0.8318926 0.001876711 -0.05938565 0.9980129 0.02106624 0.1967234 0.9802002 0.02252739 -0.05512619 0.9974871 -0.04450482 0.6404038 0.7203516 0.2664144 0.6757704 0.7173585 0.169503 0.4505895 0.875184 0.1761305 0.4209036 0.8961815 0.1403526 0.6482816 0.7437616 0.1629406 0.4587051 0.8872686 0.04841566 0.8149688 0.556052 0.1631938 0.7432892 0.5963839 0.3030632 0.8792067 0.3461027 0.3274272 0.6781873 0.5372624 0.5014093 0.7150529 0.2971768 0.6327601 0.7710156 0.482327 0.4158074 0.273442 0.9065204 0.3216369 0.4720591 0.7655003 0.4372295 0.3629284 0.9014585 0.2359145 0.4232687 0.5086254 0.7497625 0.6344405 0.3095559 0.70828 0.5297936 0.5398251 0.6541466 0.4389755 0.4344264 0.786495 0.5659326 0.4521255 0.6894221 0.3806573 0.6557919 0.6519486 0.07373362 0.9909874 0.1118361 0.1895414 0.9235353 0.3334016 0.1609529 0.9839472 0.07708638 0.2798555 0.7137953 0.6420103 0.1561272 0.7033274 0.6935092 0.3318934 0.5058084 0.796244 0.3213507 0.2876324 0.9022203 0.1174619 0.4944189 0.8612507 0.1939671 0.262658 0.9451918 0.02749615 0.9178945 0.3958711 0.07556021 0.7807692 0.6202338 0.1637933 0.901277 0.4010881 0.02650153 0.7168113 0.6967634 0.1698406 0.699565 0.6940915 0.1221231 0.8565447 0.5014151 -0.168038 0.4352677 0.8844802 -0.0114212 0.4543831 0.8907333 -0.1311924 0.6572864 0.7421343 -0.03067624 0.9847656 0.1711601 -0.08313512 0.9067147 0.4134696 0.05372381 0.9786862 0.1982104 -0.1186149 0.9685564 0.2186986 -0.1698335 0.9720003 0.1623947 -0.3123202 0.8766315 0.3660237 -0.3509376 0.8401232 0.4135649 -0.2400359 0.9501038 0.1992127 -0.4171643 0.8379871 0.3517835 -0.4528929 0.6952086 0.5581874 -0.5356876 0.6915907 0.484501 -0.5439168 0.4873698 0.6830998 -0.5627418 0.4601913 0.6866918 -0.5767906 0.6588574 0.4829281 -0.6496925 0.4493224 0.6131958 -0.4867605 0.8625199 0.1382887 -0.487778 0.8440644 0.2227735 -0.2555103 0.933749 0.2506542 -0.7484134 0.5760149 0.3287619 -0.8171364 0.5273826 0.2327142 -0.7944517 0.3720235 0.480047 -0.680424 0.6846921 0.2611895 -0.8517961 0.491475 0.1813721 -0.6814814 0.640597 0.3538624 -0.1581829 0.987131 0.02346426 -0.4020553 0.9117866 0.08364689 -0.1495524 0.9824278 0.1116679 -0.7151061 0.6973698 0.04794377 -0.8481559 0.4936655 0.1921615 -0.6850008 0.7095669 0.165193 -0.9678876 0.2121447 -0.1348636 -0.9805904 0.1890403 0.05202311 -0.8945989 0.4455958 -0.03372603 -0.4648473 0.8839873 -0.04983401 -0.6816415 0.7315913 -0.01180076 -0.4819083 0.8717926 0.08798944 -0.5967628 0.7983241 -0.08095139 -0.6072462 0.7930898 0.04754865 -0.3880241 0.9215508 0.01348072 -0.8384173 0.5429456 -0.04760783 -0.7869174 0.5966083 -0.1575427 -0.9092372 0.3454047 -0.232343 -0.3671941 0.9032495 -0.2220559 -0.5519667 0.7544422 -0.3551757 -0.4636644 0.8747361 -0.1408981 -0.6096904 0.7009035 -0.3701513 -0.3909808 0.8614411 -0.3241193 -0.5528751 0.7004225 -0.4513728 -0.7322475 0.5219323 -0.4374932 -0.6559166 0.5231534 -0.5441359 -0.8192873 0.2840145 -0.4981005 -0.8171374 0.2274621 -0.5296672 -0.6786934 0.4807041 -0.5552467 -0.7097437 0.2432388 -0.6611346 -0.3029387 0.8446085 -0.4414349 -0.5361968 0.7008605 -0.4704122 -0.3479079 0.8594267 -0.3746275 -0.4396042 0.5995108 -0.6688311 -0.5632981 0.3466463 -0.7500211 -0.5569538 0.5681958 -0.6057689 -0.3994545 0.5312336 -0.747146 -0.3403573 0.4725025 -0.8129565 -0.5900442 0.3432965 -0.73075 -0.1622502 0.7092829 -0.6859976 -0.2528652 0.4895435 -0.8345096 -0.2988618 0.6901966 -0.6590222 -0.1288856 0.8695752 -0.476684 -0.1660439 0.8742864 -0.4561279 0.02305746 0.9566553 -0.2903083 -0.02183794 0.9817345 -0.1889991 -0.1255792 0.8991688 -0.4191963 -0.1100555 0.9786787 -0.1734244 -0.1439934 0.256713 -0.955701 -0.05874323 0.5104449 -0.8579018 0.03293997 0.279265 -0.9596489 0.4995314 0.8399884 -0.2118676 0.5175489 0.8396018 -0.1649603 0.3113738 0.9464305 -0.08553248 0.6166404 0.7841225 -0.07004815 0.4854964 0.873922 -0.02352815 0.4283959 0.9035753 -0.005360126 0.9707055 0.2382765 0.03090953 0.8765716 0.476682 0.06630766 0.8693837 0.4939715 -0.01281809 0.9229478 0.3819776 -0.04754632 0.7847182 0.6027219 -0.1447197 0.9119052 0.3859518 -0.1395353 0.9247635 0.2983465 -0.2362244 0.8111656 0.5296301 -0.2479966 0.787713 0.5237895 -0.3242729 0.8987357 0.3367493 -0.2808455 0.7501282 0.5657634 -0.3423734 0.8611903 0.3357954 -0.3815665 0.7994954 0.320578 -0.5079733 0.7101429 0.5544255 -0.4339464 0.6569726 0.5609757 -0.5036798 0.8254005 0.2652117 -0.4983742 0.6913529 0.5100645 -0.5117278 0.7676196 0.2661249 -0.5830419 0.632969 0.2471417 -0.7336698 0.5716328 0.49437 -0.6548545 0.5028605 0.4936465 -0.7095384 0.6309125 0.2678278 -0.7281606 0.5006617 0.5131089 -0.697178 0.551334 0.2688471 -0.7897799 0.4531603 0.2591412 -0.8529313 0.3857668 0.5008167 -0.7748335 0.3015624 0.4915432 -0.8169734 0.3514226 0.3967682 -0.8479843 0.1760365 0.6005747 -0.7799495 0.2761766 0.3889091 -0.8789063 0.229551 0.2373256 -0.943919 0.1530054 0.4649121 -0.8720358 0.08608472 0.4618777 -0.8827562 0.05722665 0.4171926 -0.9070146 -0.1025096 0.6062291 -0.7886558 -0.01457804 0.4074369 -0.913117 -0.02378362 0.192392 -0.9810299 -0.1162087 0.4114041 -0.9040145 -0.1757882 0.4015316 -0.8988165 -0.2432958 0.3834853 -0.8909245 -0.3716138 0.5662822 -0.7356818 -0.3142382 0.3720543 -0.8734014 -0.1935932 0.4119261 -0.8904149 -0.3039858 0.5507765 -0.7773274 -0.3824946 0.5254818 -0.7599782 -0.5574429 0.3140793 -0.7685127 -0.4792597 0.5515865 -0.6826878 -0.5503397 0.5539834 -0.6246829 -0.5488833 0.2922154 -0.7831586 -0.5441891 0.5352618 -0.6460286 -0.6322296 0.294965 -0.7164367 -0.770354 0.3090898 -0.55769 -0.6697483 0.5456047 -0.5037389 -0.7188631 0.5500167 -0.425109 -0.7642933 0.3263734 -0.55618 -0.7297445 0.5551032 -0.399166 -0.8125292 0.3216377 -0.4861539 -0.897493 0.1955466 -0.3953074 -0.8374838 0.4395827 -0.324635 -0.8631929 0.4345774 -0.2569837 -0.8868342 0.357316 -0.2930024 -0.8033102 0.5779739 -0.1436626 -0.9121996 0.3516746 -0.210278 -0.9703314 0.2217028 -0.09646183 -0.8832308 0.4661155 -0.05137842 -0.8869178 0.4615727 0.01810091 -0.9603481 0.2724499 -0.05918312 -0.8558415 0.5164769 0.02805346 -0.9606769 0.2739716 0.04516142 -0.9235582 0.2595167 0.2822968 -0.8386783 0.5013594 0.2127383 -0.8078168 0.5141261 0.2882818 -0.7710912 0.4284592 0.4710003 -0.5884486 0.6322353 0.5039908 -0.7344381 0.4245427 0.5294942 -0.7789387 0.2054006 0.5925076 -0.6622878 0.4233806 0.6181616 -0.6208845 0.4133442 0.6660698 -0.5731901 0.3893567 0.7210093 -0.3707244 0.5697861 0.7334216 -0.5168058 0.3778392 0.7682119 -0.5968328 0.3354242 0.7288905 -0.4449151 0.5074015 0.7379664 -0.3880011 0.4880436 0.7818368 -0.2673855 0.356759 0.8951135 -0.2735723 0.5834056 0.7647196 -0.1719584 0.5954595 0.7847665 -0.3042672 0.3237697 0.8958765 -0.1660826 0.5533524 0.8162217 -0.222545 0.319379 0.9211248 -0.1344654 0.215523 0.9671964 -0.07692229 0.453478 0.8879419 -6.53513e-4 0.4475739 0.8942468 -0.02069211 0.3571227 0.9338284 0.1216254 0.564031 0.8167474 0.05738186 0.3483259 0.9356156 0.08676767 0.2119141 0.9734289 0.1479054 0.4442827 0.8835932 0.2114027 0.4367444 0.8743931 0.2146067 0.372182 0.9030086 0.3202098 0.5778412 0.75071 0.2909429 0.3638885 0.8848375 0.3426453 0.2156808 0.9143719 0.3851501 0.4478437 0.8069047 0.4449459 0.4362527 0.7821169 0.5434135 0.447293 0.7103737 0.3635947 0.5749667 0.7329476 0.3781148 0.6558322 0.653386 0.7924386 0.2785722 0.5426221 0.7367993 0.5260471 0.4247369 0.8425062 0.2864277 0.4562264 0.9105674 0.2673188 0.31529 0.8117861 0.5102688 0.2839529 0.8367377 0.5104976 0.1981468 0.9089972 0.270851 0.3168025 0.8343955 0.5136666 0.1998274 0.9371467 0.2711178 0.219662 0.9608741 0.2625431 0.08827382 0.87573 0.4824084 -0.01947414 0.8780063 0.4757449 -0.05264896 0.4565848 0.7262802 -0.5138555 0.2296047 0.8609076 -0.4540044 0.421131 0.720266 -0.5512402 -0.8378015 0.5067459 0.2032173 -0.6631967 0.7186371 0.2091195 -0.8125516 0.5151245 0.2727758 -0.7954729 0.4099936 0.4462379 -0.6712055 0.6266761 0.3959299 -0.6375851 0.6301645 0.4431456 0.5296927 0.4356945 0.7277334 0.4860545 0.6499236 0.584252 0.5381839 0.6414554 0.5467112 0.5634883 0.5115773 0.6486675 0.5132666 0.7163586 0.4726392 0.6389163 0.5139352 0.5724129 0.6999123 0.5490108 0.4568481 0.5503629 0.7444052 0.3781028 0.5893843 0.7486066 0.3036681 0.6724784 0.6909726 0.2651975 0.5431905 0.7577246 0.3616595 0.4758739 0.820308 0.3172365 0.6520028 0.7077904 0.271892 0.6181894 0.7850189 0.03983879 0.6910101 0.6936681 0.2032971 0.6745414 0.7373218 -0.03675037 0.464927 0.8850765 0.02197176 0.453657 0.8908003 -0.02588957 0.8384593 0.1912713 -0.5102955 0.714672 0.417013 -0.5615552 0.7166259 0.4177638 -0.5584988 0.4894879 0.09276604 -0.8670619 0.3847824 0.3354358 -0.8598985 0.3901991 0.3363714 -0.8570875 0.253214 0.5874992 -0.768588 0.08679229 0.7489208 -0.6569512 0.0796644 0.7470502 -0.659977 -0.1619026 0.7761896 -0.6093581 -0.05409973 0.9113011 -0.408171 -0.1262578 0.9150179 -0.3831464 -0.0852077 0.4914023 -0.8667546 -0.0516265 0.6971567 -0.7150576 -0.191628 0.5073146 -0.8401849 -0.2181175 0.8078147 -0.5475949 -0.2397089 0.9218335 -0.3045696 -0.2843324 0.7999452 -0.5284343 -0.403821 0.7134476 -0.5726439 -0.2735217 0.870857 -0.4084045 -0.4749865 0.7236651 -0.5006963 -0.6663106 0.4933289 -0.5591573 -0.6322379 0.677796 -0.3753241 -0.6312391 0.6781846 -0.3763015 -0.6072162 0.7502058 -0.2616864 -0.4549456 0.8861231 -0.08837646 -0.6312908 0.74668 -0.2096208 -0.7282071 0.6684875 -0.1511254 -0.5472114 0.8347204 -0.06165909 -0.5516378 0.8331582 -0.03928524 -0.6473094 0.7600207 -0.05795818 -0.4357731 0.8994495 0.03305292 -0.6521995 0.7580327 0.004722654 -0.7090321 0.6823585 0.1779336 -0.5092644 0.8481884 0.1456928 -0.5012322 0.8487027 0.1687306 -0.6868948 0.6185059 0.3816098 -0.5394094 0.8011547 0.2592077 -0.6197946 0.6407947 0.4530307 -0.504611 0.7588162 0.4117836 -0.2711868 0.8782764 0.3938127 -0.4756872 0.7537043 0.4534882 -0.5039659 0.4404649 0.7429732 -0.3741005 0.653571 0.6579468 -0.3743249 0.6535466 0.6578432 -0.3155517 0.5246924 0.7906486 -0.1565358 0.7084523 0.6881801 -0.1579525 0.7088496 0.687447 -0.07558459 0.7823859 0.6181904 -0.002289175 0.9173884 0.3979864 0.01482778 0.7839689 0.6206229 0.1210755 0.806319 0.5789563 0.06622093 0.9278622 0.3669967 0.1255681 0.930877 0.3430755 0.07889175 0.7441546 0.6633327 0.154927 0.8811789 0.4466782 0.1320883 0.7404757 0.6589753 0.2112627 0.6596237 0.7212937 0.2150061 0.8265604 0.5201637 0.2350888 0.8246828 0.5144234 0.2613462 0.8172029 0.5136902 0.2531476 0.929235 0.2691445 0.314442 0.8109987 0.4933634 0.5922579 0.7724071 -0.2293866 0.3667578 0.902694 -0.2250162 0.3731112 0.9042163 -0.2078007 0.381735 0.8837235 -0.2707605 0.1388559 0.9650131 -0.2224158 0.3755731 0.8824689 -0.2831847 0.4942922 0.6838932 -0.5366242 0.3000615 0.8396818 -0.4526563 0.3225132 0.8431612 -0.4301911 0.246704 0.879536 -0.4068831 0.07982802 0.9710781 -0.2250221 0.22661 0.8791966 -0.4191196 0.1307727 0.7698581 -0.6246735 0.02852094 0.9051 -0.4242413 0.0465781 0.9062067 -0.4202616 -0.3739515 0.76912 -0.5182805 -0.270509 0.9078224 -0.3204424 -0.2702295 0.9078342 -0.320645 -0.436199 0.8558151 -0.278049 -0.3773322 0.9251789 -0.04080045 -0.4490612 0.8524245 -0.2678 -0.5823655 0.7975287 0.1574755 -0.3895424 0.9201136 0.04059433 -0.541663 0.8097549 0.225607 -0.3755889 0.903068 0.2083297 -0.1271787 0.9641068 0.2330746 -0.3722243 0.9011201 0.2223325 -0.2938582 0.8874403 0.3551014 -0.1181182 0.9761934 0.1819192 -0.2826243 0.8878859 0.363018 -0.2778676 0.7973161 0.5357954 -0.115004 0.920599 0.3731913 -0.1274511 0.9217117 0.3663383 0.02438873 0.9258693 0.3770563 -0.04551005 0.9900478 0.1331706 0.01947414 0.9922291 0.1228916 0.4372486 0.7498103 0.4965865 0.3277963 0.893636 0.3065361 0.3195269 0.8939598 0.3142271 0.4255174 -0.8663797 0.2613837 0.6462091 -0.7241051 0.2410097 0.6357612 -0.7196272 0.2791853 -0.7224462 -0.03713256 0.6904295 -0.7230141 -0.2824288 0.6304638 -0.6698888 -0.05155986 0.740669 -0.09250932 0.995566 0.01704066 -0.02888041 0.9724532 -0.2313021 -0.04604488 0.9717662 -0.2314095 0.268047 0.9545776 -0.1301249 0.08785396 0.9953829 0.03866016 0.2311959 0.9568957 -0.1757822 0.1631923 0.9738933 -0.1577976 -0.06999701 0.9943034 -0.08038234 0.1711489 0.9743117 -0.1463729 0.4121398 0.7092239 -0.5719636 0.2157813 0.8525204 -0.4760754 0.271924 0.8617299 -0.4283447 0.04049921 0.9756022 -0.2157782 -0.005485057 0.9991717 0.04032039 0.03381621 0.975651 -0.2167062 -0.04796034 0.953594 -0.2972512 -0.003433525 0.9969118 -0.07845485 0.03959989 0.9955662 -0.08532267 0.2610933 0.5228538 0.811452 0.3096216 0.7085239 0.6341359 0.2404077 0.718605 0.6525421 0.4884695 0.672275 0.5562769 0.4471789 0.8241342 0.3476119 0.3902214 0.8341861 0.3896933 0.2389767 0.9639853 0.1167162 0.04626119 0.9976533 -0.05047571 0.2297217 0.9644911 0.130327 0.6816327 0.7015438 0.2078777 0.4747685 0.8656612 0.1588262 0.6874379 0.7145124 0.130005 -0.999942 0.009589314 0.004907906 -0.9999716 0 0.007531166 0 7.45058e-7 1 0 7.45058e-7 1 0.9975581 0.06736838 0.01842778 1 1.5922e-7 0 0 0.999976 0.006943285 0.2130693 0.9770371 0 -0.9949203 0.09906071 -0.01790732 -0.9999574 0 0.009236037 0 7.45059e-7 1 0 7.45057e-7 1 0.9948264 0.09991365 0.0183773 0.9999595 -1.59214e-7 -0.00899899 0 1 -2.01646e-7 -0.9999574 1.59213e-7 0.009236037 0.9999595 0 -0.00899899 0 1 -2.01646e-7 -0.9949203 0.09906101 -0.01790738 -0.9999574 -3.18427e-7 0.009236037 0 7.45058e-7 1 0.9948264 0.09991383 0.0183773 0.9999595 -3.18427e-7 -0.00899899 -0.9949203 0.09906089 -0.01790738 -0.9999574 0 0.009236037 0.9948264 0.09991353 0.01837736 -0.9949203 0.09906089 -0.01790732 -0.9999574 0 0.009236097 0 7.4506e-7 1 0 7.45055e-7 1 0.9948264 0.09991383 0.0183773 0.9999595 0 -0.00899899 -0.9994305 0.03374779 0 0 7.45057e-7 1 0.9976856 0.06545126 0.01843023 1 0 -2.03794e-7 -0.2861639 0.9581496 0.007726073 -0.9949203 0.09906053 -0.01790732 -0.9999574 3.18427e-7 0.009236097 -0.9949203 0.09906089 -0.01790738 -0.9999574 3.18427e-7 0.009236037 0 7.45058e-7 1 0 7.45057e-7 1 0.9948264 0.09991353 0.0183773 0.9999595 3.18427e-7 -0.00899899 0.9948264 0.09991449 0.01837736 0.9999595 0 -0.008999049 -0.9994305 0.03374719 0 -0.9999574 -6.36853e-7 0.009236097 0 7.4506e-7 1 0.997666 0.0657497 0.01842981 1 0 -8.92105e-5 -0.2892603 0.9572187 0.007809221 0 7.45057e-7 1 0 7.45059e-7 1 -0.9949203 0.09906089 -0.01790738 0 7.45064e-7 1 0 7.45055e-7 1 0.9948264 0.09991449 0.0183773 -0.9999574 0 0.009235978 0.9948264 0.09991449 0.01837736 -0.9949203 0.09906089 -0.01790726 -0.9999574 -1.27371e-6 0.009236037 0 7.45056e-7 1 0 7.45058e-7 1 0.9948264 0.09991383 0.01837736 0.9999595 6.36855e-7 -0.00899899 -0.9949202 0.09906148 -0.01790738 0 7.45062e-7 1 0.9948264 0.09991383 0.0183773 0.9999595 6.36855e-7 -0.00899887 0 1 0 -0.9949203 0.09906023 -0.01790738 0.9999595 -6.36855e-7 -0.00899899 -0.9999574 -6.36853e-7 0.009236037 0 7.45055e-7 1 0.9994593 0.03288149 0 0.1417046 -0.9899091 0 0.1417047 -0.989909 0 0.324985 -0.09289556 0.9411457 1.66489e-6 1.24177e-6 1 1 7.25226e-7 0 0 -1.24177e-6 -1 0 1.82738e-7 -1 0.2698802 -0.07714283 -0.9597988 -1 1.69174e-6 0 -1 -1.69174e-6 0 -4.16222e-7 0 -1 4.16222e-7 0 1 6.26692e-6 0 -1 3.00815e-6 0 -1 -6.05419e-7 0 -1 0.9971366 0 0.07562226 0.9996984 0.02381008 -0.006029546 0.9974608 -0.03665167 0.06106227 0.9965872 0.082394 -0.005017936 0.9941522 0.1068832 -0.01541054 0.9933636 0.1138243 0.01651912 0.9988671 0.04626828 -0.0111261 0.9990071 -0.01100975 -0.0431708 0.999744 0.009035348 -0.02074682 0.9981892 0 -0.06015396 0.9998993 -0.01058566 0.009459078 1 -1.19846e-5 0 0.9996689 -0.01815348 -0.01823651 8.30305e-7 0 1 0 6.20882e-7 1 -1 -1.34227e-6 0 0.9991977 -7.90789e-4 -0.04004484 0.9991055 0 -0.04228836 0.991452 0.1304723 -1.21117e-4 0.9910854 0.1332286 0 0.9993174 5.04229e-4 0.03693962 0.9992746 0 0.03808403 0.997991 -0.06335389 3.89449e-4 0.997692 -0.06790333 0 0.998371 -6.95685e-4 -0.05705124 0.9982153 0 -0.0597192 0.9941836 0.1076987 -4.0778e-5 0.9941071 0.1084032 0 0.9979472 0.001081585 0.0640335 0.9976415 0 0.06864172 0.9961789 -0.0873363 6.71901e-6 0.9961714 -0.08742237 0 0.0547164 -0.09032857 0.9944078 0.03067314 0.9995296 0 0.03067302 0.9995296 0 0.03547751 0 -0.9993705 0 -0.05569297 -0.998448 0 3.27828e-4 -1 -6.25953e-5 6.63108e-4 -0.9999998 0.04353964 0.4293646 0.9020811 0 0.2278473 0.973697 0.9995692 -1.93736e-5 0.02934837 0.9866064 0.1631191 2.94218e-7 -0.3159748 0.03949743 -0.9479451 -0.3159875 0.0394982 -0.9479408 0.3139742 0.1190244 0.9419413 -0.5601913 -0.03448498 0.8276451 0.9658664 0.01078426 -0.2588167 -0.3159872 0.03949725 -0.947941 -0.3159875 0.03949731 -0.947941 0.315238 0.07881069 0.9457346 -0.5543591 -0.03464794 0.8315561 -0.3159872 0.03949731 -0.947941 -0.3159875 0.03949731 -0.947941 0.315238 0.07881075 0.9457346 -0.5543591 -0.034648 0.8315561 1 0 0 -0.3152379 0.07881164 -0.9457345 0.5543676 -0.03464776 -0.8315505 -0.9935729 0.009400308 -0.1128035 0.3159748 0.03949743 0.9479451 0.564755 0.07059389 0.8222339 0.04352897 0.4296156 0.9019622 6.094e-5 0.2284471 0.9735563 0.9866062 0.1631199 0 -0.09774386 0.5229287 -0.8467537 -6.53168e-5 6.63108e-4 -0.9999998 0.04353171 0.4296156 0.9019621 5.82905e-5 0.2284471 0.9735563 -0.09774625 0.5229286 -0.8467535 -6.53168e-5 6.70558e-4 -0.9999998 0.04353427 0.4296212 0.9019592 0.9995692 -1.93736e-5 0.02934849 0.9866063 0.1631195 0 0 3.35279e-4 -1 6.094e-5 0.2284535 0.9735549 0 3.31554e-4 -1 -6.12345e-5 6.66833e-4 -0.9999998 5.82906e-5 0.2284407 0.973558 0.9995693 -1.93736e-5 0.02934843 0.9866062 0.1631202 0 -6.39561e-5 6.66833e-4 -0.9999998 0.04353165 0.4296184 0.9019607 0.9866062 0.1631203 0 0.04353302 0.4296156 0.9019619 5.96152e-5 0.2284433 0.9735573 0.9866063 0.16312 0 0.9995692 0 0.02934867 0.9866064 0.163119 -2.94235e-7 -0.9457333 0.07881093 0.3152417 -0.8315528 -0.03464776 -0.5543641 -0.1731723 0.01443088 0.9847859 0.9479454 0.03949713 -0.3159741 0.8790656 0.05912792 -0.4730197 -0.9457319 0.07881164 0.3152458 0.947944 0.03949737 -0.3159782 0.9479424 0.03949797 -0.3159831 -0.9457318 0.0788117 0.3152462 -0.8315526 -0.03464782 -0.5543644 0.9479438 0.03949737 -0.315979 0.9479424 0.03949791 -0.3159831 0.5545608 -0.02310627 -0.8318223 -0.9422219 0.1165212 0.3140712 -0.9927664 0.04136496 -0.1127107 0.5661346 -0.010755 0.8242427 0.9473691 0.05263179 -0.3157874 -0.8315491 -0.03464812 -0.5543697 -0.1731828 0.01443082 0.9847841 0.947944 0.03949767 -0.3159782 0.8790679 0.05912739 -0.4730154 -0.9457334 0.07881063 0.3152418 0.9479438 0.03949743 -0.315979 0.2187777 0.01823151 -0.9756045 -0.9479438 0.03949743 0.315979 -0.8882301 0.0569815 0.4558514 0.9457333 0.07881063 -0.3152421 0.8315526 -0.03464782 0.5543644 -0.9422234 0.1165197 0.3140672 -0.8690786 -0.03621172 -0.493347 0.3722729 0.0155099 0.9279938 0.9479438 0.03949767 -0.315979 0.9479424 0.0394982 -0.3159831 -0.9457319 0.078812 0.3152458 0.9479426 0.03949785 -0.3159823 0.2187879 0.01823151 -0.9756022 0.9457318 0.07881164 -0.3152462 0.9479451 0.03949719 -0.3159748 0.947941 0.03949874 -0.3159872 -0.1731828 0.01443129 0.9847841 0.8790703 0.05912643 -0.4730111 -0.9479424 0.03949791 0.3159831 -0.8882321 0.05698096 0.4558473 0.8315489 -0.03464812 0.5543699 -0.9422205 0.1165223 0.3140753 -0.8690807 -0.03621149 -0.4933433 0.3722529 0.01551085 0.9280018 0.9479438 0.03949743 -0.315979 -0.9457333 0.07881069 0.3152421 -0.9422205 0.116522 0.3140754 -0.9927663 0.0413652 -0.1127118 0.5661346 -0.0107544 0.8242427 0.9473664 0.05263257 -0.3157957 -0.9457334 0.07881033 0.3152418 -0.8315491 -0.0346477 -0.5543697 0.879068 0.05912697 -0.4730154 -0.831551 -0.03464794 -0.5543669 0.9479432 0.03949761 -0.3159802 -0.8315507 -0.034648 -0.5543671 0.947943 0.03949761 -0.315981 -0.942219 0.1165235 0.3140794 -0.9927664 0.04136478 -0.1127107 0.5661277 -0.01075452 0.8242474 0.9473677 0.05263185 -0.3157916 -0.1731723 0.01443135 0.9847859 -0.315981 0.03949779 -0.947943 -0.3159813 0.03949737 -0.947943 0.3152441 0.07881104 0.9457326 -0.5543676 -0.03464812 0.8315505 -0.315981 0.03949779 -0.947943 -0.3159813 0.03949743 -0.947943 0.3152441 0.07881098 0.9457326 -0.5543676 -0.03464812 0.8315505 1 0 0 -0.9422212 0.1165214 0.3140733 -0.8690786 -0.0362116 -0.493347 0.3722529 0.01551073 0.9280018 -0.9457326 0.07881104 0.3152438 -0.8315491 -0.034648 -0.5543697 -0.1731828 0.01443105 0.9847841 -0.3159748 0.03949785 -0.9479451 -0.5543717 -0.034648 0.8315478 -0.3159748 0.03949791 -0.9479451 -0.5543717 -0.034648 0.8315478 0.3722626 0.01551038 0.927998 0.9479424 0.03949797 -0.3159831 -0.3152379 0.07881158 -0.9457345 0.5543633 -0.03464823 -0.8315533 -1 0 0 0.3159872 0.03949773 0.947941 0.3159813 0.03949737 0.947943 -0.315975 0.03949791 -0.947945 -0.4688712 0 -0.8832666 -0.4688712 0 -0.8832667 0.5305646 0 -0.8476446 0.5305631 0 -0.8476455 0.9993724 0 0.03542625 0.9993724 0 0.03542625 0.9993724 0 0.03542625 0.9993724 0 0.03542625 0.9993724 0 0.03542625 0.9993724 -2.29773e-7 0.03542625 0.4690017 0 0.8831973 0.4690011 0 0.8831977 -0.530564 0 0.847645 -0.5305661 0 0.8476437 -0.9993665 0 -0.03559011 -0.9993665 0 -0.03559017 0 -1 3.67744e-6 0 -1 -5.02716e-6 0 -1 3.53611e-6 0 -1 -3.73329e-6 0 1 -9.89445e-6 0 1 1.58746e-6 0 1 1.28084e-6 0 1 -3.00387e-6 -0.8764506 0.04096269 -0.4797464 -0.8766337 0.03694421 -0.479738 -0.9570676 0.04094564 -0.2869585 -0.8261026 -0.03430062 0.5624749 -0.924903 -0.03753006 0.3783461 -0.8259706 -0.03754299 0.5624617 -0.786161 0.02589237 0.6174792 -0.7861126 0.01839512 0.6178095 -0.6405806 0.02588862 0.7674545 0.2179434 -0.01564347 0.975836 0.2205055 0.007405757 0.9753577 0.4160078 -0.01564621 0.9092265 0.3306466 -0.007728934 0.943723 0.1298117 0.01542598 0.9914187 0.333084 0.01542168 0.9427711 0.9993489 -0.01919347 0.03055077 0.9710438 -0.02802115 0.2372528 0.9991526 -0.02803564 0.03013914 0.9987989 0.02797263 0.0402289 0.9990259 0.0190047 0.03982633 0.9853388 0.02796697 -0.1683018 0.3631809 -0.01685655 -0.9315662 0.3603394 0.008559644 -0.932782 0.1615755 -0.01686942 -0.9867162 0.2540735 -0.006989657 -0.9671598 0.4469078 0.01718747 -0.8944149 0.2511957 0.01719373 -0.9677836 -0.8439181 -0.02088874 -0.5360652 -0.7140922 -0.02920883 -0.6994421 -0.8439338 -0.02921444 -0.5356515 0 1 -3.80479e-6 0 1 -7.15428e-6 0 1 -2.18156e-6 0.910291 -0.01529115 0.4136865 0.9102727 -0.01559334 0.4137158 0.9731956 -0.02369642 0.2287549 0.9952161 0.02376478 -0.09476327 0.9579591 0.01511472 -0.2865064 0.9579448 0.015419 -0.2865382 0.9083817 -0.01854616 -0.4177306 0.9083907 -0.01884281 -0.4176977 0.8096525 -0.02659147 -0.5863069 0.4743707 0.03376024 -0.8796777 0.294883 0.02097702 -0.9553031 0.2947559 0.02179312 -0.9553241 0.08623969 -0.04222756 -0.9953791 0.08613675 -0.04151028 -0.9954183 -0.1085938 -0.04935902 -0.9928601 -0.6614943 0.07056629 -0.746623 -0.7942907 0.05983465 -0.6045844 -0.7942773 0.05960822 -0.6046244 -0.9625586 -0.06030237 -0.2642814 -0.9625791 -0.06010729 -0.2642515 -0.9949085 -0.07002055 -0.0724855 -0.8748012 0.043473 0.482528 -0.764495 0.03865867 0.6434695 -0.7646006 0.03770649 0.6434005 -0.6117039 -0.0166378 0.7909119 -0.6117594 -0.0172103 0.7908567 -0.4463688 -0.02720832 0.8944354 -0.1019524 0.02372294 0.9945064 0.09338086 0.015271 0.9955133 0.09341686 0.01559221 0.995505 0.2316905 -0.01838529 0.9726158 0.2316532 -0.01870971 0.9726185 0.4163337 -0.02653604 0.9088246 0.7227402 0.02649718 0.6906117 0.8433995 0.01834452 0.5369738 0.8434141 0.01866602 0.5369398 0 -1 -2.60807e-6 0 -1 -2.62842e-6 -0.6906214 3.05572e-7 -0.7232165 -0.6906214 0 -0.7232164 -0.6906214 0 -0.7232165 -0.690866 0 -0.7229828 0.2808699 0 -0.9597458 0.2808708 0 -0.9597457 0.9716247 0 -0.2365282 0.9716246 0 -0.2365282 0.6906219 1.60841e-7 0.723216 0.690622 0 0.723216 0.6906219 0 0.723216 0.6905189 0 0.7233144 0.6905189 0 0.7233144 0.6905189 0 0.7233144 -0.2806337 0 0.959815 -0.2806337 0 0.959815 -0.2806337 0 0.959815 -0.2806329 0 0.9598153 -0.2806329 0 0.9598153 -0.2806329 -2.09084e-7 0.9598153 -0.9715521 0 0.2368259 -0.9716315 0 0.2365003 -0.9716315 0 0.2365003 -0.9716315 0 0.2365003 0 -1 -4.14674e-6 0 -1 -2.88649e-6 0 -1 -3.01044e-6 0 -1 7.88991e-6 0 1 -1.39409e-6 0 1 1.5238e-6 0 1 -6.26699e-6 -0.9608509 0.04252713 -0.2737828 -0.9603891 0.05869269 -0.2724111 -0.9967867 0.0425232 -0.06788271 -0.9974008 -0.01827591 0.06969767 -0.9905125 0.001021981 -0.1374195 -0.9974417 0.001020312 0.071478 -0.224475 2.78773e-4 0.9744798 -0.4215123 -0.01099663 0.9067561 -0.223854 -0.01100152 0.9745606 -0.3252971 0.020249 0.9453951 -0.3249478 0.01114833 0.9456663 -0.1216316 0.02024012 0.9923689 0.8283743 -0.01049453 0.5600768 0.6940371 -0.01889532 0.7196913 0.828472 -0.01890295 0.5597115 0.7670621 0.01013129 0.641493 0.7674486 -3.17161e-4 0.6411106 0.8836579 0.01012444 0.4680237 0.9023792 -8.00015e-4 -0.4309422 0.9016455 0.01641559 -0.4321644 0.7930893 -8.01469e-4 -0.6091049 0.6992811 -0.05328154 -0.7128584 0.8323141 -0.038953 -0.5529339 0.6990827 -0.03894996 -0.7139793 0.09591072 0.04629218 -0.994313 0.0955252 0.0552349 -0.9938935 -0.1130939 0.04628413 -0.9925058 -0.5424972 -0.05542641 -0.8382272 -0.3566855 -0.04636186 -0.9330735 -0.5430403 -0.0463553 -0.8384262 0.9223436 -0.04061901 -0.3842297 0.922424 -0.03563004 -0.3845317 0.8306547 -0.02755475 -0.5561057 0.8427746 -0.005645096 -0.5382372 0.7224835 0.01435083 -0.6912393 0.7224637 0.008615911 -0.6913553 -0.04097139 -0.01452469 -0.9990547 -0.04087477 -0.008600175 -0.9991273 -0.2338292 0.005136966 -0.9722642 -0.2117192 0.02673023 -0.976965 -0.3970059 0.04033303 -0.9169295 -0.39686 0.03549444 -0.9171927 -0.9041643 -0.05589288 -0.4235129 -0.9044342 -0.05207252 -0.4234235 -0.9697613 -0.0460509 -0.2396714 -0.9983211 0.04937696 0.03028553 -0.9729952 0.05662471 0.2237723 -0.97325 0.05296981 0.2235593 -0.6768013 -0.04318428 0.7348981 -0.6767055 -0.03971266 0.7351821 -0.5212336 -0.03657704 0.85263 -0.3331015 0.04018855 0.9420341 -0.1435863 0.04643273 0.9885479 -0.1438723 0.04301005 0.9886612 0.5176622 -0.06825047 0.8528586 0.5180541 -0.06404632 0.8529466 0.6739988 -0.05785298 0.7364637 0.8456568 0.04769533 0.5315919 0.9321792 0.0605129 0.3569037 0.9323486 0.05604034 0.3571913 0 -1 4.56269e-6 0 -1 -3.10403e-6 0.9999994 6.99058e-4 9.36334e-4 0.999999 1.47339e-6 -0.001467525 0.9999984 0.00174272 4.21202e-4 1 0 2.41642e-6 -0.9999488 0.003388702 0.00954169 -0.9999998 7.00711e-4 2.53983e-4 -0.9999993 0.001211524 2.05824e-6 -1 0 1.97728e-4 -0.9999906 6.8416e-4 0.004298031 -0.9999978 0.001518785 0.001460671 -0.9999597 -0.008980214 -4.08899e-4 -0.9999967 0 -0.002580761 0.999948 0.003405928 -0.009624779 0.9999998 6.95188e-4 -2.58e-4 0.9999993 0.001214802 -1.87898e-6 1 -7.51933e-7 -1.9815e-4 0 1 0 0 1 3.52313e-6 -1.04707e-6 1 0 -2.45495e-6 1 0 -7.5629e-7 1 0 -7.49382e-7 1 0 1.00897e-6 1 1.67154e-6 0 1 -4.3417e-6 1.11982e-6 1 -9.16809e-6 0 1 -5.83338e-6 0 1 1.94244e-5 -2.40188e-6 1 0 7.00754e-7 1 0 0 1 -6.7715e-6 0 1 -1.86664e-6 0 1 1.21635e-4 0 1 1.22821e-6 0 1 -3.19395e-7 -6.48688e-7 1 7.56415e-6 0 1 -9.70128e-7 0 1 1.57836e-6 0 1 1.39307e-6 6.25083e-6 1 0 1.81511e-6 1 0 1.73593e-5 1 0 -2.88616e-6 1 4.77556e-7 4.44442e-6 1 0 0 1 -7.64155e-6 0 1 -6.29978e-7 0 1 8.80966e-7 0 1 0 0 1 -1.02837e-6 -5.61414e-7 1 0 0 1 -1.04608e-6 0 1 1.93029e-6 -7.51462e-6 1 -1.1058e-6 -4.42015e-6 1 0 3.12577e-6 1 -3.4083e-6 -7.64335e-7 1 0 -1.70355e-5 1 -1.7405e-7 0 1 1.05042e-6 0 1 -2.11578e-5 0 1 3.08761e-6 0 1 -6.12717e-6 5.57419e-5 1 0 -4.38511e-6 1 1.73383e-6 9.37506e-7 1 0 -5.73022e-7 1 0 -2.35753e-6 1 -5.14018e-6 -4.4189e-5 1 0 -1.03087e-5 1 -1.51695e-6 -5.32188e-6 1 0 1.89318e-5 1 -1.18638e-5 3.475e-7 1 2.18014e-6 -5.73011e-7 1 -3.20151e-6 -5.32188e-6 1 0 -1.07719e-6 1 0 -4.41892e-5 1 0 -1.03082e-5 1 3.03378e-6 3.47515e-7 1 4.36037e-6 1.89329e-5 1 0 -1.07717e-6 1 0 -1.30327e-6 1 0 -5.7558e-6 1 0 0 1 1.32951e-6 -4.41894e-5 1 0 -1.65485e-5 1 -2.43516e-6 3.96976e-5 1 3.98448e-6 3.82081e-6 1 0 3.82081e-6 1 0 -9.26796e-6 1 -5.67178e-6 0 -1 1.58599e-6 0 -1 -1.87343e-7 0 -1 -7.51907e-7 1.01863e-5 -1 2.12567e-6 0 -1 4.83664e-6 2.9339e-5 -1 -4.33361e-6 -5.08508e-5 -1 4.5768e-6 -9.2115e-7 -1 -2.51991e-6 -2.30626e-5 -1 -2.99606e-6 0 -1 -4.65044e-7 -9.12298e-6 -1 1.21279e-6 -8.51607e-5 -1 -6.9083e-6 0 -1 -7.80885e-7 1.16303e-5 -1 1.86532e-6 0 -1 1.79928e-7 -2.91068e-5 -1 1.64766e-5 6.07506e-5 -1 -2.1519e-5 1.28209e-5 -1 2.19023e-6 0 -1 -2.92583e-6 0 -1 0 0 -1 5.44068e-6 0 -1 1.64083e-7 0 -1 -1.86529e-6 0 1 2.36792e-6 0 1 -1.76844e-6 0 1 -1.01823e-6 0 1 7.73306e-7 0 1 -1.03814e-6 0 1 4.64755e-7 0 1 -7.18042e-7 0 1 3.09386e-7 0 1 -7.20338e-7 0 1 -2.60281e-7 -1.71484e-5 1 -1.72098e-6 1.69096e-5 1 -2.39535e-7 -8.16614e-5 1 7.4731e-6 1.74226e-4 1 -2.11344e-5 0 1 4.84032e-7 0 1 2.04266e-6 0 1 -5.34211e-7 0 1 -3.0487e-6 0 1 1.01504e-6 0 1 1.02789e-6 0 1 4.36787e-7 1.44351e-4 1 4.38169e-6 0 1 0 -2.19183e-5 1 -1.59697e-6 -0.07925838 0.0200861 -0.9966518 0.1259764 -0.0155304 -0.9919117 -0.0806114 0.01408714 -0.9966461 0.08200299 -0.01334619 -0.9965427 0.08059871 -0.0195403 -0.9965552 -0.1234999 0.01670849 -0.9922039 0.9220659 2.98922e-5 -0.3870332 0.9216572 2.39591e-5 -0.3880055 0.9216572 -1.27593e-6 -0.3880056 -0.2534567 0.006289601 -0.9673263 -0.4486451 -0.005761742 -0.8936914 -0.4487838 -0.003582179 -0.8936333 -0.3583511 -8.97236e-6 -0.933587 -0.3582917 -0.001009345 -0.9336093 -0.544368 -0.00777924 -0.8388105 -0.6028342 0.006242334 -0.797842 -0.7554374 2.4539e-4 -0.6552209 -0.755462 0.001050472 -0.6551916 -0.7306211 -2.49374e-4 -0.6827832 -0.7305946 -0.001054346 -0.6828108 -0.8565036 -0.006244242 -0.5161033 -0.8684071 0.005613565 -0.4958203 -0.9524891 4.92818e-4 -0.3045723 -0.9524971 0.001201748 -0.3045454 -0.9354894 0.001261234 -0.3533526 -0.9354754 2.452e-4 -0.3533918 -0.9884695 -0.004973888 -0.1513388 -0.9944267 0.002156198 -0.1054083 -0.9944248 0.002611994 -0.1054164 -0.999998 0.001775145 -9.43975e-4 -0.9978519 -0.003867149 0.06539702 -0.9992324 -7.08038e-4 -0.03917098 -0.9855624 -0.003451466 0.1692779 -0.9498464 0.008135735 0.3126112 -0.8642944 -0.001125872 0.5029852 -0.8642485 2.27014e-4 0.5030651 -0.8921499 2.42479e-4 0.4517394 -0.8921811 -7.9923e-4 0.4516773 -0.7789029 -0.007891297 0.6270951 -0.7304665 0.006245911 0.68292 -0.572677 2.43492e-4 0.8197811 -0.5726453 0.001049816 0.8198026 -0.6250805 0.002205491 0.7805572 -0.6251369 8.01317e-4 0.7805148 -0.4493383 -0.005970537 0.8933417 -0.406681 -3.12751e-4 0.9135702 -0.4066948 4.81544e-4 0.913564 -0.2079317 0.003613471 0.9781367 -0.4303851 -0.001531243 0.9026442 -0.2333664 6.07806e-4 0.9723886 -0.2333649 -2.27625e-5 0.9723893 0.9884681 -0.004322171 0.1513678 0.935441 -0.002732574 0.3534725 0.9354401 -0.002814054 0.3534739 0.8865314 0.003321707 0.4626569 0.8865275 0.002360284 0.4626699 0.7710308 0.001155614 0.636797 0.8564718 0.001245081 0.5161924 0.7304947 -0.002297639 0.6829145 0.7304973 -0.001188218 0.6829147 0.5603977 0.003643989 0.8282156 0.5604048 0.001697719 0.8282172 0.3761292 -0.002911686 0.9265627 0.5441962 0.005120754 0.8389424 0.3580664 -0.002190947 0.9336936 0.3580492 -1.63694e-4 0.9337027 -0.9322482 4.54229e-5 0.3618195 -0.9322483 -2.47568e-7 0.3618193 -0.932612 6.13002e-5 0.3608807 -0.08085626 -0.01954501 0.9965341 0.1232428 0.0167123 0.9922359 -0.08226174 -0.01333928 0.9965215 0.08073186 0.01411467 0.996636 0.07937639 0.02013027 0.9966415 -0.1258553 -0.01551616 0.9919273 -0.6858612 2.43052e-4 0.7277324 -0.6851285 1.61233e-4 0.7284222 -0.6858615 1.41629e-4 0.7277321 0.6851066 1.60193e-4 -0.7284427 0.6858745 1.41655e-4 -0.7277198 0.6858742 2.38432e-4 -0.72772 0.2334249 6.09805e-4 -0.9723746 0.2334234 7.38329e-6 -0.9723753 0.4304394 -0.001533329 -0.9026182 0.25382 -2.53124e-5 -0.9672515 0.4493253 -0.00142765 -0.8933671 0.4493237 -9.09324e-4 -0.8933686 0.5725631 0.002297997 -0.8198575 0.5725655 0.00118786 -0.8198582 0.7304151 -0.001233458 -0.6830024 0.6029279 0.001238226 -0.7977947 0.7555304 -0.002297043 -0.6551095 0.7555309 -0.001188397 -0.655112 0.8642068 0.002840042 -0.503129 0.8642091 0.001336276 -0.5031312 0.9498893 -0.002122938 -0.3125795 0.8737604 0.003944933 -0.4863407 0.9557434 -0.002389311 -0.294192 0.9557522 -7.03572e-4 -0.2941721 0.9904239 -0.002966642 -0.1380279 0.999427 -0.001573085 -0.03381353 0.9974918 0.001609444 0.07076346 0.9906176 0.00389868 0.1366077 0.9994671 0.004080533 0.03238666 0.9906205 0.003565132 0.1365956 1 -1.53178e-6 0 -1 3.82945e-7 0 -0.002459883 0.00509721 -0.9999841 -0.001685976 0.001778244 -0.999997 -0.7327601 0.004854917 -0.6804698 -0.7340447 0.02971386 -0.6784508 -0.8838858 0.004855096 -0.4676778 -0.9069931 -0.03858667 -0.4193741 -0.7694593 -0.01441794 -0.6385332 -0.9084932 -0.0144146 -0.4176511 -0.9116189 0.01421016 0.4107907 -0.9102276 0.0374521 0.4124112 -0.7280176 -0.03407084 0.6847113 -0.8798556 -0.01009714 0.4751339 -0.7269307 -0.01009082 0.6866367 -0.004250705 0.007353305 0.9999639 0.007580816 -0.04252409 0.9990668 0.6014536 0.0650888 0.796252 0.6012727 0.07538312 0.7954801 0.7873544 0.06506973 0.6130572 0.9945659 -0.08616483 0.05843353 0.9460122 -0.07798194 0.3146108 0.995247 -0.07800507 0.05829972 0.9237696 0.06165665 -0.3779528 0.9232168 0.06963241 -0.3779184 0.7942019 0.06165856 -0.6045177 0.5288003 -0.03645581 -0.847963 0.7301093 -0.02308523 -0.6829404 0.5284613 -0.02308964 -0.8486435 -0.002459883 0.00510019 -0.999984 -0.001684904 0.001775264 -0.999997 -0.7327789 0.004855811 -0.6804496 -0.7340626 0.02970516 -0.6784318 -0.8838987 0.00485599 -0.4676533 -0.9069736 -0.03857898 -0.419417 -0.7694284 -0.01441943 -0.6385703 -0.9084731 -0.01441627 -0.4176948 -0.9116255 0.01421046 0.4107765 -0.9102342 0.03745251 0.4123969 -0.7742643 0.01420825 0.6327031 -0.7280113 -0.03407341 0.6847178 -0.8798514 -0.01009947 0.4751418 -0.7269245 -0.01009321 0.6866432 -0.004249632 0.007353305 0.999964 0.00757873 -0.04252421 0.9990668 0.601487 0.06509274 0.7962265 0.601306 0.0753836 0.7954549 0.78738 0.06507289 0.6130239 0.9945661 -0.08616536 0.05842947 0.9460134 -0.07798212 0.3146069 0.9952472 -0.07800525 0.05829548 0.9237458 0.06166154 -0.3780101 0.923193 0.06963354 -0.3779759 0.7941642 0.06166255 -0.6045669 0.5287845 -0.03645282 -0.847973 0.7300963 -0.02308291 -0.6829543 0.5284452 -0.02308732 -0.8486534 -0.7327865 0.004854142 -0.6804414 -0.7340705 0.02970385 -0.6784233 -0.8838815 0.004854321 -0.4676858 -0.9069764 -0.03857761 -0.4194114 -0.7694631 -0.01441782 -0.6385285 -0.9084759 -0.01441454 -0.4176889 -0.9116188 0.01421153 0.4107913 -0.9102274 0.03745359 0.4124116 -0.774254 0.01420933 0.6327154 -0.7280128 -0.03407329 0.6847164 -0.8798522 -0.01009935 0.4751402 -0.7269259 -0.01009315 0.6866418 -0.004250109 0.007353365 0.999964 6.34832e-4 -0.01324629 0.9999121 0.602677 0.02993071 0.7974238 0.6033619 0.04988521 0.7959058 0.788568 0.02992451 0.6142191 0.8850679 -0.04845458 0.4629331 0.7367547 -0.02745819 0.6756024 0.886529 -0.02746617 0.461857 0.8305512 0.0242297 -0.556415 0.9458633 0.00119549 -0.3245633 0.8296617 0.001189708 -0.5582653 0.9251679 0.02374094 -0.3788152 0.9249724 0.006814599 -0.3799732 0.7956169 0.02373522 -0.6053349 0.002043247 -0.01416581 -0.9998977 -0.001684188 0.001777589 -0.999997 -0.002460598 0.005098283 -0.999984 -0.001684069 0.00177747 -0.999997 0.6014942 0.06509137 0.7962211 0.6013138 0.07538193 0.7954492 0.7873857 0.06507128 0.6130169 0.9945657 -0.0861665 0.05843442 0.9460119 -0.07798337 0.3146115 0.9952467 -0.07800656 0.05830055 0.9237667 0.06165963 -0.3779592 0.9232138 0.06963515 -0.3779248 0.7941976 0.06166148 -0.6045231 0.5288019 -0.03645449 -0.8479621 0.7301103 -0.02308404 -0.6829394 0.5284625 -0.02308851 -0.8486427 -0.004250168 0.007353663 0.999964 0.007579803 -0.04252517 0.9990667 -0.7327862 0.004854977 -0.6804417 -0.7340702 0.02970474 -0.6784237 -0.8838813 0.004855155 -0.4676862 -0.9069948 -0.03858786 -0.4193705 -0.7694617 -0.01441931 -0.6385303 -0.9084948 -0.01441597 -0.4176476 -0.9116185 0.01421153 0.4107916 -0.9102272 0.03745359 0.4124121 -0.7742537 0.01420933 0.6327158 -0.7280139 -0.03407239 0.6847152 -0.879853 -0.01009851 0.4751388 -0.726927 -0.01009231 0.6866406 0.7413098 0.006729185 -0.6711293 0.6389325 0.007238984 -0.7692289 0.5423922 0.008432328 -0.8400831 0.1892212 -0.005472838 -0.9819193 0.4368163 -0.008941411 -0.8995063 0.1891673 -0.008935332 -0.9819042 0.2384613 0.009396314 -0.9711066 0.238401 0.00529462 -0.9711524 -0.02096068 0.009397804 -0.9997361 -0.4760207 -0.005190789 -0.8794188 -0.2322896 -0.009137213 -0.9726038 -0.4760634 -0.009133577 -0.8793635 -0.4578821 0.01058024 -0.8889501 -0.4578884 0.009833633 -0.8889554 -0.6722913 0.01059621 -0.740211 -0.6458091 0.003762483 0.7634897 -0.5313884 0.003705322 0.8471202 -0.4262092 0.005443394 0.9046083 -0.1890187 -0.01185983 0.981902 -0.4366779 -0.01212769 0.8995363 -0.1890173 -0.01212209 0.981899 -0.06917095 0.01200413 0.9975326 -0.06916916 0.01144027 0.9975394 0.1913301 0.01200646 0.9814524 0.4761101 -0.008122503 0.8793482 0.2323404 -0.008325576 0.972599 0.4761096 -0.008322596 0.8793467 0.471011 0.005301415 0.8821114 0.4710316 0.003186643 0.8821107 0.6831958 0.005313694 0.730216 -0.6799491 -0.07080996 0.7298324 -0.6280313 7.56283e-4 0.7781879 -0.7317695 -2.39956e-4 0.6815523 -0.6920387 -0.001525878 0.7218588 -0.6920385 -0.001974344 0.7218579 -0.8552352 -0.001527547 0.5182378 -0.9161025 0.002511858 0.4009364 -0.7811823 0.002182066 0.6242992 -0.9161033 0.002179861 0.4009365 -0.9701343 -0.004025995 0.2425349 -0.9701307 -0.005059063 0.2425304 -0.9998515 -0.004027605 -0.0167647 -0.9547072 0.006613552 -0.2974736 -0.9991699 0.006008684 -0.04029309 -0.9547106 0.006014168 -0.2974755 -0.8947762 -0.005365967 -0.4464828 -0.8947768 -0.005187809 -0.4464835 -0.7487637 -0.005370199 -0.6628154 -0.7258903 -4.04205e-4 -0.6878104 -0.7258617 -0.001750409 -0.6878386 -0.6213574 0.003199696 -0.7835209 0.7660376 -0.001338601 -0.6427944 0.6675148 0.002768933 -0.7445915 0.7659841 -0.003485739 -0.6428502 0.7205753 -0.004165172 -0.6933643 0.7205844 -0.002775669 -0.6933618 0.8754522 -0.004169344 -0.4832868 0.9997385 0.002423167 -0.02274227 0.9598003 0.003884851 -0.2806572 0.9997341 0.003875672 -0.02273333 0.9972323 -0.003340363 -0.07427471 0.9972369 -0.001845896 -0.07426577 0.9824862 -0.003344357 0.1863053 0.8514021 0.001437425 0.5245117 0.9581252 0.002603769 0.2863377 0.8513972 0.002607166 0.5245152 0.8705523 -0.002918899 0.4920675 0.8705523 -0.001950204 0.4920722 0.7135708 -0.002921819 0.7005771 0.7056877 -2.73136e-4 0.7085231 0.705686 -3.9426e-4 0.7085247 0.5984502 0.002323925 0.8011568 1.15513e-5 1 -2.03517e-6 -1.27546e-6 1 1.08303e-6 -4.26201e-6 1 -1.80949e-6 -1.15471e-5 1 4.06923e-6 1.27563e-6 1 -1.08321e-6 4.26285e-6 1 0 0.9999994 0 0.001177906 0.9998195 -0.01897108 -0.001053631 1 1.0348e-6 0 -1.63604e-6 -1.49011e-6 1 1.09664e-6 -1.49011e-6 1 -7.59649e-7 -1 0 -3.60873e-6 -1 0 0 -1 6.43505e-6 0 -1 1.80196e-6 0 -1 8.37252e-7 8.444e-7 -1 -2.23889e-6 -6.92539e-7 -1 0 2.46033e-6 -1 0 1.08155e-5 -1 3.0744e-5 -4.58738e-6 -1 -3.95354e-6 -3.77199e-6 -1 1.81986e-5 -1.53165e-6 -1 0 3.0321e-6 -1 0 4.14738e-6 -1 -1.68419e-6 -3.16475e-6 -1 -4.94493e-6 0 -1 -1.60573e-6 0 -1 -3.88052e-6 3.29051e-6 -1 -5.14143e-6 3.42408e-6 -1 0 -2.64991e-6 -1 2.3972e-6 0 -1 -6.84982e-7 0 -1 -4.83502e-6 0 -1 8.97259e-6 -2.39428e-7 -1 -3.23446e-6 -2.4144e-5 -1 0 0 -1 -4.05659e-6 -1.63091e-6 -1 0 -1.70178e-6 -1 3.83551e-7 -3.63235e-6 -1 0 0 -1 -3.23461e-6 -0.9999994 -5.47894e-7 -0.001176059 -0.9998202 -0.01893305 0.001051843 0 3.72528e-7 -1 0 3.72528e-7 -1 -1.23278e-6 -1 0 0 -1 1.60573e-6 0 -1 3.88051e-6 -1.09199e-6 -1 0 2.05191e-7 -1 0 0 -1 -1.90031e-6 0 -1 -3.76247e-6 -8.09796e-7 -1 -1.99987e-6 2.43798e-7 -1 1.11629e-5 3.94133e-6 -1 6.15832e-6 0 -1 1.55265e-6 0 -1 4.29934e-6 -1.16134e-6 -1 0 -1.10548e-5 -1 3.59045e-4 -2.32894e-5 -1 3.58788e-4 -3.63463e-5 -1 3.58003e-4 0 -1 4.29935e-6 4.30391e-6 -1 0 3.59349e-6 -1 0 1.60589e-6 -1 0 1.39022e-6 -1 0 -1.73762e-6 -1 0 -4.11626e-6 -1 -3.73894e-6 -4.21852e-6 -1 2.03533e-5 -3.49714e-6 -1 0 -3.73388e-6 -1 5.83419e-6 2.34226e-6 -1 6.65813e-6 0 -1 2.90665e-6 0 -1 1.32292e-6 -6.43669e-6 -1 0 -8.01318e-6 -1 4.83269e-6 6.55518e-6 -1 -5.60895e-6 5.79994e-6 -1 2.41649e-7 1.02831e-6 -1 5.3075e-6 1.74409e-6 -1 -7.17521e-7 -0.2908661 -0.02984648 -0.9562982 -0.03381294 -0.04108518 -0.9985833 -0.2912723 -0.04109746 -0.955757 -0.3816078 0.04977035 -0.9229834 -0.3816131 0.04956328 -0.9229924 -0.6077056 0.04975295 -0.7926024 -0.9229921 -0.04956334 -0.3816137 -0.7926021 -0.04975301 -0.6077062 -0.9229832 -0.04977041 -0.3816084 -0.9557583 0.04109555 -0.2912685 -0.9562995 0.02984476 -0.2908621 -0.9985836 0.04108333 -0.03380888 -0.8603408 -0.02544659 0.5090835 -0.8582344 0.00847125 0.5131881 -0.6992441 -0.02544462 0.7144301 -0.714827 -0.04798084 0.6976534 -0.8701024 -0.01667672 0.4925888 -0.7129768 -0.01666796 0.7009896 0.009811103 0.01663833 0.9998134 0.0134195 0.04742193 0.9987848 0.2681826 0.01663702 0.9632245 0.3390216 -0.05054771 0.9394197 0.08806937 -0.01931601 0.9959272 0.342827 -0.01930648 0.9392002 0.939199 0.01930737 0.3428302 0.9394185 0.05054867 0.3390249 0.9959267 0.01931685 0.08807277 0.9987849 -0.04743295 0.01337242 0.9632246 -0.01663672 0.2681821 0.9998139 -0.01663792 0.009762585 0.7009887 0.01666617 -0.7129777 0.6976523 0.04797905 -0.7148281 0.4925876 0.01667493 -0.8701031 0.5131869 -0.008472204 -0.8582351 0.7144292 0.02544373 -0.699245 0.5090825 0.02544564 -0.8603415 -0.3828386 -0.04944592 -0.922491 -0.1308419 -0.05582064 -0.9898306 -0.3828978 -0.05584001 -0.9221014 -0.6375163 0.08018749 -0.7662526 -0.6372532 0.0861836 -0.7658203 -0.8145712 0.08018511 -0.5744949 -0.9966543 -0.05823993 -0.05734342 -0.9484572 -0.0471664 -0.3133758 -0.9972614 -0.04714584 -0.05698239 -0.9055123 0.03450351 0.4229149 -0.9046723 0.0487281 0.423313 -0.7651347 0.03449583 0.6429457 -0.6080333 -0.03994625 0.7929061 -0.7923999 -0.02405947 0.6095274 -0.6076263 -0.02404457 0.7938591 -0.03721153 0.03535264 0.9986819 -0.03627663 0.05133336 0.9980225 0.2226402 0.03534704 0.9742597 0.4902072 -0.05806297 0.8696699 0.2491312 -0.04340118 0.9674968 0.4912162 -0.04339832 0.8699558 0.8699572 0.04339849 0.4912138 0.8696714 0.05806326 0.4902045 0.9674975 0.0434013 0.2491284 0.9980224 -0.05133396 -0.0362783 0.97426 -0.03534746 0.2226385 0.9986819 -0.03535306 -0.03721332 0.700795 0.03302741 -0.7125978 0.6980282 0.05998563 -0.7135534 0.4924054 0.03304558 -0.8697385 0.5124703 0.009203612 -0.8586557 0.713998 0.04040014 -0.6989811 0.5086637 0.04040968 -0.8600165 -0.2908622 -0.02984738 -0.9562994 -0.03380894 -0.04108595 -0.9985835 -0.2912684 -0.04109817 -0.9557582 -0.3816078 0.04976987 -0.9229834 -0.3816132 0.04956281 -0.9229924 -0.6077056 0.04975247 -0.7926024 -0.9229921 -0.04956334 -0.3816137 -0.7926021 -0.04975306 -0.6077062 -0.9229832 -0.04977041 -0.3816085 -0.9557579 0.04109734 -0.2912694 -0.9562991 0.02984637 -0.290863 -0.9985834 0.04108506 -0.03380984 -0.860341 -0.02544504 0.5090836 -0.8582345 0.008472859 0.513188 -0.6992441 -0.02544313 0.7144301 -0.7148285 -0.04797911 0.697652 -0.8701034 -0.01667499 0.4925873 -0.712978 -0.01666623 0.7009884 0.009811103 0.01663815 0.9998134 0.0134195 0.04742187 0.9987848 0.2681826 0.0166369 0.9632245 0.1950727 0.01266294 0.9807071 -0.0603848 0.04865157 0.9969888 0.1999632 0.04863315 0.9785957 0.7570267 -0.04256331 0.6519963 0.5623331 -0.04414957 0.8257314 0.7569869 -0.04414916 0.651937 0.9383508 0.0457648 0.3426417 0.9377982 0.06433576 0.3411679 0.9950781 0.0457822 0.08788406 0.9961416 -0.0358411 -0.08010864 0.9837982 -0.01397651 0.1787337 0.9965384 -0.01397681 -0.08195203 0.7009906 0.01666623 -0.7129758 0.6976544 0.04797911 -0.7148262 0.49259 0.01667499 -0.8701018 0.5131865 -0.008471369 -0.8582354 0.7143954 0.02544474 -0.6992796 0.509082 0.02544647 -0.8603418 -0.3356968 0.01968884 -0.9417643 -0.08220803 -8.51259e-4 -0.9966149 -0.3372972 -8.564e-4 -0.9413979 -0.1735387 0.02818173 -0.9844238 -0.1742227 0.01562339 -0.9845824 -0.4224573 0.02817863 -0.9059447 -0.9747583 -0.01427996 -0.2228057 -0.883907 -0.02545487 -0.4669695 -0.9746557 -0.0254566 -0.2222571 -0.9413111 0.01330965 -0.3372776 -0.9416944 -0.001714766 -0.3364651 -0.996524 0.01330214 -0.08223623 -0.8606615 -0.003231048 0.5091674 -0.8595637 0.01867854 0.5106874 -0.6995919 -0.003232657 0.7145354 -0.6428197 -0.04655617 0.7646015 -0.8186299 -0.02696138 0.5736883 -0.6422241 -0.02694541 0.7660433 -0.03721505 0.03535294 0.9986817 -0.03628009 0.05133372 0.9980224 0.2226368 0.03534734 0.9742605 0.4902077 -0.0580638 0.8696695 0.2491317 -0.04340201 0.9674966 0.4912167 -0.04339915 0.8699555 0.8460674 0.03855812 0.5316798 0.8458726 0.04920756 0.5311104 0.9548883 0.03856122 0.2944511 0.9981142 -0.04910916 -0.03682845 0.9741425 -0.03851079 0.2226285 0.9985644 -0.03851747 -0.03722333 0.8604232 0.04346191 -0.5077235 0.8594039 0.05814975 -0.5079799 0.6995928 0.04346776 -0.7132184 0.509703 -0.03972113 -0.8594331 0.7143521 -0.02233648 -0.6994299 0.5090181 -0.02234226 -0.8604658 -0.3369014 -0.0238173 -0.9412387 -0.08213037 -0.03395152 -0.9960432 -0.3372169 -0.03396332 -0.9408142 -0.5065776 0.07212501 -0.8591725 -0.5064129 0.07868367 -0.8586937 -0.7121276 0.07212495 -0.6983354 -0.9727957 -0.06603449 -0.2220542 -0.8827738 -0.05514901 -0.4665502 -0.9735232 -0.05513995 -0.2218381 -0.925567 0.04223918 0.3762203 -0.9243093 0.0599305 0.3769094 -0.7965483 0.04222857 0.6030983 -0.6428199 -0.04655587 0.7646013 -0.8186302 -0.02696114 0.573688 -0.6422244 -0.02694511 0.766043 -0.03721845 0.03535282 0.9986816 -0.03628355 0.0513336 0.9980223 0.2226335 0.03534728 0.9742612 0.4901568 -0.05805915 0.8696985 0.2490751 -0.04340219 0.9675112 0.4911658 -0.04339998 0.8699843 0.8699569 0.04339945 0.4912143 0.8696711 0.05806398 0.4902049 0.9674973 0.04340219 0.2491291 0.9980225 -0.05133384 -0.03627622 0.9742596 -0.03534752 0.2226406 0.998682 -0.03535312 -0.03721112 0.7351059 0.02994066 -0.6772909 0.7330603 0.0532391 -0.6780769 0.5347498 0.02995753 -0.8444794 0.5115758 -0.007258594 -0.8592076 0.7143937 0.01939648 -0.6994752 0.5090606 0.01939821 -0.8605121 -0.2908271 -0.02984994 -0.9563099 -0.03377199 -0.04108422 -0.9985848 -0.2912331 -0.04109698 -0.955769 -0.3816103 0.04976856 -0.9229825 -0.381616 0.04956114 -0.9229913 -0.6077078 0.04975116 -0.7926008 -0.9229919 -0.04956221 -0.3816145 -0.7926016 -0.04975229 -0.6077066 -0.9229829 -0.04976969 -0.381609 -0.9557576 0.04109764 -0.2912707 -0.9562986 0.02984678 -0.2908644 -0.9985834 0.04108542 -0.03381127 -0.860343 -0.02544653 0.50908 -0.8582366 0.00847125 0.5131845 -0.699247 -0.02544462 0.7144273 -0.7148262 -0.04797965 0.6976543 -0.8701018 -0.01667559 0.4925899 -0.7129759 -0.01666682 0.7009906 0.009760141 0.01663827 0.9998139 0.01336991 0.04743331 0.998785 0.2681797 0.01663714 0.9632253 0.3390204 -0.050547 0.9394202 0.088068 -0.01931524 0.9959273 0.3428257 -0.0193057 0.9392007 0.9391987 0.01930636 0.342831 0.9394183 0.05054783 0.3390256 0.9959267 0.01931589 0.08807349 0.998785 -0.04743337 0.01337045 0.9632251 -0.01663708 0.2681803 0.999814 -0.01663827 0.009760737 0.7009848 0.01666623 -0.7129815 0.6976483 0.04797911 -0.7148321 0.492583 0.01667499 -0.8701058 0.5131934 -0.008472383 -0.8582313 0.7144343 0.02544343 -0.6992398 0.5090889 0.0254454 -0.8603377 -0.2908277 -0.02985006 -0.9563098 -0.03377258 -0.04108434 -0.9985848 -0.2912337 -0.0410971 -0.9557688 -0.3816105 0.0497691 -0.9229825 -0.3816159 0.04956167 -0.9229914 -0.6077078 0.04975163 -0.7926008 -0.922991 -0.04956352 -0.3816165 -0.7926003 -0.04975354 -0.6077083 -0.9229821 -0.04977095 -0.381611 -0.9557578 0.04109704 -0.2912699 -0.956299 0.02984613 -0.2908636 -0.9985835 0.04108476 -0.03381037 -0.8603418 -0.02544653 0.5090819 -0.8582354 0.00847131 0.5131865 -0.6992454 -0.02544456 0.7144288 -0.7148275 -0.04797846 0.697653 -0.8701028 -0.01667445 0.4925882 -0.7129771 -0.01666569 0.7009893 0.009760141 0.01663845 0.9998139 0.01336991 0.04743343 0.9987849 0.2681797 0.01663726 0.9632253 0.3390204 -0.0505467 0.9394202 0.088068 -0.01931494 0.9959273 0.3428258 -0.0193054 0.9392007 0.9391983 0.01930636 0.342832 0.9394178 0.05054777 0.3390267 0.9959266 0.01931589 0.08807468 0.9987849 -0.04743391 0.01337045 0.9632251 -0.01663768 0.2681803 0.999814 -0.01663887 0.009760677 0.70099 0.01666676 -0.7129764 0.6976537 0.04797947 -0.7148268 0.4925891 0.01667553 -0.8701022 0.5131837 -0.008472979 -0.8582371 0.7144266 0.02544283 -0.6992477 0.5090793 0.02544474 -0.8603435 -0.3365098 0.001722097 -0.9416785 -0.08223593 -0.01330059 -0.9965242 -0.3373225 -0.01330798 -0.9412952 -0.2222484 0.02545773 -0.9746577 -0.2227969 0.01428091 -0.9747603 -0.4669615 0.02545595 -0.8839113 -0.9747576 -0.0142802 -0.2228093 -0.8839054 -0.02545511 -0.4669725 -0.974655 -0.0254569 -0.2222607 -0.9413099 0.01330828 -0.3372814 -0.9416931 -0.001716077 -0.3364686 -0.9965277 0.01330071 -0.0821923 -0.8606636 -0.003230988 0.509164 -0.8595659 0.01867866 0.5106837 -0.699629 -0.003232598 0.7144991 -0.6428182 -0.04655557 0.7646028 -0.8186289 -0.02696073 0.5736898 -0.6422227 -0.02694469 0.7660445 -0.03721809 0.03535276 0.9986817 -0.03628319 0.0513336 0.9980223 0.2226338 0.03534716 0.9742612 0.4901568 -0.05805945 0.8696985 0.2490751 -0.04340237 0.9675112 0.4911658 -0.04340016 0.8699843 0.8699577 0.04340022 0.491213 0.8696717 0.05806487 0.4902037 0.9674977 0.04340302 0.2491276 0.9980224 -0.05133473 -0.03627836 0.97426 -0.03534835 0.2226384 0.9986819 -0.03535395 -0.03721326 0.7660094 0.02694582 -0.6422643 0.7645682 0.04654926 -0.6428598 0.5736846 0.02696162 -0.8186325 0.510692 -0.01867824 -0.8595608 0.7145056 0.003232657 -0.6996224 0.509172 0.003231048 -0.8606587 -0.3372107 -0.01179504 -0.9413554 -0.08220642 -0.01698416 -0.9964706 -0.337294 -0.01698434 -0.9412462 -0.507794 0.0361278 -0.8607206 -0.5077525 0.03940451 -0.8606014 -0.7133433 0.03613352 -0.6998826 -0.974417 -0.0331183 -0.2222941 -0.8838524 -0.0276066 -0.4669507 -0.9746016 -0.02759957 -0.2222386 -0.9261512 0.02113205 0.3765602 -0.9258244 0.03022563 0.3767434 -0.7971307 0.02112936 0.6034371 -0.6425867 -0.02355349 0.7658509 -0.8188336 -0.01348447 0.5738728 -0.6424279 -0.01347523 0.7662277 -0.03717464 0.01768314 0.9991524 -0.03693121 0.02585238 0.9989835 0.2226773 0.01768141 0.9747319 0.4912137 -0.02919471 0.8705497 0.2493884 -0.02171677 0.9681601 0.4914744 -0.02171289 0.8706213 0.8706164 0.02171266 0.4914832 0.8705447 0.02919435 0.4912227 0.9681575 0.02171653 0.2493982 0.9989838 -0.02585273 -0.03692167 0.9747298 -0.01768195 0.2226865 0.9991527 -0.01768368 -0.03716528 0.7353246 0.01497381 -0.6775497 0.734782 0.02705144 -0.6777637 0.5349689 0.01498347 -0.844739 0.5098178 -0.004111707 -0.8602726 0.7144832 0.009701013 -0.6995853 0.5091505 0.009700775 -0.8606229 0 1 -6.31062e-6 0 1 1.00035e-5 0 1 -9.19212e-6 -0.5080212 0.0241549 -0.8610059 -0.5084338 0.03857666 -0.8602367 -0.7135701 0.02415883 -0.7001672 -0.8602138 -0.03857058 -0.5084729 -0.700169 -0.02415782 -0.7135685 -0.8609828 -0.024154 -0.5080605 -0.9262332 0.0161097 0.3766066 -0.9258014 0.02788722 0.3769803 -0.7972418 0.01610773 0.6034453 -0.6777264 -0.02705603 0.7348163 -0.8447374 -0.01498383 0.5349712 -0.6775125 -0.01497405 0.7353588 -0.03716778 0.01768332 0.9991526 -0.0369243 0.02585262 0.9989836 0.222684 0.01768159 0.9747304 0.4912098 -0.02919381 0.870552 0.2493841 -0.0217157 0.9681612 0.4914705 -0.02171182 0.8706236 0.8706177 0.02171212 0.491481 0.8705459 0.02919405 0.4912204 0.9681581 0.02171599 0.2493957 0.9989838 -0.02585268 -0.03692167 0.9747298 -0.01768171 0.2226865 0.9991527 -0.01768344 -0.03716528 0.7353239 0.01497364 -0.6775504 0.7347814 0.02705127 -0.6777644 0.534968 0.01498329 -0.8447396 0.3769826 -0.02788722 -0.9258005 0.6034471 -0.01610773 -0.7972404 0.3766087 -0.01610964 -0.9262324</float_array>
          <technique_common>
            <accessor source="#Shape_IndexedFaceSet-mesh-normals-array" count="4071" stride="3">
              <param name="X" type="float"/>
              <param name="Y" type="float"/>
              <param name="Z" type="float"/>
            </accessor>
          </technique_common>
        </source>
        <source id="Shape_IndexedFaceSet-mesh-map-0">
          <float_array id="Shape_IndexedFaceSet-mesh-map-0-array" count="19344">0.3333333 0 0.3333333 0.2261472 1 0 1 0 0.3333333 0.2261472 1 0.2261472 0.3333333 0.2739316 0.3333333 0 1 0.2739316 1 0.2739316 0.3333333 0 1 0 0.3333333 0.7738527 0.3333333 0.2739316 1 0.7738527 1 0.7738527 0.3333333 0.2739316 1 0.2739316 0.3333333 1 0.3333333 0.7738527 1 1 1 1 0.3333333 0.7738527 1 0.7738527 0.3333333 0.7260684 0.3333333 1 1 0.7260684 1 0.7260684 0.3333333 1 1 1 0.3333333 0.2261472 0.3333333 0.7260684 1 0.2261472 1 0.2261472 0.3333333 0.7260684 1 0.7260684 0.3333333 0.2261472 0.3333333 0 0.3333334 0.2812106 0.3333333 1 0.3333333 0.7229014 0.3333333 0.6735235 0.3333333 1 0.3333333 0.6735235 0.3333333 0.7738527 0.3333333 0.6735235 0.3333333 0.4634544 0.3333333 0.7738527 0.3333333 0.7738527 0.3333333 0.4634544 0.3333333 0.2739316 0.3333333 0.2739316 0.3333333 0.4634544 0.3333334 0.2812106 0.3333333 0.2739316 0.3333334 0.2812106 0.3333333 0 0.3333333 0.2261472 0.3333333 0.5588828 0.3333333 0.7260684 0.3333334 0.2812106 0.3333334 0.3428778 0.3333333 0.2261472 0.3333333 0.7260684 0.3333333 0.5588828 0.3333333 0.7229014 0.3333333 0.7260684 0.3333333 0.7229014 0.3333333 1 0.3333333 0.2261472 0.3333334 0.3428778 0.3333333 0.5588828 1 0.3228167 1 0.4964071 1 0.2739316 1 1 1 0.6762182 1 0.6169829 1 1 1 0.6169829 1 0.7260684 1 0.7260684 1 0.6169829 1 0.2261472 1 0.2261472 1 0.6169829 1 0.4197182 1 0 1 0.3228167 1 0.2739316 1 0.2739316 1 0.4964071 1 0.7738527 1 0.2261472 1 0.4197182 1 0.3228167 1 0.2261472 1 0.3228167 1 0 1 0.4964071 1 0.6762182 1 0.7738527 1 0.7738527 1 0.6762182 1 1 0.6 0.5707011 0.6 0.4039162 0.5499333 0.5000789 0.6 0.4039162 0.6 0.3170378 0.5499333 0.5000789 0.6 0.3170378 0.6 0.4092544 0.5499333 0.5000789 0.6 0.4092544 0.6 0.6072689 0.5499333 0.5000789 0.6 0.6072689 0.6 0.6879888 0.5499333 0.5000789 0.5499333 0.5000789 0.6 0.6879888 0.6 0.5707011 0.6 0.5707011 1 0.4964071 0.6 0.4039162 0.6 0.4039162 1 0.4964071 1 0.3228167 0.6 0.4039162 1 0.3228167 0.6 0.3170378 0.6 0.3170378 1 0.3228167 0.6 0.4092544 0.6 0.4092544 1 0.3228167 1 0.4197182 0.6 0.4092544 1 0.4197182 0.6 0.6072689 0.6 0.6072689 1 0.4197182 1 0.6169829 0.6 0.6072689 1 0.6169829 0.6 0.6879888 0.6 0.6879888 1 0.6169829 1 0.6762182 0.6 0.6879888 1 0.6762182 0.6 0.5707011 0.6 0.5707011 1 0.6762182 1 0.4964071 0.3333334 0.3428778 0 0.4305946 0.3333333 0.5588828 0.3333333 0.5588828 0 0.4305946 0 0.6708576 0.3333333 0.5588828 0 0.6708576 0.3333333 0.7229014 0.3333333 0.7229014 0 0.6708576 0 0.6771544 0.3333333 0.7229014 0 0.6771544 0.3333333 0.6735235 0.3333333 0.6735235 0 0.6771544 0.3333333 0.4634544 0.3333333 0.4634544 0 0.6771544 0 0.4764873 0.3333333 0.4634544 0 0.4764873 0 0.3070572 0.3333333 0.4634544 0 0.3070572 0.3333334 0.2812106 0.3333334 0.2812106 0 0.3070572 0 0.2836021 0.3333334 0.2812106 0 0.2836021 0.3333334 0.3428778 0.3333334 0.3428778 0 0.2836021 0 0.4305946 0 0.4305946 0 0.6771544 0 0.6708576 0 0.4305946 0 0.4764873 0 0.6771544 0 0.3070572 0 0.4764873 0 0.4305946 0 0.4305946 0 0.2836021 0 0.3070572 1 0 0.2 0 1 0.2261472 1 0.2261472 0.2 0 0.2 0.2261472 1 0.2739316 0.2 0.2739316 1 0 1 0 0.2 0.2739316 0.2 0 1 0.7738527 0.2 0.7738527 1 0.2739316 1 0.2739316 0.2 0.7738527 0.2 0.2739316 1 1 0.2 1 1 0.7738527 1 0.7738527 0.2 1 0.2 0.7738527 1 0.7260684 0.2 0.7260684 1 1 1 1 0.2 0.7260684 0.2 1 1 0.2261472 0.2 0.2261472 1 0.7260684 1 0.7260684 0.2 0.2261472 0.2 0.7260684 0.2 0.3380683 0.2 0.3222503 0.2 0 0.2 0 0.2 0.3222503 0.2 0.2261472 0.2 0.7260684 0.2 0.5782802 0.2 1 0.2 1 0.2 0.5782802 0.2 0.7242779 0.2 0.2261472 0.2 0.3222503 0.2 0.5782802 0.2 0.2261472 0.2 0.5782802 0.2 0.7260684 0.2 0.2739316 0.2 0.3380683 0.2 0 0.2 1 0.2 0.7242779 0.2 0.6091606 0.2 1 0.2 0.6091606 0.2 0.7738527 0.2 0.7738527 0.2 0.6091606 0.2 0.2739316 0.2 0.2739316 0.2 0.6091606 0.2 0.3380683 0.2 0.6091606 0 0.6472456 0 0.4110659 0.2 0.6091606 0 0.4110659 0.2 0.3380683 0.2 0.3380683 0 0.4110659 0 0.2801675 0.2 0.3380683 0 0.2801675 0.2 0.3222503 0.2 0.3222503 0 0.2801675 0 0.3669029 0.2 0.3222503 0 0.3669029 0 0.5634446 0.2 0.3222503 0 0.5634446 0.2 0.5782802 0.2 0.5782802 0 0.5634446 0 0.7205802 0.2 0.5782802 0 0.7205802 0.2 0.7242779 0.2 0.7242779 0 0.7205802 0 0.6472456 0.2 0.7242779 0 0.6472456 0.2 0.6091606 0 0.5634446 0 0.6472456 0 0.7205802 0 0.5634446 0 0.4110659 0 0.6472456 0 0.2801675 0 0.4110659 0 0.5634446 0 0.3669029 0 0.2801675 0 0.5634446 1 1 1 0.6745139 1 0.7260684 1 0.7260684 1 0.6745139 1 0.5565277 1 0.7738527 1 0.6745139 1 1 1 0.7260684 1 0.5565277 1 0.2261472 1 0.2261472 1 0.5565277 1 0.3585487 1 0.3372734 1 0.5112798 1 0.2739316 1 0.2739316 1 0.5112798 1 0.7738527 1 0.7738527 1 0.5112798 1 0.6745139 1 0.3585487 1 0.3372734 1 0 1 0 1 0.3372734 1 0.2739316 1 0.2261472 1 0.3585487 1 0 0.52996 0.5000789 0.56 0.5463325 0.5600001 0.3610446 0.5600001 0.3610446 0.56 0.3503137 0.52996 0.5000789 0.56 0.3503137 0.56 0.5438488 0.52996 0.5000789 0.52996 0.5000789 0.56 0.5438488 0.56 0.6750048 0.56 0.6750048 0.56 0.5463325 0.52996 0.5000789 0.56 0.5463325 1 0.5112798 0.5600001 0.3610446 0.5600001 0.3610446 1 0.5112798 1 0.3372734 0.5600001 0.3610446 1 0.3372734 0.56 0.3503137 0.56 0.3503137 1 0.3372734 1 0.3585487 0.56 0.3503137 1 0.3585487 0.56 0.5438488 0.56 0.5438488 1 0.3585487 1 0.5565277 0.56 0.5438488 1 0.5565277 0.56 0.6750048 0.56 0.6750048 1 0.5565277 1 0.6745139 0.56 0.6750048 1 0.6745139 0.56 0.5463325 0.56 0.5463325 1 0.6745139 1 0.5112798 1 1 0.2 1 1 0.6456106 1 0.6456106 0.2 1 0.2 0.6456106 1 0.8542274 0.2 0.8542274 1 1 1 1 0.2 0.8542274 0.2 1 1 0.3542274 0.2 0.3542274 1 0.8542274 1 0.8542274 0.2 0.3542274 0.2 0.8542274 1 0 0.2 0 1 0.3542274 1 0.3542274 0.2 0 0.2 0.3542274 1 0.1456106 0.2 0.1456106 1 0 1 0 0.2 0.1456106 0.2 0 1 0.6456106 0.2 0.6456106 1 0.1456106 1 0.1456106 0.2 0.6456106 0.2 0.1456106 0.2 0.1456106 0.1999999 0.3044301 0.2 0 0.2 0 0.1999999 0.3044301 0.1999999 0.2755427 0.2 0 0.1999999 0.2755427 0.2 0.3542274 0.2 0.3542274 0.1999999 0.2755427 0.1999999 0.4155514 0.2 0.8542274 0.2 0.6393563 0.2 1 0.2 1 0.2 0.6393563 0.2 0.7346468 0.2 0.6456106 0.1999999 0.5553798 0.2 0.1456106 0.2 0.1456106 0.1999999 0.5553798 0.1999999 0.3044301 0.2 0.3542274 0.1999999 0.4155514 0.2 0.6393563 0.2 0.3542274 0.2 0.6393563 0.2 0.8542274 0.2 1 0.2 0.7346468 0.1999999 0.5553798 0.2 1 0.1999999 0.5553798 0.2 0.6456106 0.1999999 0.4155514 0 0.5039454 0.2 0.6393563 0.2 0.6393563 0 0.5039454 0 0.7075452 0.2 0.6393563 0 0.7075452 0.2 0.7346468 0.2 0.7346468 0 0.7075452 0 0.6440394 0.2 0.7346468 0 0.6440394 0.1999999 0.5553798 0.1999999 0.5553798 0 0.6440394 0 0.3992637 0.1999999 0.5553798 0 0.3992637 0.1999999 0.3044301 0.1999999 0.3044301 0 0.3992637 0 0.293459 0.1999999 0.3044301 0 0.293459 0.1999999 0.2755427 0.1999999 0.2755427 0 0.293459 0.1999999 0.4155514 0.1999999 0.4155514 0 0.293459 0 0.5039454 0 0.7075452 0 0.3992637 0 0.6440394 0 0.7075452 0 0.293459 0 0.3992637 0 0.7075452 0 0.5039454 0 0.293459 1 0.1456106 1 0.3378952 1 0.502218 1 0.1456106 1 0.502218 1 0.6456106 1 0 1 0.3203999 1 0.1456106 1 0.1456106 1 0.3203999 1 0.3378952 1 0.678808 1 0.5211573 1 0.8542274 1 0.8542274 1 0.5211573 1 0.3542274 1 0.3542274 1 0.5211573 1 0.3203999 1 0.3542274 1 0.3203999 1 0 1 0.6456106 1 0.502218 1 0.678808 1 0.6456106 1 0.678808 1 1 1 1 1 0.678808 1 0.8542274 0.56 0.4406863 0.56 0.66396 0.52996 0.5 0.52996 0.5 0.56 0.66396 0.56 0.5557262 0.56 0.5557262 0.56 0.3241022 0.52996 0.5 0.56 0.3241022 0.56 0.4406863 0.52996 0.5 0.56 0.4406863 1 0.5211573 0.56 0.66396 0.56 0.66396 1 0.5211573 1 0.678808 0.56 0.66396 1 0.678808 0.56 0.5557262 0.56 0.5557262 1 0.678808 1 0.502218 0.56 0.5557262 1 0.502218 0.56 0.3241022 0.56 0.3241022 1 0.502218 1 0.3378952 0.56 0.3241022 1 0.3378952 1 0.3203999 0.56 0.3241022 1 0.3203999 0.56 0.4406863 0.56 0.4406863 1 0.3203999 1 0.5211573 0.3333333 0 0.3333333 0.2261472 1 0 1 0 0.3333333 0.2261472 1 0.2261472 0.3333333 0.2739316 0.3333333 0 1 0.2739316 1 0.2739316 0.3333333 0 1 0 0.3333333 0.7738527 0.3333333 0.2739316 1 0.7738527 1 0.7738527 0.3333333 0.2739316 1 0.2739316 0.3333333 1 0.3333333 0.7738527 1 1 1 1 0.3333333 0.7738527 1 0.7738527 0.3333333 0.7260684 0.3333333 1 1 0.7260684 1 0.7260684 0.3333333 1 1 1 0.3333333 0.2261472 0.3333333 0.7260684 1 0.2261472 1 0.2261472 0.3333333 0.7260684 1 0.7260684 0.3333333 0.2739316 0.3333333 0.2812106 0.3333333 0 0.3333333 0 0.3333333 0.2812106 0.3333333 0.2261472 0.3333333 0.2261472 0.3333333 0.2812106 0.3333333 0.3428782 0.3333333 1 0.3333333 0.7229013 0.3333333 0.6735221 0.3333333 1 0.3333333 0.6735221 0.3333333 0.7738527 0.3333333 0.6735221 0.3333333 0.4634544 0.3333333 0.7738527 0.3333333 0.7738527 0.3333333 0.4634544 0.3333333 0.2739316 0.3333333 0.2739316 0.3333333 0.4634544 0.3333333 0.2812106 0.3333333 0.7260684 0.3333333 0.5588806 0.3333333 0.7229013 0.3333333 0.7260684 0.3333333 0.7229013 0.3333333 1 0.3333333 0.3428782 0.3333333 0.5588806 0.3333333 0.2261472 0.3333333 0.2261472 0.3333333 0.5588806 0.3333333 0.7260684 1 0.3228167 1 0.4964049 1 0.2739316 1 1 1 0.676218 1 0.6169826 1 1 1 0.6169826 1 0.7260684 1 0.2261472 1 0.419718 1 0.3228167 1 0.2261472 1 0.3228167 1 0 1 0 1 0.3228167 1 0.2739316 1 0.4964049 1 0.676218 1 0.7738527 1 0.7738527 1 0.676218 1 1 1 0.7260684 1 0.6169826 1 0.2261472 1 0.2261472 1 0.6169826 1 0.419718 1 0.2739316 1 0.4964049 1 0.7738527 0.6 0.5707012 0.6 0.4039161 0.5499333 0.5000789 0.6 0.4039161 0.6 0.3170378 0.5499333 0.5000789 0.6 0.3170378 0.6 0.4092524 0.5499333 0.5000789 0.6 0.4092524 0.6 0.6072689 0.5499333 0.5000789 0.6 0.6072689 0.6 0.6879889 0.5499333 0.5000789 0.5499333 0.5000789 0.6 0.6879889 0.6 0.5707012 0.6 0.5707012 1 0.4964049 0.6 0.4039161 0.6 0.4039161 1 0.4964049 1 0.3228167 0.6 0.4039161 1 0.3228167 0.6 0.3170378 0.6 0.3170378 1 0.3228167 0.6 0.4092524 0.6 0.4092524 1 0.3228167 1 0.419718 0.6 0.4092524 1 0.419718 0.6 0.6072689 0.6 0.6072689 1 0.419718 1 0.6169826 0.6 0.6072689 1 0.6169826 0.6 0.6879889 0.6 0.6879889 1 0.6169826 1 0.676218 0.6 0.6879889 1 0.676218 0.6 0.5707012 0.6 0.5707012 1 0.676218 1 0.4964049 0.3333333 0.3428782 0 0.4305948 0.3333333 0.5588806 0.3333333 0.5588806 0 0.4305948 0 0.6708577 0.3333333 0.5588806 0 0.6708577 0.3333333 0.7229013 0.3333333 0.7229013 0 0.6708577 0 0.6771545 0.3333333 0.7229013 0 0.6771545 0.3333333 0.6735221 0.3333333 0.6735221 0 0.6771545 0.3333333 0.4634544 0.3333333 0.4634544 0 0.6771545 0 0.4764874 0.3333333 0.4634544 0 0.4764874 0 0.3070569 0.3333333 0.4634544 0 0.3070569 0.3333333 0.2812106 0.3333333 0.2812106 0 0.3070569 0 0.2836018 0.3333333 0.2812106 0 0.2836018 0.3333333 0.3428782 0.3333333 0.3428782 0 0.2836018 0 0.4305948 0 0.4305948 0 0.6771545 0 0.6708577 0 0.4305948 0 0.4764874 0 0.6771545 0 0.3070569 0 0.4764874 0 0.4305948 0 0.4305948 0 0.2836018 0 0.3070569 0.6839842 0.5620689 0.7666285 0.5584854 0.6839842 0.5620689 0.6839842 0.5620689 0.7666285 0.5584854 0.7665706 0.5587661 0.7668215 0.5106758 0.766382 0.5099951 0.6839842 0.5068966 0.6839842 0.5068966 0.766382 0.5099951 0.6839842 0.5068966 0 0.862069 0 0.862069 0.3447368 0.862069 0.3447368 0.862069 0 0.862069 0.3447368 0.862069 1 0.2586207 1 0.2586207 0.7184211 0.2586207 0.7184211 0.2586207 1 0.2586207 0.7184211 0.2586207 0.3160105 0.6655173 0.3160105 0.5620689 0.236702 0.5617129 0 0.862069 0.04522401 0.7434483 0 0.2586207 0 0.2586207 0.04522401 0.7434483 0.04470235 0.3802421 0 0.2586207 0.04470235 0.3802421 0.04924505 0.3639346 0 0.2586207 0.04924505 0.3639346 0.05847692 0.3714279 0.05292207 0.7585317 0.04522401 0.7434483 0 0.862069 0.06019073 0.7423997 0.1052631 0.7698276 0.05847692 0.3714279 0.1052631 0.7698276 0.06019073 0.7423997 0.05292207 0.7585317 0.1052631 0.7698276 0.05292207 0.7585317 0 0.862069 0.834176 0.3802422 0.8387187 0.3639348 0.8026316 0.2965517 0.8387187 0.3639348 0.8479506 0.3714278 0.8947368 0.2965517 0.8026316 0.2965517 0.8346977 0.7434486 0.834176 0.3802422 0.8479506 0.3714278 0.8491254 0.7446956 0.8947368 0.7698276 0.8947368 0.7698276 0.8491254 0.7446956 0.8413744 0.7590775 0.8947368 0.7698276 0.8413744 0.7590775 0.6552633 0.862069 0.8413744 0.7590775 0.8346977 0.7434486 0.6552633 0.862069 0.8479506 0.3714278 0.8947368 0.7698276 0.8947368 0.2965517 0.8947368 0.2965517 0.8947368 0.7698276 0.9399608 0.7434487 0.8947368 0.2965517 0.9399608 0.7434487 0.9394392 0.3802415 1 0.2586207 0.9532138 0.3714279 0.9549276 0.7423997 0.8947368 0.2965517 0.9394392 0.3802415 0.943982 0.3639345 0.943982 0.3639345 0.9532138 0.3714279 1 0.2586207 1 0.862069 0.9549276 0.7423997 0.9476589 0.7585317 1 0.862069 0.9476589 0.7585317 0.8947368 0.7698276 0.8947368 0.7698276 0.9476589 0.7585317 0.9399608 0.7434487 0.1581852 0.7585317 0.1504872 0.7434483 0.1052631 0.7698276 0.2285526 0.7698276 0.1654539 0.7423998 0.1581852 0.7585317 0.2285526 0.7698276 0.1581852 0.7585317 0.1052631 0.7698276 0.1052631 0.7698276 0.1504872 0.7434483 0.05847692 0.3714279 0.1973684 0.2965517 0.1637401 0.3714278 0.2285526 0.7698276 0.2285526 0.7698276 0.1637401 0.3714278 0.1654539 0.7423998 0.1504872 0.7434483 0.1499655 0.3802421 0.05847692 0.3714279 0.05847692 0.3714279 0.1545082 0.3639346 0.1973684 0.2965517 0.1973684 0.2965517 0.1545082 0.3639346 0.1637401 0.3714278 0.1499655 0.3802421 0.1545082 0.3639346 0.05847692 0.3714279 0.6552633 0.862069 1 0.862069 0.8947368 0.7698276 0.6335973 0.9011123 0.6330252 0.9258086 0.6552633 0.862069 0.6552633 0.862069 0.6330252 0.9258086 0.6552633 1 0.6552633 0.862069 0.6260242 0.8985684 0.6335973 0.9011123 0.6552633 1 0.6245636 0.9257971 0.3681294 0.8985684 0.3681294 0.8985684 0.6245636 0.9257971 0.6260242 0.8985684 0.3681294 0.8985684 0.6260242 0.8985684 0.6552633 0.862069 0.6552633 1 0.6330252 0.9258086 0.6245636 0.9257971 0.3681294 0.8985684 0.3757025 0.9011122 0.6552633 1 0.6552633 1 0.3757025 0.9011122 0.3751304 0.9258087 0.3751304 0.9258087 0.3447368 1 0.6552633 1 0.3751304 0.9258087 0.3666689 0.9257972 0.3447368 1 0.3447368 1 0.3666689 0.9257972 0.3447368 0.862069 0.3447368 0.862069 0.3666689 0.9257972 0.3681294 0.8985684 0.3447368 0.862069 0.2285526 0.7698276 0.1052631 0.7698276 0.3447368 0.862069 0.1052631 0.7698276 0 0.862069 0.1973684 0.2965517 0.281579 0.2586207 0 0.2586207 0.1973684 0.2965517 0 0.2586207 0.05847692 0.3714279 0.281579 0.2586207 0.2929847 0.1413143 0.281579 0 0.281579 0 0.2929847 0.1413143 0.2944452 0.1140856 0.3160105 0.2327586 0.3014462 0.141326 0.281579 0.2586207 0.3014462 0.141326 0.2929847 0.1413143 0.281579 0.2586207 0.281579 0 0.2944452 0.1140856 0.5414474 0 0.5414474 0 0.2944452 0.1140856 0.3020182 0.1166294 0.7184211 0 0.7072814 0.1166295 0.7184211 0.2586207 0.7184211 0.2586207 0.7072814 0.1166295 0.7067094 0.1413259 0.6982479 0.1413143 0.6997084 0.1140856 0.5414474 0 0.7184211 0 0.6997084 0.1140856 0.7072814 0.1166295 0.7067094 0.1413259 0.6982479 0.1413143 0.6839842 0.2327586 0.5414474 0 0.6997084 0.1140856 0.7184211 0 0.7184211 0.2586207 0.6839842 0.2327586 0.6839842 0.5068966 0.8026316 0.2965517 0.8387187 0.3639348 0.8947368 0.2965517 0.8026316 0.2965517 0.8947368 0.2965517 0.7184211 0.2586207 0.7184211 0.2586207 0.8947368 0.2965517 1 0.2586207 0.8947368 0.2965517 0.943982 0.3639345 1 0.2586207 0.236702 0.5617129 0.2299232 0.5468576 0.2285526 0.7698276 0.1973684 0.2965517 0.2323279 0.5141153 0.281579 0.2586207 0.2285526 0.7698276 0.2299232 0.5468576 0.1973684 0.2965517 0.1973684 0.2965517 0.2299232 0.5468576 0.2323279 0.5141153 0.3681294 0.8985684 0.6839842 0.6655173 0.3160105 0.6655173 0.2285526 0.7698276 0.3160105 0.6655173 0.236702 0.5617129 0.7666285 0.5584854 0.6839842 0.5620689 0.6839842 0.6655173 0.7709916 0.53328 0.8346977 0.7434486 0.8026316 0.2965517 0.7184211 0.2586207 0.6839842 0.5068966 0.8026316 0.2965517 0.8026316 0.2965517 0.6839842 0.5068966 0.766382 0.5099951 0.8026316 0.2965517 0.766382 0.5099951 0.7709916 0.53328 0.7709916 0.53328 0.7666285 0.5584854 0.8346977 0.7434486 0.8346977 0.7434486 0.7666285 0.5584854 0.6839842 0.6655173 0.7184211 0.2586207 0.7067094 0.1413259 0.6839842 0.2327586 0.2323279 0.5141153 0.3160105 0.5068966 0.281579 0.2586207 0.281579 0.2586207 0.3160105 0.5068966 0.3160105 0.2327586 0.6552633 0.862069 0.8346977 0.7434486 0.6839842 0.6655173 0.6552633 0.862069 0.6839842 0.6655173 0.3681294 0.8985684 0.3681294 0.8985684 0.3160105 0.6655173 0.3447368 0.862069 0.3447368 0.862069 0.3160105 0.6655173 0.2285526 0.7698276 0.9549276 0.7423997 1 0.862069 1 0.2586207 0.6982479 0.1413143 0.5414474 0 0.6839842 0.2327586 0.6839842 0.2327586 0.5414474 0 0.3160105 0.2327586 0.3160105 0.2327586 0.5414474 0 0.3020182 0.1166294 0.3160105 0.2327586 0.3020182 0.1166294 0.3014462 0.141326 0.281579 0.2586207 0.3160105 0.2327586 0.3160105 0.5068966 0.05226433 0.7584206 0.06003582 0.7434226 0.1052631 0.7698276 0 0.862069 0.04506927 0.7424282 0.05226433 0.7584206 0 0.862069 0.05226433 0.7584206 0.1052631 0.7698276 0.06055665 0.3802686 0.1520389 0.371447 0.06003582 0.7434226 0.1520389 0.371447 0.06055665 0.3802686 0.05601501 0.3639287 0.04506927 0.7424282 0 0.862069 0.04677575 0.371447 0.04677575 0.371447 0 0.862069 0 0.2586207 0.1520389 0.371447 0.05601501 0.3639287 0 0.2586207 0 0.2586207 0.05601501 0.3639287 0.04677575 0.371447 0.1520389 0.371447 0.1052631 0.7698276 0.06003582 0.7434226 0.281579 0.2586207 0.1658198 0.3802686 0.1612782 0.3639287 0.281579 0.2586207 0.1612782 0.3639287 0.1520389 0.371447 0.1520389 0.371447 0.1508691 0.7447133 0.1052631 0.7698276 0.2285526 0.7982758 0.1586288 0.7590743 0.165299 0.7434228 0.281579 0.2586207 0.165299 0.7434228 0.1658198 0.3802686 0.1052631 0.7698276 0.1508691 0.7447133 0.1586288 0.7590743 0.1052631 0.7698276 0.1586288 0.7590743 0.2285526 0.7982758 0.8026316 0.7698276 0.834543 0.7424283 0.8417381 0.7584207 0.8026316 0.7698276 0.8417381 0.7584207 0.8947368 0.7698276 0.8417381 0.7584207 0.8495095 0.7434227 0.8947368 0.7698276 0.8947368 0.7698276 0.8495095 0.7434227 0.8947368 0.2965517 0.8947368 0.2965517 0.8495095 0.7434227 0.8500304 0.3802688 0.8947368 0.2965517 0.8500304 0.3802688 0.8454889 0.3639289 0.834543 0.7424283 0.8026316 0.7698276 0.8362495 0.3714471 0.8947368 0.2965517 0.8454889 0.3639289 0.8362495 0.3714471 0.9398062 0.7424288 0.9470013 0.7584207 0.8947368 0.7698276 0.8947368 0.7698276 0.9470013 0.7584207 1 0.862069 1 0.862069 0.9470013 0.7584207 0.9547726 0.7434226 1 0.2586207 0.9547726 0.7434226 0.9552935 0.3802686 1 0.2586207 0.9552935 0.3802686 0.9507519 0.3639286 0.8947368 0.2965517 0.9415127 0.3714469 0.8947368 0.7698276 0.8947368 0.7698276 0.9415127 0.3714469 0.9398062 0.7424288 1 0.2586207 0.9507519 0.3639286 0.8947368 0.2965517 0.8947368 0.2965517 0.9507519 0.3639286 0.9415127 0.3714469 0.3447368 1 0.3747205 0.9271513 0.6264506 0.8977805 0.6264506 0.8977805 0.3747205 0.9271513 0.3759926 0.902349 0.6264506 0.8977805 0.3759926 0.902349 0.3685558 0.8977806 0 0.862069 0.1052631 0.7698276 0.3447368 0.862069 0.3447368 0.862069 0.1052631 0.7698276 0.2285526 0.7982758 0.3447368 0.862069 0.6264506 0.8977805 0.3685558 0.8977806 0.3447368 0.862069 0.3685558 0.8977806 0.3663781 0.9244659 0.3447368 0.862069 0.3663781 0.9244659 0.3447368 1 0.3663781 0.9244659 0.3747205 0.9271513 0.3447368 1 0.6552632 1 0.6326153 0.9271512 0.6552633 0.862069 0.6552633 0.862069 0.6326153 0.9271512 0.6338874 0.9023491 0.6552633 0.862069 0.6338874 0.9023491 0.6264506 0.8977805 0.3447368 1 0.6264506 0.8977805 0.6242728 0.9244658 0.3447368 1 0.6242728 0.9244658 0.6552632 1 0.6552632 1 0.6242728 0.9244658 0.6326153 0.9271512 1 0.862069 0.6552633 0.862069 0.8026316 0.7698276 1 0.862069 0.8026316 0.7698276 0.8947368 0.7698276 0.7001348 0.1132977 0.697957 0.139983 0.6839842 0.2327586 0.7075716 0.1178663 0.7184211 0 0.7062995 0.1426684 0.7062995 0.1426684 0.7184211 0 0.7184211 0.2586207 0.6839842 0.2327586 0.697957 0.139983 0.7184211 0.2586207 0.7184211 0.2586207 0.697957 0.139983 0.7062995 0.1426684 0.7075716 0.1178663 0.7001348 0.1132977 0.7184211 0 0.7184211 0 0.7001348 0.1132977 0.5414474 0 0.3010364 0.1426686 0.3023084 0.1178662 0.5414474 0 0.281579 0.2586207 0.2926939 0.139983 0.3010364 0.1426686 0.281579 0.2586207 0.3010364 0.1426686 0.3160105 0.2327586 0.5414474 0 0.3023084 0.1178662 0.2948716 0.1132978 0.5414474 0 0.2948716 0.1132978 0.281579 0 0.281579 0 0.2948716 0.1132978 0.281579 0.2586207 0.281579 0.2586207 0.2948716 0.1132978 0.2926939 0.139983 1 0.2586207 0.8947368 0.2965517 0.7184211 0.2586207 0.7184211 0.2586207 0.8947368 0.2965517 0.8362495 0.3714471 0.7184211 0.2586207 0.8362495 0.3714471 0.6839842 0.5068966 0.7184211 0.2586207 0.6839842 0.5068966 0.6839842 0.2327586 0 0.2586207 0.281579 0.2586207 0.1520389 0.371447 0.8026316 0.7698276 0.7710255 0.5354345 0.8362495 0.3714471 0.6839842 0.6655173 0.6839842 0.5620689 0.8026316 0.7698276 0.8026316 0.7698276 0.6839842 0.5620689 0.7665706 0.5587661 0.8026316 0.7698276 0.7665706 0.5587661 0.7710255 0.5354345 0.8362495 0.3714471 0.7710255 0.5354345 0.7668215 0.5106758 0.7668215 0.5106758 0.6839842 0.5068966 0.8362495 0.3714471 0.2368421 0.5614942 0.3160105 0.5620689 0.2285526 0.7982758 0.2285526 0.7982758 0.3160105 0.5620689 0.3160105 0.6655173 0.6264506 0.8977805 0.3160105 0.6655173 0.6839842 0.6655173 0.2368421 0.5614942 0.2285526 0.7982758 0.165299 0.7434228 0.2368421 0.5614942 0.165299 0.7434228 0.2323913 0.5571054 0.228981 0.5320133 0.2323913 0.5571054 0.165299 0.7434228 0.2339763 0.5095372 0.228981 0.5320133 0.281579 0.2586207 0.281579 0.2586207 0.228981 0.5320133 0.165299 0.7434228 0.3160105 0.5068966 0.2339763 0.5095372 0.281579 0.2586207 0.5414474 0 0.7001348 0.1132977 0.6839842 0.2327586 0.5414474 0 0.6839842 0.2327586 0.3160105 0.2327586 0.5414474 0 0.3160105 0.2327586 0.3010364 0.1426686 0.6839842 0.6655173 0.8026316 0.7698276 0.6552633 0.862069 0.6839842 0.6655173 0.6552633 0.862069 0.6264506 0.8977805 0.3160105 0.6655173 0.6264506 0.8977805 0.3447368 0.862069 0.3160105 0.6655173 0.3447368 0.862069 0.2285526 0.7982758 1 0.862069 0.9547726 0.7434226 1 0.2586207 0.6552633 0.862069 0.6552633 0.862069 1 0.862069 1 0.862069 0.6552633 0.862069 1 0.862069 0 0.2586207 0 0.2586207 0 0.862069 0 0.862069 0 0.2586207 0 0.862069 0.281579 0.2586207 0.281579 0.2586207 0 0.2586207 0 0.2586207 0.281579 0.2586207 0 0.2586207 1 0.862069 1 0.862069 1 0.2586207 1 0.2586207 1 0.862069 1 0.2586207 0.766382 0.5099951 0.7668215 0.5106758 0.7709916 0.53328 0.7709916 0.53328 0.7668215 0.5106758 0.7710255 0.5354345 0.7709916 0.53328 0.7710255 0.5354345 0.7666285 0.5584854 0.7666285 0.5584854 0.7710255 0.5354345 0.7665706 0.5587661 0.2323913 0.5571054 0.236702 0.5617129 0.2368421 0.5614942 0.236702 0.5617129 0.2323913 0.5571054 0.2299232 0.5468576 0.2299232 0.5468576 0.2323913 0.5571054 0.228981 0.5320133 0.2299232 0.5468576 0.228981 0.5320133 0.2323279 0.5141153 0.2323279 0.5141153 0.228981 0.5320133 0.2339763 0.5095372 0.2368421 0.5614942 0.236702 0.5617129 0.3160105 0.5620689 0.3160105 0.5620689 0.236702 0.5617129 0.3160105 0.5620689 0.3160105 0.5068966 0.3160105 0.5068966 0.2339763 0.5095372 0.2339763 0.5095372 0.3160105 0.5068966 0.2323279 0.5141153 0.9532138 0.3714279 0.9552935 0.3802686 0.9549276 0.7423997 0.9549276 0.7423997 0.9552935 0.3802686 0.9547726 0.7434226 0.9549276 0.7423997 0.9547726 0.7434226 0.9476589 0.7585317 0.9476589 0.7585317 0.9547726 0.7434226 0.9470013 0.7584207 0.9476589 0.7585317 0.9470013 0.7584207 0.9399608 0.7434487 0.9399608 0.7434487 0.9470013 0.7584207 0.9398062 0.7424288 0.9399608 0.7434487 0.9398062 0.7424288 0.9394392 0.3802415 0.9394392 0.3802415 0.9398062 0.7424288 0.9415127 0.3714469 0.9394392 0.3802415 0.9415127 0.3714469 0.943982 0.3639345 0.943982 0.3639345 0.9415127 0.3714469 0.9507519 0.3639286 0.943982 0.3639345 0.9507519 0.3639286 0.9532138 0.3714279 0.9532138 0.3714279 0.9507519 0.3639286 0.9552935 0.3802686 0.8479506 0.3714278 0.8500304 0.3802688 0.8491254 0.7446956 0.8491254 0.7446956 0.8500304 0.3802688 0.8495095 0.7434227 0.8491254 0.7446956 0.8495095 0.7434227 0.8417381 0.7584207 0.8491254 0.7446956 0.8417381 0.7584207 0.8413744 0.7590775 0.8413744 0.7590775 0.8417381 0.7584207 0.8346977 0.7434486 0.8346977 0.7434486 0.8417381 0.7584207 0.834543 0.7424283 0.8346977 0.7434486 0.834543 0.7424283 0.834176 0.3802422 0.834176 0.3802422 0.834543 0.7424283 0.8362495 0.3714471 0.834176 0.3802422 0.8362495 0.3714471 0.8387187 0.3639348 0.8387187 0.3639348 0.8362495 0.3714471 0.8454889 0.3639289 0.8387187 0.3639348 0.8454889 0.3639289 0.8479506 0.3714278 0.8479506 0.3714278 0.8454889 0.3639289 0.8500304 0.3802688 0.1654539 0.7423998 0.165299 0.7434228 0.1581852 0.7585317 0.1581852 0.7585317 0.165299 0.7434228 0.1586288 0.7590743 0.1581852 0.7585317 0.1586288 0.7590743 0.1508691 0.7447133 0.1581852 0.7585317 0.1508691 0.7447133 0.1504872 0.7434483 0.1504872 0.7434483 0.1508691 0.7447133 0.1499655 0.3802421 0.1499655 0.3802421 0.1508691 0.7447133 0.1520389 0.371447 0.1499655 0.3802421 0.1520389 0.371447 0.1545082 0.3639346 0.1545082 0.3639346 0.1520389 0.371447 0.1612782 0.3639287 0.1545082 0.3639346 0.1612782 0.3639287 0.1637401 0.3714278 0.1637401 0.3714278 0.1612782 0.3639287 0.1658198 0.3802686 0.1637401 0.3714278 0.1658198 0.3802686 0.1654539 0.7423998 0.1654539 0.7423998 0.1658198 0.3802686 0.165299 0.7434228 0.06003582 0.7434226 0.06019073 0.7423997 0.06055665 0.3802686 0.06055665 0.3802686 0.06019073 0.7423997 0.05847692 0.3714279 0.04470235 0.3802421 0.04677575 0.371447 0.04924505 0.3639346 0.04924505 0.3639346 0.04677575 0.371447 0.05601501 0.3639287 0.04924505 0.3639346 0.05601501 0.3639287 0.05847692 0.3714279 0.05847692 0.3714279 0.05601501 0.3639287 0.06055665 0.3802686 0.04522401 0.7434483 0.04506927 0.7424282 0.04470235 0.3802421 0.04470235 0.3802421 0.04506927 0.7424282 0.04677575 0.371447 0.06019073 0.7423997 0.06003582 0.7434226 0.05292207 0.7585317 0.05292207 0.7585317 0.06003582 0.7434226 0.05226433 0.7584206 0.05292207 0.7585317 0.05226433 0.7584206 0.04522401 0.7434483 0.04522401 0.7434483 0.05226433 0.7584206 0.04506927 0.7424282 0.281579 0 0.281579 0 0.281579 0.2586207 0.281579 0.2586207 0.281579 0 0.281579 0.2586207 0.7184211 0 0.7184211 0 0.7184211 0.2586207 0.7184211 0.2586207 0.7184211 0 0.7184211 0.2586207 0.7184211 0 0.7184211 0 0.5414474 0 0.5414474 0 0.7184211 0 0.5414474 0 0.5414474 0 0.5414474 0 0.281579 0 0.281579 0 0.5414474 0 0.281579 0 0.3014462 0.141326 0.3010364 0.1426686 0.2929847 0.1413143 0.2929847 0.1413143 0.3010364 0.1426686 0.2926939 0.139983 0.2929847 0.1413143 0.2926939 0.139983 0.2944452 0.1140856 0.2944452 0.1140856 0.2926939 0.139983 0.2948716 0.1132978 0.2944452 0.1140856 0.2948716 0.1132978 0.3020182 0.1166294 0.3020182 0.1166294 0.2948716 0.1132978 0.3023084 0.1178662 0.3020182 0.1166294 0.3023084 0.1178662 0.3014462 0.141326 0.3014462 0.141326 0.3023084 0.1178662 0.3010364 0.1426686 0.7067094 0.1413259 0.7062995 0.1426684 0.6982479 0.1413143 0.6982479 0.1413143 0.7062995 0.1426684 0.697957 0.139983 0.6982479 0.1413143 0.697957 0.139983 0.6997084 0.1140856 0.6997084 0.1140856 0.697957 0.139983 0.7001348 0.1132977 0.6997084 0.1140856 0.7001348 0.1132977 0.7072814 0.1166295 0.7072814 0.1166295 0.7001348 0.1132977 0.7075716 0.1178663 0.7072814 0.1166295 0.7075716 0.1178663 0.7067094 0.1413259 0.7067094 0.1413259 0.7075716 0.1178663 0.7062995 0.1426684 0.3160105 0.5068966 0.3160105 0.5068966 0.3160105 0.2327586 0.3160105 0.2327586 0.3160105 0.5068966 0.3160105 0.2327586 0.3160105 0.2327586 0.3160105 0.2327586 0.6839842 0.2327586 0.6839842 0.2327586 0.3160105 0.2327586 0.6839842 0.2327586 0.6839842 0.5068966 0.6839842 0.5068966 0.6839842 0.2327586 0.6839842 0.2327586 0.6839842 0.5068966 0.6839842 0.2327586 0.3751304 0.9258087 0.3747205 0.9271513 0.3666689 0.9257972 0.3666689 0.9257972 0.3747205 0.9271513 0.3663781 0.9244659 0.3666689 0.9257972 0.3663781 0.9244659 0.3681294 0.8985684 0.3681294 0.8985684 0.3663781 0.9244659 0.3685558 0.8977806 0.3681294 0.8985684 0.3685558 0.8977806 0.3757025 0.9011122 0.3757025 0.9011122 0.3685558 0.8977806 0.3759926 0.902349 0.3757025 0.9011122 0.3759926 0.902349 0.3751304 0.9258087 0.3751304 0.9258087 0.3759926 0.902349 0.3747205 0.9271513 0.3447368 1 0.3447368 1 0.6552633 1 0.6552633 1 0.3447368 1 0.6552632 1 0.3447368 0.862069 0.3447368 1 0.3447368 0.862069 0.3447368 0.862069 0.3447368 1 0.3447368 1 0.6552633 1 0.6552632 1 0.6552633 0.862069 0.6552633 0.862069 0.6552632 1 0.6552633 0.862069 0.6330252 0.9258086 0.6326153 0.9271512 0.6245636 0.9257971 0.6245636 0.9257971 0.6326153 0.9271512 0.6242728 0.9244658 0.6245636 0.9257971 0.6242728 0.9244658 0.6260242 0.8985684 0.6260242 0.8985684 0.6242728 0.9244658 0.6264506 0.8977805 0.6260242 0.8985684 0.6264506 0.8977805 0.6335973 0.9011123 0.6335973 0.9011123 0.6264506 0.8977805 0.6338874 0.9023491 0.6335973 0.9011123 0.6338874 0.9023491 0.6330252 0.9258086 0.6330252 0.9258086 0.6338874 0.9023491 0.6326153 0.9271512 0.3160105 0.6655173 0.3160105 0.6655173 0.6839842 0.6655173 0.6839842 0.6655173 0.3160105 0.6655173 0.6839842 0.6655173 0.3160105 0.6655173 0.3160105 0.6655173 0.3160105 0.5620689 0.3160105 0.5620689 0.3160105 0.6655173 0.3160105 0.5620689 0.6839842 0.6655173 0.6839842 0.5620689 0.6839842 0.6655173 0.6839842 0.6655173 0.6839842 0.5620689 0.6839842 0.5620689 1 1 0.2 1 1 0.6559227 1 0.6559227 0.2 1 0.2 0.6559227 1 0.8443191 0.2 0.8443191 1 1 1 1 0.2 0.8443191 0.2 1 1 0.3442385 0.2 0.3442385 1 0.8443191 1 0.8443191 0.2 0.3442385 0.2 0.8443191 1 0 0.2 0 1 0.3442385 1 0.3442385 0.2 0 0.2 0.3442385 1 0.155842 0.2 0.155842 1 0 1 0 0.2 0.155842 0.2 0 1 0.6559227 0.2 0.6559227 1 0.155842 1 0.155842 0.2 0.6559227 0.2 0.155842 0.2 0.155842 0.2 0.4600615 0.2 0.2831183 0.2 0.6559227 0.2 0.6741809 0.2 0.4600615 0.2 0.155842 0.2 0.2831183 0.2 0 0.2 0 0.2 0.2831183 0.2 0.314009 0.2 0.3442385 0.2 0.314009 0.2 0.5637685 0.2 0.5637685 0.2 0.7311565 0.2 0.8443191 0.2 0.8443191 0.2 0.7311565 0.2 1 0.2 0.7311565 0.2 0.6741809 0.2 1 0.2 1 0.2 0.6741809 0.2 0.6559227 0.2 0.6559227 0.2 0.4600615 0.2 0.155842 0.2 0 0.2 0.314009 0.2 0.3442385 0.2 0.3442385 0.2 0.5637685 0.2 0.8443191 0.2 0.5637685 0 0.422563 0 0.6261751 0.2 0.5637685 0 0.6261751 0 0.7277866 0.2 0.5637685 0 0.7277866 0.2 0.7311565 0.2 0.7311565 0 0.7277866 0.2 0.6741809 0.2 0.6741809 0 0.7277866 0 0.5994309 0.2 0.6741809 0 0.5994309 0.2 0.4600615 0.2 0.4600615 0 0.5994309 0 0.3739659 0.2 0.4600615 0 0.3739659 0.2 0.2831183 0.2 0.2831183 0 0.3739659 0 0.2753779 0.2 0.2831183 0 0.2753779 0.2 0.314009 0.2 0.314009 0 0.2753779 0 0.422563 0.2 0.314009 0 0.422563 0.2 0.5637685 0 0.422563 0 0.2753779 0 0.3739659 0 0.3739659 0 0.6261751 0 0.422563 0 0.3739659 0 0.7277866 0 0.6261751 0 0.3739659 0 0.5994309 0 0.7277866 1 0.3691724 1 0.3045485 1 0 1 0 1 0.3045485 1 0.155842 1 0.155842 1 0.3045485 1 0.4394382 1 0.4394382 1 0.6662319 1 0.6559227 1 0.6559227 1 0.6662319 1 1 1 0.155842 1 0.4394382 1 0.6559227 1 1 1 0.6662319 1 0.8443191 1 0.8443191 1 0.6662319 1 0.6007904 1 0.3442385 1 0.6007904 1 0.3691724 1 0.3442385 1 0.3691724 1 0 1 0.8443191 1 0.6007904 1 0.3442385 0.5600001 0.5478739 0.56 0.6932398 0.52996 0.5000806 0.52996 0.5000806 0.56 0.6932398 0.56 0.6255357 0.56 0.6255357 0.56 0.4287803 0.52996 0.5000806 0.52996 0.5000806 0.56 0.4287803 0.5600001 0.3274791 0.5600001 0.3274791 0.5600001 0.5478739 0.52996 0.5000806 0.5600001 0.5478739 1 0.3691724 1 0.6007904 0.5600001 0.5478739 1 0.6007904 0.56 0.6932398 0.56 0.6932398 1 0.6007904 1 0.6662319 0.56 0.6932398 1 0.6662319 0.56 0.6255357 0.56 0.6255357 1 0.6662319 1 0.4394382 0.56 0.6255357 1 0.4394382 0.56 0.4287803 0.56 0.4287803 1 0.4394382 0.5600001 0.3274791 0.5600001 0.3274791 1 0.4394382 1 0.3045485 0.5600001 0.3274791 1 0.3045485 1 0.3691724 0.5600001 0.3274791 1 0.3691724 0.5600001 0.5478739 0.1652975 0.1966007 0.834126 0.2027814 0.8026316 0 0.04465222 0.2027816 0.05121785 0.1737339 0 0 0.8026316 0 0.156481 0.1737339 0.1652975 0.1966007 0 0 0.05121785 0.1737339 0.8026316 0 0.8026316 0 0.05121785 0.1737339 0.156481 0.1737339 0.156481 0.1737339 0.05121785 0.1737339 0.06003433 0.1966008 0.06003433 0.1966008 0.1499154 0.2027814 0.156481 0.1737339 0.1581852 0.828424 0.1506273 0.8056023 0 1 0.834126 0.2027814 0.766382 0.4165633 0.7709916 0.4551496 0.7709916 0.4551496 0.7666285 0.4969186 0.8026316 1 0.1653655 0.8031881 0.1581852 0.828424 0.8026316 1 0.06010228 0.803188 0.05292207 0.828424 0.1506273 0.8056023 0.1506273 0.8056023 0.05292207 0.828424 0 1 0 1 0.05292207 0.828424 0.04536414 0.8056022 0.1653655 0.8031881 0.2299232 0.4776497 0.1652975 0.1966007 0.1652975 0.1966007 0.2299232 0.4776497 0.2318693 0.42485 0 1 0.04536414 0.8056022 0 0 0 0 0.04536414 0.8056022 0.04465222 0.2027816 0.1653655 0.8031881 0.2366986 0.5013587 0.2299232 0.4776497 0.1652975 0.1966007 0.2318693 0.42485 0.834126 0.2027814 0.834126 0.2027814 0.2318693 0.42485 0.766382 0.4165633 0.8026316 1 0.1581852 0.828424 0 1 0.1499154 0.2027814 0.06003433 0.1966008 0.1506273 0.8056023 0.1506273 0.8056023 0.06003433 0.1966008 0.06010228 0.803188 0.8026316 1 0.7666285 0.4969186 0.2366986 0.5013587 0.8026316 1 0.2366986 0.5013587 0.1653655 0.8031881 0.9459547 0.1737338 0.9547712 0.1966007 1 0 0.9459547 0.1737338 0.8495081 0.1966008 0.9393891 0.2027806 0.834126 0.2027814 0.8406917 0.173734 0.8026316 0 0.8026316 0 0.8406917 0.173734 0.9459547 0.1737338 0.9459547 0.1737338 0.8406917 0.173734 0.8495081 0.1966008 0.8026316 0 0.9459547 0.1737338 1 0 1 0 0.9547712 0.1966007 1 1 1 1 0.9547712 0.1966007 0.9548391 0.8031881 0.7709916 0.4551496 0.8026316 1 0.834126 0.2027814 0.834126 0.2027814 0.8026316 1 0.8348379 0.8056024 1 1 0.9548391 0.8031881 0.9476589 0.828424 1 1 0.9476589 0.828424 0.8026316 1 0.8026316 1 0.9476589 0.828424 0.940101 0.8056027 0.849576 0.8031879 0.940101 0.8056027 0.8495081 0.1966008 0.8495081 0.1966008 0.940101 0.8056027 0.9393891 0.2027806 0.940101 0.8056027 0.849576 0.8031879 0.8423958 0.828424 0.8026316 1 0.940101 0.8056027 0.8423958 0.828424 0.8026316 1 0.8423958 0.828424 0.8348379 0.8056024 0 1 0.04515635 0.8032165 0.05226433 0.8282399 0.8346992 0.196558 0.7710255 0.45872 0.7668215 0.4176914 0 1 0.05226433 0.8282399 0.8026316 1 0.8026316 1 0.05226433 0.8282399 0.05989366 0.8055893 0.7710255 0.45872 0.8346992 0.196558 0.8026316 1 0.8026316 1 0.7665706 0.4973838 0.7710255 0.45872 0.1651569 0.8055894 0.2337117 0.416247 0.228981 0.4530506 0.1649128 0.1944774 0.2337117 0.416247 0.1651569 0.8055894 0.7665706 0.4973838 0.1597546 0.8293009 0.1651569 0.8055894 0.7665706 0.4973838 0.1651569 0.8055894 0.2368421 0.5014286 0.2368421 0.5014286 0.1651569 0.8055894 0.2323913 0.4946318 0.1651569 0.8055894 0.228981 0.4530506 0.2323913 0.4946318 0.8346992 0.196558 0.7668215 0.4176914 0.2337117 0.416247 0.05989366 0.8055893 0.1516969 0.8106806 0.1597546 0.8293009 0.05989366 0.8055893 0.1597546 0.8293009 0.8026316 1 0.8026316 1 0.1597546 0.8293009 0.7665706 0.4973838 0.06060808 0.2028445 0.1571583 0.170662 0.1504886 0.1965582 0.06060808 0.2028445 0.1504886 0.1965582 0.05989366 0.8055893 0.05989366 0.8055893 0.1504886 0.1965582 0.1516969 0.8106806 0 0 0.0452255 0.1965582 0 1 0 1 0.0452255 0.1965582 0.04515635 0.8032165 0.054048 0.1737256 0.0452255 0.1965582 0 0 0.8026316 0 0.1649128 0.1944774 0.1571583 0.170662 0.06060808 0.2028445 0.054048 0.1737256 0.1571583 0.170662 0.1571583 0.170662 0.054048 0.1737256 0.8026316 0 0.8026316 0 0.054048 0.1737256 0 0 0.8026316 1 0.8346301 0.8032165 0.8417381 0.82824 0.8417381 0.82824 1 1 0.8026316 1 0.9398933 0.8032173 0.9470013 0.82824 0.8493674 0.8055894 0.9470013 0.82824 1 1 0.8417381 0.82824 0.9470013 0.82824 0.8417381 0.82824 0.8493674 0.8055894 1 1 0.9470013 0.82824 0.9546305 0.8055893 1 1 0.9546305 0.8055893 1 0 0.948785 0.1737255 0.9399624 0.1965577 0.8026316 0 0.9553449 0.2028446 1 0 0.9546305 0.8055893 1 0 0.9553449 0.2028446 0.948785 0.1737255 0.8026316 0 0.8346992 0.196558 0.1649128 0.1944774 0.1649128 0.1944774 0.8346992 0.196558 0.2337117 0.416247 0.9399624 0.1965577 0.8500818 0.2028447 0.8435218 0.1737258 0.8026316 1 0.8346992 0.196558 0.8346301 0.8032165 0.9398933 0.8032173 0.8493674 0.8055894 0.9399624 0.1965577 0.9399624 0.1965577 0.8493674 0.8055894 0.8500818 0.2028447 0.8026316 0 0.8435218 0.1737258 0.8346992 0.196558 1 0 0.948785 0.1737255 0.8026316 0 0.9399624 0.1965577 0.8435218 0.1737258 0.8026316 0 0 1 0 1 0.8026316 1 0.8026316 1 0 1 0.8026316 1 0.8026316 1 0.8026316 1 1 1 1 1 0.8026316 1 1 1 0 0 0 0 0 1 0 1 0 0 0 1 1 0 1 0 0.8026316 0 0.8026316 0 1 0 0.8026316 0 0.8026316 0 0.8026316 0 0 0 0 0 0.8026316 0 0 0 1 1 1 1 1 0 1 0 1 1 1 0 0.766382 0.4165633 0.7668215 0.4176914 0.7709916 0.4551496 0.7709916 0.4551496 0.7668215 0.4176914 0.7710255 0.45872 0.7709916 0.4551496 0.7710255 0.45872 0.7666285 0.4969186 0.7666285 0.4969186 0.7710255 0.45872 0.7665706 0.4973838 0.2323913 0.4946318 0.2366986 0.5013587 0.2368421 0.5014286 0.2366986 0.5013587 0.2323913 0.4946318 0.2299232 0.4776497 0.2299232 0.4776497 0.2323913 0.4946318 0.228981 0.4530506 0.2299232 0.4776497 0.228981 0.4530506 0.2318693 0.42485 0.2318693 0.42485 0.228981 0.4530506 0.2337117 0.416247 0.7665706 0.4973838 0.2368421 0.5014286 0.7666285 0.4969186 0.7666285 0.4969186 0.2368421 0.5014286 0.2366986 0.5013587 0.7668215 0.4176914 0.766382 0.4165633 0.2337117 0.416247 0.2337117 0.416247 0.766382 0.4165633 0.2318693 0.42485 0.9547712 0.1966007 0.9553449 0.2028446 0.9548391 0.8031881 0.9548391 0.8031881 0.9553449 0.2028446 0.9546305 0.8055893 0.9548391 0.8031881 0.9546305 0.8055893 0.9476589 0.828424 0.9476589 0.828424 0.9546305 0.8055893 0.9470013 0.82824 0.9476589 0.828424 0.9470013 0.82824 0.940101 0.8056027 0.940101 0.8056027 0.9470013 0.82824 0.9398933 0.8032173 0.940101 0.8056027 0.9398933 0.8032173 0.9393891 0.2027806 0.9393891 0.2027806 0.9398933 0.8032173 0.9399624 0.1965577 0.9393891 0.2027806 0.9399624 0.1965577 0.9459547 0.1737338 0.9459547 0.1737338 0.9399624 0.1965577 0.948785 0.1737255 0.9459547 0.1737338 0.948785 0.1737255 0.9547712 0.1966007 0.9547712 0.1966007 0.948785 0.1737255 0.9553449 0.2028446 0.8495081 0.1966008 0.8500818 0.2028447 0.849576 0.8031879 0.849576 0.8031879 0.8500818 0.2028447 0.8493674 0.8055894 0.849576 0.8031879 0.8493674 0.8055894 0.8423958 0.828424 0.8423958 0.828424 0.8493674 0.8055894 0.8417381 0.82824 0.8423958 0.828424 0.8417381 0.82824 0.8348379 0.8056024 0.8348379 0.8056024 0.8417381 0.82824 0.8346301 0.8032165 0.8348379 0.8056024 0.8346301 0.8032165 0.834126 0.2027814 0.834126 0.2027814 0.8346301 0.8032165 0.8346992 0.196558 0.834126 0.2027814 0.8346992 0.196558 0.8406917 0.173734 0.8406917 0.173734 0.8346992 0.196558 0.8435218 0.1737258 0.8406917 0.173734 0.8435218 0.1737258 0.8495081 0.1966008 0.8495081 0.1966008 0.8435218 0.1737258 0.8500818 0.2028447 0.1653655 0.8031881 0.1651569 0.8055894 0.1581852 0.828424 0.1581852 0.828424 0.1651569 0.8055894 0.1597546 0.8293009 0.1581852 0.828424 0.1597546 0.8293009 0.1516969 0.8106806 0.1581852 0.828424 0.1516969 0.8106806 0.1506273 0.8056023 0.1506273 0.8056023 0.1516969 0.8106806 0.1499154 0.2027814 0.1499154 0.2027814 0.1516969 0.8106806 0.1504886 0.1965582 0.1499154 0.2027814 0.1504886 0.1965582 0.156481 0.1737339 0.156481 0.1737339 0.1504886 0.1965582 0.1571583 0.170662 0.156481 0.1737339 0.1571583 0.170662 0.1649128 0.1944774 0.156481 0.1737339 0.1649128 0.1944774 0.1652975 0.1966007 0.1652975 0.1966007 0.1649128 0.1944774 0.1653655 0.8031881 0.1653655 0.8031881 0.1649128 0.1944774 0.1651569 0.8055894 0.05989366 0.8055893 0.06010228 0.803188 0.06060808 0.2028445 0.06060808 0.2028445 0.06010228 0.803188 0.06003433 0.1966008 0.04465222 0.2027816 0.0452255 0.1965582 0.05121785 0.1737339 0.05121785 0.1737339 0.0452255 0.1965582 0.054048 0.1737256 0.05121785 0.1737339 0.054048 0.1737256 0.06003433 0.1966008 0.06003433 0.1966008 0.054048 0.1737256 0.06060808 0.2028445 0.04536414 0.8056022 0.04515635 0.8032165 0.04465222 0.2027816 0.04465222 0.2027816 0.04515635 0.8032165 0.0452255 0.1965582 0.06010228 0.803188 0.05989366 0.8055893 0.05292207 0.828424 0.05292207 0.828424 0.05989366 0.8055893 0.05226433 0.8282399 0.05292207 0.828424 0.05226433 0.8282399 0.04536414 0.8056022 0.04536414 0.8056022 0.05226433 0.8282399 0.04515635 0.8032165 0.3333333 0 0.3333333 0.2261472 1 0 1 0 0.3333333 0.2261472 1 0.2261472 0.3333333 0.2739316 0.3333333 0 1 0.2739316 1 0.2739316 0.3333333 0 1 0 0.3333333 0.7738527 0.3333333 0.2739316 1 0.7738527 1 0.7738527 0.3333333 0.2739316 1 0.2739316 0.3333333 1 0.3333333 0.7738527 1 1 1 1 0.3333333 0.7738527 1 0.7738527 0.3333333 0.7260684 0.3333333 1 1 0.7260684 1 0.7260684 0.3333333 1 1 1 0.3333333 0.2261472 0.3333333 0.7260684 1 0.2261472 1 0.2261472 0.3333333 0.7260684 1 0.7260684 0.3333333 0 0.3333334 0.2812094 0.3333333 0.2261472 0.3333333 0.2261472 0.3333334 0.2812094 0.3333333 0.342878 0.3333333 0.7738527 0.3333333 0.6552229 0.3333333 0.4413642 0.3333333 0.7738527 0.3333333 0.4413642 0.3333333 0.2739316 0.3333333 0.342878 0.3333333 0.5588815 0.3333333 0.2261472 0.3333333 0.2261472 0.3333333 0.5588815 0.3333333 0.7260684 0.3333333 0.7260684 0.3333333 0.5588815 0.3333334 0.7229012 0.3333333 0.7260684 0.3333334 0.7229012 0.3333333 1 0.3333333 1 0.3333334 0.7229012 0.3333333 0.6552229 0.3333333 1 0.3333333 0.6552229 0.3333333 0.7738527 0.3333333 0.2739316 0.3333333 0.4413642 0.3333334 0.2812094 0.3333333 0.2739316 0.3333334 0.2812094 0.3333333 0 1 0.7738527 1 0.6762192 1 1 1 0.3228175 1 0.4964057 1 0.2739316 1 1 1 0.6762192 1 0.6169824 1 1 1 0.6169824 1 0.7260684 1 0.7260684 1 0.6169824 1 0.2261472 1 0.2261472 1 0.6169824 1 0.4197158 1 0.7738527 1 0.4964057 1 0.6762192 1 0.2261472 1 0.4197158 1 0.3228175 1 0.2261472 1 0.3228175 1 0 1 0 1 0.3228175 1 0.2739316 1 0.2739316 1 0.4964057 1 0.7738527 0.6 0.5697903 0.6 0.4039132 0.5499333 0.5000789 0.6 0.4039132 0.6 0.3170385 0.5499333 0.5000789 0.6 0.3170385 0.6 0.4092531 0.5499333 0.5000789 0.6 0.4092531 0.6 0.6072686 0.5499333 0.5000789 0.6 0.6072686 0.6 0.6879888 0.5499333 0.5000789 0.5499333 0.5000789 0.6 0.6879888 0.6 0.5697903 0.6 0.5697903 1 0.4964057 0.6 0.4039132 0.6 0.4039132 1 0.4964057 1 0.3228175 0.6 0.4039132 1 0.3228175 0.6 0.3170385 0.6 0.3170385 1 0.3228175 0.6 0.4092531 0.6 0.4092531 1 0.3228175 1 0.4197158 0.6 0.4092531 1 0.4197158 0.6 0.6072686 0.6 0.6072686 1 0.4197158 1 0.6169824 0.6 0.6072686 1 0.6169824 0.6 0.6879888 0.6 0.6879888 1 0.6169824 1 0.6762192 0.6 0.6879888 1 0.6762192 0.6 0.5697903 0.6 0.5697903 1 0.6762192 1 0.4964057 0.3333333 0.342878 0 0.4305935 0.3333333 0.5588815 0.3333333 0.5588815 0 0.4305935 0 0.6708566 0.3333333 0.5588815 0 0.6708566 0.3333334 0.7229012 0.3333334 0.7229012 0 0.6708566 0 0.677154 0.3333334 0.7229012 0 0.677154 0.3333333 0.6552229 0.3333333 0.6552229 0 0.677154 0 0.4764879 0.3333333 0.6552229 0 0.4764879 0.3333333 0.4413642 0.3333333 0.4413642 0 0.4764879 0 0.3070574 0.3333333 0.4413642 0 0.3070574 0.3333334 0.2812094 0.3333334 0.2812094 0 0.3070574 0 0.2836025 0.3333334 0.2812094 0 0.2836025 0.3333333 0.342878 0.3333333 0.342878 0 0.2836025 0 0.4305935 0 0.4305935 0 0.677154 0 0.6708566 0 0.4305935 0 0.4764879 0 0.677154 0 0.3070574 0 0.4764879 0 0.4305935 0 0.4305935 0 0.2836025 0 0.3070574 0.3333333 0 0.3333333 0.2261472 1 0 1 0 0.3333333 0.2261472 1 0.2261472 0.3333333 0.2739316 0.3333333 0 1 0.2739316 1 0.2739316 0.3333333 0 1 0 0.3333333 0.7738527 0.3333333 0.2739316 1 0.7738527 1 0.7738527 0.3333333 0.2739316 1 0.2739316 0.3333333 1 0.3333333 0.7738527 1 1 1 1 0.3333333 0.7738527 1 0.7738527 0.3333333 0.7260684 0.3333333 1 1 0.7260684 1 0.7260684 0.3333333 1 1 1 0.3333333 0.2261472 0.3333333 0.7260684 1 0.2261472 1 0.2261472 0.3333333 0.7260684 1 0.7260684 0.3333333 0.2261472 0.3333334 0.5588824 0.3333333 0.7260684 0.3333333 0 0.3333333 0.2812094 0.3333333 0.2261472 0.3333333 0.2812094 0.3333333 0.3428774 0.3333333 0.2261472 0.3333333 0.2261472 0.3333333 0.3428774 0.3333334 0.5588824 0.3333333 0.7260684 0.3333334 0.5588824 0.3333333 0.7229014 0.3333333 0.7260684 0.3333333 0.7229014 0.3333333 1 0.3333333 0.2739316 0.3333333 0.4413645 0.3333333 0.2812094 0.3333333 0.2739316 0.3333333 0.2812094 0.3333333 0 0.3333333 1 0.3333333 0.7229014 0.3333334 0.6552222 0.3333333 1 0.3333334 0.6552222 0.3333333 0.7738527 0.3333333 0.7738527 0.3333334 0.6552222 0.3333333 0.4413645 0.3333333 0.7738527 0.3333333 0.4413645 0.3333333 0.2739316 1 1 1 0.6762196 1 0.6169829 1 1 1 0.6169829 1 0.7260684 1 0.7260684 1 0.6169829 1 0.2261472 1 0.7738527 1 0.6762196 1 1 1 0.6169829 1 0.4197161 1 0.2261472 1 0.2739316 1 0.3228176 1 0.4964069 1 0.2739316 1 0.4964069 1 0.7738527 1 0.7738527 1 0.4964069 1 0.6762196 1 0 1 0.3228176 1 0.2739316 1 0.2261472 1 0.4197161 1 0.3228176 1 0.2261472 1 0.3228176 1 0 0.6 0.56979 0.6 0.4039127 0.5499333 0.5000789 0.6 0.4039127 0.6 0.3170387 0.5499333 0.5000789 0.6 0.3170387 0.6 0.4092538 0.5499333 0.5000789 0.6 0.4092538 0.6 0.6072689 0.5499333 0.5000789 0.6 0.6072689 0.6 0.6879888 0.5499333 0.5000789 0.5499333 0.5000789 0.6 0.6879888 0.6 0.56979 0.6 0.56979 1 0.4964069 0.6 0.4039127 0.6 0.4039127 1 0.4964069 1 0.3228176 0.6 0.4039127 1 0.3228176 0.6 0.3170387 0.6 0.3170387 1 0.3228176 0.6 0.4092538 0.6 0.4092538 1 0.3228176 1 0.4197161 0.6 0.4092538 1 0.4197161 0.6 0.6072689 0.6 0.6072689 1 0.4197161 1 0.6169829 0.6 0.6072689 1 0.6169829 0.6 0.6879888 0.6 0.6879888 1 0.6169829 1 0.6762196 0.6 0.6879888 1 0.6762196 0.6 0.56979 0.6 0.56979 1 0.6762196 1 0.4964069 0.3333333 0.3428774 0 0.4305934 0.3333334 0.5588824 0.3333334 0.5588824 0 0.4305934 0 0.6708565 0.3333334 0.5588824 0 0.6708565 0.3333333 0.7229014 0.3333333 0.7229014 0 0.6708565 0 0.6771538 0.3333333 0.7229014 0 0.6771538 0.3333334 0.6552222 0.3333334 0.6552222 0 0.6771538 0 0.4764865 0.3333334 0.6552222 0 0.4764865 0.3333333 0.4413645 0.3333333 0.4413645 0 0.4764865 0 0.3070576 0.3333333 0.4413645 0 0.3070576 0.3333333 0.2812094 0.3333333 0.2812094 0 0.3070576 0 0.2836027 0.3333333 0.2812094 0 0.2836027 0.3333333 0.3428774 0.3333333 0.3428774 0 0.2836027 0 0.4305934 0 0.4305934 0 0.6771538 0 0.6708565 0 0.4305934 0 0.4764865 0 0.6771538 0 0.3070576 0 0.4764865 0 0.4305934 0 0.4305934 0 0.2836027 0 0.3070576 1 0 0.2 0 1 0.2261472 1 0.2261472 0.2 0 0.2 0.2261472 1 0.2739316 0.2 0.2739316 1 0 1 0 0.2 0.2739316 0.2 0 1 0.7738527 0.2 0.7738527 1 0.2739316 1 0.2739316 0.2 0.7738527 0.2 0.2739316 1 1 0.2 1 1 0.7738527 1 0.7738527 0.2 1 0.2 0.7738527 1 0.7260684 0.2 0.7260684 1 1 1 1 0.2 0.7260684 0.2 1 1 0.2261472 0.2 0.2261472 1 0.7260684 1 0.7260684 0.2 0.2261472 0.2 0.7260684 0.1999999 0.3380681 0.2 0.322251 0.2 0 0.2 0 0.2 0.322251 0.2 0.2261472 0.2 0.2261472 0.2 0.322251 0.2 0.5782788 0.2 0.2261472 0.2 0.5782788 0.2 0.7260684 0.2 0.7260684 0.2 0.5782788 0.2 1 0.2 1 0.2 0.5782788 0.2 0.7242771 0.2 1 0.2 0.7242771 0.2 0.6091607 0.2 1 0.2 0.6091607 0.2 0.7738527 0.2 0.2739316 0.1999999 0.3380681 0.2 0 0.2 0.7738527 0.2 0.6091607 0.2 0.2739316 0.2 0.2739316 0.2 0.6091607 0.1999999 0.3380681 0.2 0.6091607 0 0.6472451 0 0.4110687 0.2 0.6091607 0 0.4110687 0.1999999 0.3380681 0.1999999 0.3380681 0 0.4110687 0 0.2801682 0.1999999 0.3380681 0 0.2801682 0.2 0.322251 0.2 0.322251 0 0.2801682 0 0.3669052 0.2 0.322251 0 0.3669052 0 0.5634451 0.2 0.322251 0 0.5634451 0.2 0.5782788 0.2 0.5782788 0 0.5634451 0 0.720578 0.2 0.5782788 0 0.720578 0.2 0.7242771 0.2 0.7242771 0 0.720578 0 0.6472451 0.2 0.7242771 0 0.6472451 0.2 0.6091607 0 0.5634451 0 0.6472451 0 0.720578 0 0.5634451 0 0.4110687 0 0.6472451 0 0.2801682 0 0.4110687 0 0.5634451 0 0.3669052 0 0.2801682 0 0.5634451 1 1 1 0.6745132 1 0.7260684 1 0.7260684 1 0.6745132 1 0.5565257 1 0.2261472 1 0.3585492 1 0 1 0.7260684 1 0.5565257 1 0.2261472 1 0.2261472 1 0.5565257 1 0.3585492 1 0.3585492 1 0.3372735 1 0 1 0 1 0.3372735 1 0.2739316 1 0.5112789 1 0.6745132 1 0.7738527 1 0.7738527 1 0.6745132 1 1 1 0.3372735 1 0.5112789 1 0.2739316 1 0.2739316 1 0.5112789 1 0.7738527 0.52996 0.5000789 0.56 0.5463305 0.56 0.3610445 0.56 0.3610445 0.56 0.3503144 0.52996 0.5000789 0.56 0.3503144 0.56 0.5438473 0.52996 0.5000789 0.52996 0.5000789 0.56 0.5438473 0.56 0.6750045 0.56 0.6750045 0.56 0.5463305 0.52996 0.5000789 0.56 0.5463305 1 0.5112789 0.56 0.3610445 0.56 0.3610445 1 0.5112789 1 0.3372735 0.56 0.3610445 1 0.3372735 0.56 0.3503144 0.56 0.3503144 1 0.3372735 1 0.3585492 0.56 0.3503144 1 0.3585492 0.56 0.5438473 0.56 0.5438473 1 0.3585492 1 0.5565257 0.56 0.5438473 1 0.5565257 0.56 0.6750045 0.56 0.6750045 1 0.5565257 1 0.6745132 0.56 0.6750045 1 0.6745132 0.56 0.5463305 0.56 0.5463305 1 0.6745132 1 0.5112789 0.5 0 0.5 0.3559734 1 0 1 0 0.5 0.3559734 1 0.3559734 0.5 0.1441076 0.5 0 1 0.1441076 1 0.1441076 0.5 0 1 0 0.5 0.6440266 0.5 0.1441076 1 0.6440266 1 0.6440266 0.5 0.1441076 1 0.1441076 0.5 1 0.5 0.6440266 1 1 1 1 0.5 0.6440266 1 0.6440266 0.5 0.8558924 0.5 1 1 0.8558924 1 0.8558924 0.5 1 1 1 0.5 0.3559734 0.5 0.8558924 1 0.3559734 1 0.3559734 0.5 0.8558924 1 0.8558924 0.5 0.447676 0.5 0.1441076 0.5 0.6440266 0.5 1 0.5 0.708934 0.5 0.6440266 0.5 0.6440266 0.5 0.708934 0.5 0.447676 0.5 0.447676 0.5 0.2702921 0.5 0.1441076 0.5 0.1441076 0.5 0.2702921 0.5 0 0.5 0.627964 0.5 0.8558924 0.5 0.3559734 0.5 0.627964 0.5 0.3559734 0.5 0.376248 0.5 0 0.5 0.2702921 0.5 0.376248 0.5 0 0.5 0.376248 0.5 0.3559734 0.5 0.8558924 0.5 0.627964 0.5 1 0.5 1 0.5 0.627964 0.5 0.708934 1 1 1 0.6636784 1 0.8558924 1 0.8558924 1 0.6636784 1 0.6386092 1 0.3559734 1 0.4710859 1 0.3283144 1 0.3559734 1 0.3283144 1 0 1 0 1 0.3283144 1 0.32376 1 0 1 0.32376 1 0.1441076 1 0.4678182 1 0.6636784 1 0.6440266 1 0.6440266 1 0.6636784 1 1 1 0.8558924 1 0.6386092 1 0.3559734 1 0.3559734 1 0.6386092 1 0.4710859 1 0.32376 1 0.4678182 1 0.1441076 1 0.1441076 1 0.4678182 1 0.6440266 0.5 0.5599982 1 0.4678182 0.5 0.358421 0.5 0.358421 1 0.4678182 1 0.32376 0.5 0.358421 1 0.32376 0.5 0.3226554 0.5 0.3226554 1 0.32376 1 0.3283144 0.5 0.3226554 1 0.3283144 0.5 0.5178089 0.5 0.5178089 1 0.3283144 1 0.4710859 0.5 0.5178089 1 0.4710859 1 0.6386092 0.5 0.5178089 1 0.6386092 0.5 0.6853794 0.5 0.6853794 1 0.6386092 1 0.6636784 0.5 0.6853794 1 0.6636784 0.5 0.5599982 0.5 0.5599982 1 0.6636784 1 0.4678182 0.5 0.3226554 0.5 0.5178089 0.5 0.6853794 0.5 0.6853794 0.5 0.358421 0.5 0.3226554 0.5 0.6853794 0.5 0.5599982 0.5 0.358421 0.5 0.447676 0 0.5692731 0 0.3502736 0.5 0.447676 0 0.3502736 0 0.2756608 0.5 0.447676 0 0.2756608 0.5 0.2702921 0.5 0.2702921 0 0.2756608 0.5 0.376248 0.5 0.376248 0 0.2756608 0 0.405 0.5 0.376248 0 0.405 0.5 0.627964 0.5 0.627964 0 0.405 0 0.605708 0.5 0.627964 0 0.605708 0 0.7299268 0.5 0.627964 0 0.7299268 0.5 0.708934 0.5 0.708934 0 0.7299268 0 0.5692731 0.5 0.708934 0 0.5692731 0.5 0.447676 0 0.5692731 0 0.605708 0 0.405 0 0.7299268 0 0.605708 0 0.5692731 0 0.5692731 0 0.2756608 0 0.3502736 0 0.5692731 0 0.405 0 0.2756608 0.5 0.2626024 0.5 0 1 0.2626024 1 0.2626024 0.5 0 1 0 0.5 0.7626024 0.5 0.2626024 1 0.7626024 1 0.7626024 0.5 0.2626024 1 0.2626024 0.5 1 0.5 0.7626024 1 1 1 1 0.5 0.7626024 1 0.7626024 0.5 0.7373976 0.5 1 1 0.7373976 1 0.7373976 0.5 1 1 1 0.5 0.2373976 0.5 0.7373976 1 0.2373976 1 0.2373976 0.5 0.7373976 1 0.7373976 0.5 0 0.5 0.2373976 1 0 1 0 0.5 0.2373976 1 0.2373976 0.5 0.7626024 0.5 0.5426341 0.5 0.2626024 0.5 0.2626024 0.5 0.5426341 0.5 0.3106991 0.5 0 0.5 0.3106991 0.5 0.2899697 0.5 0.5218889 0.5 0.2373976 0.5 0.2899697 0.5 0.2373976 0.5 0.5218889 0.5 0.7373976 0.5 1 0.5 0.7185278 0.5 0.7626024 0.5 0.7626024 0.5 0.7185278 0.5 0.5426341 0.5 0.7373976 0.5 0.5218889 0.5 0.7185278 0.5 0.7373976 0.5 0.7185278 0.5 1 0.5 0.2626024 0.5 0.3106991 0.5 0 0.5 0 0.5 0.2899697 0.5 0.2373976 1 0.4798926 1 0.6520951 1 0.7626024 1 0.2626024 1 0.3337827 1 0.4798926 1 0.7373976 1 0.5594288 1 0.2373976 1 0.2373976 1 0.5594288 1 0.3544016 1 0.2373976 1 0.3544016 1 0 1 0.2626024 1 0.4798926 1 0.7626024 1 0.7626024 1 0.6520951 1 1 1 1 1 0.6520951 1 0.6822234 1 0.3544016 1 0.3337827 1 0 1 0 1 0.3337827 1 0.2626024 1 1 1 0.6822234 1 0.7373976 1 0.7373976 1 0.6822234 1 0.5594288 0.5 0.6846078 1 0.6822234 1 0.6520951 0.5 0.6846078 1 0.6520951 0.5 0.5110363 0.5 0.5110363 1 0.6520951 1 0.4798926 0.5 0.5110363 1 0.4798926 1 0.3337827 0.5 0.5110363 1 0.3337827 0.5 0.3199534 0.5 0.3199534 1 0.3337827 1 0.3544016 0.5 0.3199534 1 0.3544016 0.5 0.4116847 0.5 0.4116847 1 0.3544016 1 0.5594288 0.5 0.4116847 1 0.5594288 0.5 0.5843958 0.5 0.5843958 1 0.5594288 1 0.6822234 0.5 0.5843958 1 0.6822234 0.5 0.6846078 0.5 0.4116847 0.5 0.5110363 0.5 0.3199534 0.5 0.4116847 0.5 0.6846078 0.5 0.5110363 0.5 0.4116847 0.5 0.5843958 0.5 0.6846078 0.5 0.7185278 0 0.7181777 0 0.5564708 0.5 0.7185278 0 0.5564708 0.5 0.5426341 0.5 0.5426341 0 0.5564708 0 0.318244 0.5 0.5426341 0 0.318244 0.5 0.3106991 0.5 0.3106991 0 0.318244 0 0.2850505 0.5 0.3106991 0 0.2850505 0.5 0.2899697 0.5 0.2899697 0 0.2850505 0 0.5078877 0.5 0.2899697 0 0.5078877 0.5 0.5218889 0.5 0.5218889 0 0.5078877 0 0.7181777 0.5 0.5218889 0 0.7181777 0.5 0.7185278 0 0.2850505 0 0.318244 0 0.5078877 0 0.5078877 0 0.5564708 0 0.7181777 0 0.5078877 0 0.318244 0 0.5564708 0.7439025 0.8470951 0.7439025 0.9668863 1 0.9668863 0.422561 0.9668863 0.6853659 0.9668863 0.422561 0.7669376 0.422561 0.7669376 0.6853659 0.9668863 0.6853659 0.8470951 0.02009636 0.04394143 0 0 0 0.9668863 0.02009636 0.04394143 0 0.9668863 0.02473342 0.06693273 0.9637579 0.06693273 0.9591208 0.04394143 0.9207317 0.06845211 0.9207317 0.06845211 0.9591208 0.04394143 0.9207317 0 0.7439025 0.8470951 0.7881475 0.8393369 0.6853659 0.8470951 0 0 0.02009636 0.04394143 0.03621029 0.03574615 0 0 0.03621029 0.03574615 0.06707316 0 0 0.9668863 0.1908281 0.8225844 0.06707316 0.06845211 0.06707316 0.06845211 0.1908281 0.8225844 0.206942 0.8143892 0.1954652 0.8455758 0.1908281 0.8225844 0 0.9668863 0.06707316 0 0.03621029 0.03574615 0.04080808 0.05900198 0.06707316 0 0.04080808 0.05900198 0.06707316 0.06845211 0.02473342 0.06693273 0 0.9668863 0.04080808 0.05900198 0.6853659 0.8470951 0.7881475 0.8393369 0.422561 0.7669376 0.422561 0.7669376 0.7881475 0.8393369 0.78958 0.8180486 1 0.9668863 0.8040211 0.8452937 0.7439025 0.8470951 0.7439025 0.8470951 0.8040211 0.8452937 0.7881475 0.8393369 0.206942 0.8143892 0.2115398 0.8376449 0.2462804 0.7669376 0.2462804 0.7669376 0.2115398 0.8376449 0.2462804 0.9668863 1 0 0.9752348 0.03574621 0.9798326 0.05900198 1 0 0.9798326 0.05900198 1 0.9668863 1 0.9668863 0.8119055 0.8293651 0.8040211 0.8452937 0.06707316 0.06845211 0.04080808 0.05900198 0 0.9668863 0.2115398 0.8376449 0.1954652 0.8455758 0.2462804 0.9668863 0.2462804 0.9668863 0.1954652 0.8455758 0 0.9668863 1 0.9668863 0.9798326 0.05900198 0.9637579 0.06693273 0.422561 0.7669376 0.78958 0.8180486 0.06707316 0.06845211 0.422561 0.7669376 0.06707316 0.06845211 0.2462804 0.7669376 0.2462804 0.7669376 0.06707316 0.06845211 0.206942 0.8143892 0.06707316 0.06845211 0.78958 0.8180486 0.9207317 0.06845211 0.9207317 0.06845211 0.78958 0.8180486 0.8045031 0.8143891 0.9207317 0.06845211 0.8045031 0.8143891 1 0.9668863 1 0.9668863 0.8045031 0.8143891 0.8119055 0.8293651 1 0.9668863 0.9637579 0.06693273 0.9207317 0.06845211 0.9207317 0 0.9591208 0.04394143 1 0 1 0 0.9591208 0.04394143 0.9752348 0.03574621 0.2789054 0.003812074 0.2619634 0.01996517 0.2083414 0 0.2192804 0.02566951 0.2083414 0.09150338 0.2083414 0 0.2789054 0.003812074 0.2779625 0.0867868 0.2741585 0.02566951 0.2741585 0.02566951 0.2779625 0.0867868 0.2741585 0.06590229 0.2741585 0.02566951 0.2741585 0.06590229 0.2619634 0.01996517 0.2619634 0.01996517 0.2741585 0.06590229 0.2314756 0.02566951 0.2619634 0.01996517 0.2314756 0.02566951 0.2233455 0.008556485 0.2619634 0.01996517 0.2233455 0.008556485 0.2083414 0 0.2083414 0 0.2233455 0.008556485 0.2192804 0.02566951 0.2314756 0.06590229 0.2619634 0.07731091 0.2274106 0.08301532 0.2619634 0.07731091 0.2779625 0.0867868 0.2083414 0.09150338 0.2619634 0.07731091 0.2083414 0.09150338 0.2274106 0.08301532 0.2741585 0.06590229 0.2619634 0.07731091 0.2314756 0.02566951 0.2314756 0.02566951 0.2619634 0.07731091 0.2314756 0.06590229 0.2314756 0.02566951 0.2314756 0.06590229 0.2192804 0.02566951 0.2192804 0.02566951 0.2314756 0.06590229 0.2192804 0.06590229 0.2192804 0.02566951 0.2192804 0.06590229 0.2083414 0.09150338 0.2083414 0.09150338 0.2192804 0.06590229 0.2274106 0.08301532 0.3532956 0.003812074 0.3363537 0.01996517 0.2827317 0 0.2936707 0.02566951 0.2827317 0.09150338 0.2827317 0 0.3532956 0.003812074 0.3523527 0.0867868 0.3485488 0.02566951 0.3485488 0.02566951 0.3523527 0.0867868 0.3485488 0.06590229 0.3485488 0.02566951 0.3485488 0.06590229 0.3363537 0.01996517 0.3363537 0.01996517 0.3485488 0.06590229 0.3058658 0.02566951 0.3363537 0.01996517 0.3058658 0.02566951 0.2977358 0.008556485 0.3363537 0.01996517 0.2977358 0.008556485 0.2827317 0 0.2827317 0 0.2977358 0.008556485 0.2936707 0.02566951 0.2977358 0.06590229 0.3363537 0.07731091 0.3058658 0.08301532 0.3363537 0.07731091 0.3523527 0.0867868 0.2827317 0.09150338 0.3363537 0.07731091 0.2827317 0.09150338 0.3058658 0.08301532 0.3485488 0.06590229 0.3363537 0.07731091 0.3058658 0.02566951 0.3058658 0.02566951 0.3363537 0.07731091 0.2977358 0.06590229 0.3058658 0.02566951 0.2977358 0.06590229 0.2936707 0.02566951 0.2936707 0.02566951 0.2977358 0.06590229 0.2827317 0.09150338 0.2827317 0.09150338 0.2977358 0.06590229 0.2936707 0.08301532 0.2827317 0.09150338 0.2936707 0.08301532 0.3058658 0.08301532 0.4276859 0.003812074 0.4107439 0.01996517 0.357122 0 0.368061 0.02566951 0.357122 0.09150338 0.357122 0 0.4276859 0.003812074 0.4267429 0.0867868 0.422939 0.02566951 0.422939 0.02566951 0.4267429 0.0867868 0.422939 0.06590229 0.422939 0.02566951 0.422939 0.06590229 0.4107439 0.01996517 0.4107439 0.01996517 0.422939 0.06590229 0.3802561 0.02566951 0.4107439 0.01996517 0.3802561 0.02566951 0.372126 0.008556485 0.4107439 0.01996517 0.372126 0.008556485 0.357122 0 0.357122 0 0.372126 0.008556485 0.368061 0.02566951 0.372126 0.06590229 0.4107439 0.07731091 0.3802561 0.08301532 0.4107439 0.07731091 0.4267429 0.0867868 0.357122 0.09150338 0.4107439 0.07731091 0.357122 0.09150338 0.3802561 0.08301532 0.422939 0.06590229 0.4107439 0.07731091 0.3802561 0.02566951 0.3802561 0.02566951 0.4107439 0.07731091 0.372126 0.06590229 0.3802561 0.02566951 0.372126 0.06590229 0.368061 0.02566951 0.368061 0.02566951 0.372126 0.06590229 0.357122 0.09150338 0.357122 0.09150338 0.372126 0.06590229 0.368061 0.08301532 0.357122 0.09150338 0.368061 0.08301532 0.3802561 0.08301532 0.5020762 0.003812074 0.4851341 0.008556485 0.4315122 0 0.4424512 0.01996517 0.4315122 0.09150338 0.4315122 0 0.5020762 0.003812074 0.5011332 0.08678686 0.4932643 0.02566951 0.4932643 0.02566951 0.5011332 0.08678686 0.4973292 0.06590229 0.4932643 0.02566951 0.4973292 0.06590229 0.4546464 0.02566951 0.4932643 0.02566951 0.4546464 0.02566951 0.4851341 0.008556485 0.4851341 0.008556485 0.4546464 0.02566951 0.4546464 0.008556485 0.4851341 0.008556485 0.4546464 0.008556485 0.4315122 0 0.4315122 0 0.4546464 0.008556485 0.4424512 0.01996517 0.4546464 0.06590229 0.4851341 0.07731091 0.4546464 0.08301532 0.4851341 0.07731091 0.5011332 0.08678686 0.4315122 0.09150338 0.4851341 0.07731091 0.4315122 0.09150338 0.4546464 0.08301532 0.4973292 0.06590229 0.4851341 0.07731091 0.4546464 0.02566951 0.4546464 0.02566951 0.4851341 0.07731091 0.4546464 0.06590229 0.4546464 0.02566951 0.4546464 0.06590229 0.4424512 0.01996517 0.4424512 0.01996517 0.4546464 0.06590229 0.4424512 0.07731091 0.4424512 0.01996517 0.4424512 0.07731091 0.4315122 0.09150338 0.4315122 0.09150338 0.4424512 0.07731091 0.4546464 0.08301532 0.5764663 0.003812134 0.5595244 0.008556485 0.5059024 0 0.5168415 0.01996517 0.5059024 0.09150338 0.5059024 0 0.5764663 0.003812134 0.5755235 0.0867868 0.5676546 0.02566951 0.5676546 0.02566951 0.5755235 0.0867868 0.5717195 0.06590229 0.5676546 0.02566951 0.5717195 0.06590229 0.5290366 0.02566951 0.5676546 0.02566951 0.5290366 0.02566951 0.5595244 0.008556485 0.5595244 0.008556485 0.5290366 0.02566951 0.5290366 0.008556485 0.5595244 0.008556485 0.5290366 0.008556485 0.5059024 0 0.5059024 0 0.5290366 0.008556485 0.5168415 0.01996517 0.5290366 0.06590229 0.5595244 0.07731091 0.5290366 0.08301532 0.5595244 0.07731091 0.5755235 0.0867868 0.5059024 0.09150338 0.5595244 0.07731091 0.5059024 0.09150338 0.5290366 0.08301532 0.5717195 0.06590229 0.5595244 0.07731091 0.5290366 0.02566951 0.5290366 0.02566951 0.5595244 0.07731091 0.5290366 0.06590229 0.5290366 0.02566951 0.5290366 0.06590229 0.5168415 0.01996517 0.5168415 0.01996517 0.5290366 0.06590229 0.5168415 0.07731091 0.5168415 0.01996517 0.5168415 0.07731091 0.5059024 0.09150338 0.5059024 0.09150338 0.5168415 0.07731091 0.5290366 0.08301532 0.6508566 0.003812074 0.6339147 0.01996517 0.586721 0.005028188 0.5912317 0.02566951 0.5802927 0.09150338 0.586721 0.005028188 0.6508566 0.003812074 0.6499137 0.0867868 0.6461098 0.02566951 0.6461098 0.02566951 0.6499137 0.0867868 0.6461098 0.06590229 0.6461098 0.02566951 0.6461098 0.06590229 0.6339147 0.01996517 0.6339147 0.01996517 0.6461098 0.06590229 0.6034268 0.01426082 0.6339147 0.01996517 0.6034268 0.01426082 0.586721 0.005028188 0.6034268 0.06590229 0.6339147 0.07731091 0.6034268 0.08301532 0.6339147 0.07731091 0.6499137 0.0867868 0.5802927 0.09150338 0.6339147 0.07731091 0.5802927 0.09150338 0.6034268 0.08301532 0.6461098 0.06590229 0.6339147 0.07731091 0.6034268 0.01426082 0.6034268 0.01426082 0.6339147 0.07731091 0.6034268 0.06590229 0.6034268 0.01426082 0.6034268 0.06590229 0.5912317 0.02566951 0.5912317 0.02566951 0.6034268 0.06590229 0.5912317 0.07731091 0.5912317 0.02566951 0.5912317 0.07731091 0.5802927 0.09150338 0.5802927 0.09150338 0.5912317 0.07731091 0.6034268 0.08301532 0.7252469 0.003812074 0.7083049 0.01996517 0.6611112 0.005028188 0.6656219 0.02566951 0.6546829 0.09150338 0.6611112 0.005028188 0.7252469 0.003812074 0.724304 0.08678686 0.7205 0.02566951 0.7205 0.02566951 0.724304 0.08678686 0.7205 0.06590229 0.7205 0.02566951 0.7205 0.06590229 0.7083049 0.01996517 0.7083049 0.01996517 0.7205 0.06590229 0.6778171 0.01426082 0.7083049 0.01996517 0.6778171 0.01426082 0.6611112 0.005028188 0.6778171 0.06590229 0.7083049 0.07731091 0.6778171 0.08301532 0.7083049 0.07731091 0.724304 0.08678686 0.6546829 0.09150338 0.7083049 0.07731091 0.6546829 0.09150338 0.6778171 0.08301532 0.7205 0.06590229 0.7083049 0.07731091 0.6778171 0.01426082 0.6778171 0.01426082 0.7083049 0.07731091 0.6778171 0.06590229 0.6778171 0.01426082 0.6778171 0.06590229 0.6656219 0.02566951 0.6656219 0.02566951 0.6778171 0.06590229 0.6656219 0.07731091 0.6656219 0.02566951 0.6656219 0.07731091 0.6546829 0.09150338 0.6546829 0.09150338 0.6656219 0.07731091 0.6778171 0.08301532 0.7996371 0.003812074 0.7826951 0.01996517 0.7355014 0.005028188 0.7400122 0.02566951 0.7290732 0.09150338 0.7355014 0.005028188 0.7996371 0.003812074 0.7986942 0.08678686 0.7948902 0.02566951 0.7948902 0.02566951 0.7986942 0.08678686 0.7948902 0.06590229 0.7948902 0.02566951 0.7948902 0.06590229 0.7826951 0.01996517 0.7826951 0.01996517 0.7948902 0.06590229 0.7522073 0.01426082 0.7826951 0.01996517 0.7522073 0.01426082 0.7355014 0.005028188 0.7522073 0.06590229 0.7826951 0.07731091 0.7522073 0.08301532 0.7826951 0.07731091 0.7986942 0.08678686 0.7290732 0.09150338 0.7826951 0.07731091 0.7290732 0.09150338 0.7522073 0.08301532 0.7948902 0.06590229 0.7826951 0.07731091 0.7522073 0.01426082 0.7522073 0.01426082 0.7826951 0.07731091 0.7522073 0.06590229 0.7522073 0.01426082 0.7522073 0.06590229 0.7400122 0.02566951 0.7400122 0.02566951 0.7522073 0.06590229 0.7400122 0.07731091 0.7400122 0.02566951 0.7400122 0.07731091 0.7290732 0.09150338 0.7290732 0.09150338 0.7400122 0.07731091 0.7522073 0.08301532 0.8740274 0.003812074 0.8570854 0.008556485 0.8034634 0 0.8144025 0.01996517 0.8034634 0.09150338 0.8034634 0 0.8740274 0.003812074 0.8730844 0.08678686 0.8652155 0.02566951 0.8652155 0.02566951 0.8730844 0.08678686 0.8692805 0.06590229 0.8652155 0.02566951 0.8692805 0.06590229 0.8265976 0.02566951 0.8652155 0.02566951 0.8265976 0.02566951 0.8570854 0.008556485 0.8570854 0.008556485 0.8265976 0.02566951 0.8265976 0.008556485 0.8570854 0.008556485 0.8265976 0.008556485 0.8034634 0 0.8034634 0 0.8265976 0.008556485 0.8144025 0.01996517 0.8265976 0.06590229 0.8570854 0.07731091 0.8265976 0.08301532 0.8570854 0.07731091 0.8730844 0.08678686 0.8034634 0.09150338 0.8570854 0.07731091 0.8034634 0.09150338 0.8265976 0.08301532 0.8692805 0.06590229 0.8570854 0.07731091 0.8265976 0.02566951 0.8265976 0.02566951 0.8570854 0.07731091 0.8265976 0.06590229 0.8265976 0.02566951 0.8265976 0.06590229 0.8144025 0.01996517 0.8144025 0.01996517 0.8265976 0.06590229 0.8144025 0.07731091 0.8144025 0.01996517 0.8144025 0.07731091 0.8034634 0.09150338 0.8034634 0.09150338 0.8144025 0.07731091 0.8265976 0.08301532 0.06097561 0.1061007 0.06097561 0.739283 0 0.7749979 0.04056012 0.06282877 0.04042136 0.04131036 0.2083414 0.09150338 0.5121951 0.739283 0.8427317 0.767451 0.422561 0.7669377 0.3571138 0.09150338 0.5121951 0.107447 0.2827236 0.09150338 0.2827236 0.09150338 0.5121951 0.107447 0.06097561 0.1061007 0.2083414 0.09150338 0.04042136 0.04131036 0.2083414 0 0.8427317 0.767451 0.5121951 0.739283 0.5121951 0.7108924 0.8427317 0.767451 0.5121951 0.7108924 0.9580245 0.7108924 0.5121951 0.739283 0.422561 0.7669377 0.2462804 0.7669377 0.5121951 0.739283 0.2462804 0.7669377 0.06097561 0.739283 0.4315041 0.09150338 0.5058943 0.09150338 0.5121951 0.107447 0.2827236 0.09150338 0.06097561 0.1061007 0.2083414 0.09150338 0.2083414 0.09150338 0.06097561 0.1061007 0.04056012 0.06282877 0 0 0.02584993 0.03431779 0.01829731 0.05310082 0.4315041 0.09150338 0.5121951 0.107447 0.3571138 0.09150338 0.2083414 0 0.04042136 0.04131036 0 0 0 0 0.04042136 0.04131036 0.02584993 0.03431779 0.01829731 0.05310082 0.02846115 0.06933414 0 0.7749979 0 0.7749979 0.02846115 0.06933414 0.06097561 0.1061007 0.06097561 0.1061007 0.02846115 0.06933414 0.04056012 0.06282877 0.01739019 0.9668863 0 0.9668863 0.01739019 0.767451 0.01739019 0.767451 0 0.9668863 0 0.7749979 0.01739019 0.767451 0 0.7749979 0.06097561 0.739283 0.01739019 0.767451 0.06097561 0.739283 0.1572682 0.767451 0.1572682 0.767451 0.06097561 0.739283 0.2462804 0.7669377 0 0 0.01829731 0.05310082 0 0.7749979 0.9580245 0.1121588 0.5121951 0.107447 0.5802845 0.09150338 0.5802845 0.09150338 0.5121951 0.107447 0.5058943 0.09150338 0.6546748 0.09150338 0.7290651 0.09150338 0.9580245 0.1121588 0.6546748 0.09150338 0.9580245 0.1121588 0.5802845 0.09150338 0.8034553 0.09150338 0.8778455 0.09150338 0.9580245 0.1121588 0.8034553 0.09150338 0.9580245 0.1121588 0.7290651 0.09150338 0.208101 0.8141073 0.2462804 0.7669377 0.2141332 0.8281159 0.2462804 0.9668863 0.2071667 0.8456302 0.2141332 0.8281159 0.2462804 0.9668863 0.2141332 0.8281159 0.2462804 0.7669377 0.2462804 0.7669377 0.208101 0.8141073 0.1572682 0.767451 0.1572682 0.767451 0.208101 0.8141073 0.1965816 0.8129608 0.1572682 0.9668863 0.1920362 0.8422074 0.2071667 0.8456302 0.1572682 0.9668863 0.2071667 0.8456302 0.2462804 0.9668863 0.1572682 0.767451 0.1965816 0.8129608 0.1885172 0.8247122 0.1572682 0.767451 0.1885172 0.8247122 0.1572682 0.9668863 0.1572682 0.9668863 0.1885172 0.8247122 0.1920362 0.8422074 0.7730732 0.9668863 0.7921603 0.8451067 0.8427317 0.9668863 0.8427317 0.9668863 0.7921603 0.8451067 0.8064061 0.8447116 0.4561829 0.9668863 0.422561 0.9668863 0.4561829 0.8288697 0.4561829 0.8288697 0.422561 0.9668863 0.422561 0.7669377 0.4561829 0.8288697 0.422561 0.7669377 0.6294025 0.8288697 0.6294025 0.8288697 0.422561 0.7669377 0.6772927 0.8360229 0.6294025 0.8288697 0.6772927 0.8360229 0.6294025 0.9668863 0.6294025 0.9668863 0.6772927 0.8360229 0.6772927 0.9668863 0.8427317 0.9668863 0.8064061 0.8447116 0.8116943 0.8281158 0.8427317 0.9668863 0.8116943 0.8281158 0.8427317 0.767451 0.8116943 0.8281158 0.8040631 0.8133379 0.8427317 0.767451 0.8427317 0.767451 0.8040631 0.8133379 0.792424 0.8136149 0.8427317 0.767451 0.792424 0.8136149 0.422561 0.7669377 0.422561 0.7669377 0.792424 0.8136149 0.6772927 0.8360229 0.6772927 0.8360229 0.792424 0.8136149 0.7730732 0.8360229 0.7730732 0.8360229 0.792424 0.8136149 0.7859618 0.8271036 0.7730732 0.8360229 0.7921603 0.8451067 0.7730732 0.9668863 0.7730732 0.8360229 0.7859618 0.8271036 0.7921603 0.8451067 0.9580245 0.6940019 1 0 0.9580245 0.7108924 0.9580245 0.7108924 1 0 0.9825976 0.767451 0.9580245 0.7108924 0.9825976 0.767451 0.8427317 0.767451 0.9522317 0 0.9648744 0.03431779 0.9568099 0.04606938 1 0 0.9816473 0.05395621 0.9763938 0.03546434 0.9589862 0.06201279 0.9708445 0.06944793 0.9580245 0.1121588 1 0 0.9580245 0.5739882 0.9580245 0.5570976 1 0 0.9763938 0.03546434 0.9522317 0 0.9522317 0 0.9763938 0.03546434 0.9648744 0.03431779 1 0 0.9580245 0.6424403 0.9580245 0.6255497 0.9522317 0 0.9568099 0.04606938 0.9522317 0.09150338 0.9522317 0.09150338 0.9568099 0.04606938 0.9589862 0.06201279 0.9522317 0.09150338 0.9589862 0.06201279 0.9580245 0.1121588 0.9522317 0.09150338 0.9580245 0.1121588 0.8778455 0.09150338 1 0 0.9580245 0.5055361 0.9580245 0.4886455 1 0 0.9580245 0.4370839 0.9580245 0.4201934 1 0 0.9580245 0.3686318 0.9580245 0.3517413 0.9816473 0.05395621 0.9580245 0.3001797 0.9580245 0.2832891 0.9816473 0.05395621 0.9580245 0.2317276 0.9580245 0.214837 0.9816473 0.05395621 0.9580245 0.1632754 0.9580245 0.1463848 1 0.9668863 0.9825976 0.9668863 1 0 1 0 0.9825976 0.9668863 0.9825976 0.767451 0.9708445 0.06944793 0.9816473 0.05395621 0.9580245 0.1121588 0.9580245 0.1121588 0.9816473 0.05395621 0.9580245 0.1290494 0.9580245 0.1290494 0.9816473 0.05395621 0.9580245 0.1463848 0.9580245 0.1290494 0.9580245 0.1463848 0.5121951 0.1406064 0.9580245 0.1632754 0.9580245 0.1806109 0.5121951 0.1748324 0.9580245 0.1806109 0.9580245 0.1632754 0.9816473 0.05395621 0.9580245 0.1806109 0.9816473 0.05395621 0.9580245 0.1975015 0.9580245 0.1975015 0.9816473 0.05395621 0.9580245 0.214837 0.9580245 0.1975015 0.9580245 0.214837 0.5121951 0.2090585 0.9580245 0.2317276 0.9580245 0.249063 0.5121951 0.2432845 0.9580245 0.249063 0.9580245 0.2317276 0.9816473 0.05395621 0.9580245 0.249063 0.9816473 0.05395621 0.9580245 0.2659536 0.9580245 0.2659536 0.9816473 0.05395621 0.9580245 0.2832891 0.9580245 0.2659536 0.9580245 0.2832891 0.5121951 0.2775107 0.9580245 0.3001797 0.9580245 0.3175152 0.5121951 0.3117367 0.9580245 0.3001797 0.9816473 0.05395621 0.9580245 0.3175152 0.9580245 0.3175152 0.9816473 0.05395621 1 0 0.9580245 0.3175152 1 0 0.9580245 0.3344057 0.9580245 0.3344057 1 0 0.9580245 0.3517413 0.9580245 0.3344057 0.9580245 0.3517413 0.5121951 0.3459628 0.9580245 0.3686318 0.9580245 0.3859673 0.5121951 0.3801888 0.9580245 0.3859673 0.9580245 0.3686318 1 0 0.9580245 0.3859673 1 0 0.9580245 0.4028578 0.9580245 0.4028578 1 0 0.9580245 0.4201934 0.9580245 0.4028578 0.9580245 0.4201934 0.5121951 0.4144149 0.9580245 0.4370839 0.9580245 0.4544194 0.5121951 0.448641 0.9580245 0.4544194 0.9580245 0.4370839 1 0 0.9580245 0.4544194 1 0 0.9580245 0.47131 0.9580245 0.47131 1 0 0.9580245 0.4886455 0.9580245 0.47131 0.9580245 0.4886455 0.5121951 0.482867 0.9580245 0.5055361 0.9580245 0.5228716 0.5121951 0.5170931 0.9580245 0.5228716 0.9580245 0.5055361 1 0 0.9580245 0.5228716 1 0 0.9580245 0.5397621 0.9580245 0.5397621 1 0 0.9580245 0.5570976 0.9580245 0.5397621 0.9580245 0.5570976 0.5121951 0.5513192 0.9580245 0.5739882 0.9580245 0.5913237 0.5121951 0.5855453 0.9580245 0.5913237 0.9580245 0.5739882 1 0 0.9580245 0.5913237 1 0 0.9580245 0.6082143 0.9580245 0.6082143 1 0 0.9580245 0.6255497 0.9580245 0.6082143 0.9580245 0.6255497 0.5121951 0.6197713 0.9580245 0.6424403 0.9580245 0.6597758 0.5121951 0.6539973 0.9580245 0.6597758 0.9580245 0.6424403 1 0 0.9580245 0.6597758 1 0 0.9580245 0.6766664 0.9580245 0.6766664 1 0 0.9580245 0.6940019 0.9580245 0.6766664 0.9580245 0.6940019 0.5121951 0.6882234 0.9484177 0.003812074 0.9314756 0.008556485 0.8778536 0 0.8887927 0.02566951 0.8778536 0.09150338 0.8778536 0 0.9484177 0.003812074 0.9474747 0.08678686 0.9396058 0.02566951 0.9396058 0.02566951 0.9474747 0.08678686 0.9355408 0.06590229 0.9396058 0.02566951 0.9355408 0.06590229 0.9009878 0.02566951 0.9396058 0.02566951 0.9009878 0.02566951 0.9314756 0.008556485 0.9314756 0.008556485 0.9009878 0.02566951 0.8928577 0.008556485 0.9314756 0.008556485 0.8928577 0.008556485 0.8778536 0 0.8778536 0 0.8928577 0.008556485 0.8887927 0.02566951 0.8928577 0.06590229 0.9355408 0.06590229 0.9009878 0.08301532 0.9009878 0.08301532 0.9355408 0.06590229 0.9314756 0.08301532 0.9314756 0.08301532 0.9474747 0.08678686 0.8778536 0.09150338 0.9314756 0.08301532 0.8778536 0.09150338 0.9009878 0.08301532 0.9009878 0.02566951 0.9355408 0.06590229 0.8928577 0.06590229 0.9009878 0.02566951 0.8928577 0.06590229 0.8887927 0.02566951 0.8887927 0.02566951 0.8928577 0.06590229 0.8778536 0.09150338 0.8778536 0.09150338 0.8928577 0.06590229 0.8887927 0.08301532 0.8778536 0.09150338 0.8887927 0.08301532 0.9009878 0.08301532 0.2900854 0.9987451 0.2602348 0.9975723 0.2900854 0.9974901 0.2900854 0.9974901 0.2602348 0.9975723 0.2634268 0.9962351 0.2900854 0.9974901 0.2634268 0.9962351 0.3003293 0.9980883 0.2598317 0.8630958 0.2634268 0.8615898 0.2634268 0.8593309 0.2598317 0.8630958 0.2634268 0.8593309 0.2602348 0.9975723 0.2602348 0.9975723 0.2634268 0.8593309 0.2634268 0.9962351 0.3003293 0.9980883 0.2634268 0.9962351 0.3003293 0.8630958 0.3003293 0.8630958 0.2634268 0.9962351 0.2634268 0.8593309 0.3003293 0.8630958 0.2634268 0.8593309 0.3688659 0.8630958 0.3688659 0.8630958 0.2634268 0.8593309 0.4075122 0.8593309 0.3688659 0.8630958 0.4075122 0.8593309 0.3688659 0.9977411 0.3688659 0.9977411 0.4075122 0.8593309 0.4075122 0.9962351 0.4115154 0.9987992 0.4075122 0.9962351 0.4086878 0.8630958 0.4086878 0.8630958 0.4075122 0.9962351 0.4075122 0.8593309 0.4086878 0.8630958 0.4075122 0.8593309 0.4092851 0.8624384 0.4092851 0.8624384 0.4075122 0.8593309 0.2634268 0.8615898 0.2634268 0.8615898 0.4075122 0.8593309 0.2634268 0.8593309 0.3791098 0.9977411 0.3688659 0.9977411 0.4075122 0.9962351 0.3791098 0.9977411 0.4075122 0.9962351 0.3791097 0.9981176 0.3791097 0.9981176 0.4075122 0.9962351 0.4115154 0.9987992 0.3688659 0.8630958 0.3003293 0.8630958 0.3688659 0.8630958 0.2634268 0.8615898 0.2598317 0.8630958 0.254439 0.8630958 0.2634268 0.8615898 0.254439 0.8630958 0.4092851 0.8624384 0.3003293 0.9980883 0.3003293 0.8630958 0.3003293 1 0.3688659 0.9977411 0.3688659 1 0.3688659 0.8630958 0.3688659 0.8630958 0.3688659 1 0.3688659 0.8630958 0.4086878 0.8630958 0.4092851 0.8624384 0.4115154 0.9987992 0.4115154 0.9987992 0.4092851 0.8624384 0.4133902 1 0.4092851 0.8624384 0.254439 0.8630958 0.4133902 1 0.4133902 1 0.254439 0.8630958 0.254439 1 0.254439 0.8630958 0.2598317 0.8630958 0.254439 1 0.254439 1 0.2598317 0.8630958 0.2602348 0.9975723 0.3003293 0.8630958 0.3688659 0.8630958 0.3003293 1 0.3003293 1 0.3688659 0.8630958 0.3688659 1 0.4705607 0.8614004 0.469448 0.8610272 0.4706065 0.9977976 0.4706065 0.9977976 0.469448 0.8610272 0.4715135 0.9976735 0.6128799 0.8613809 0.6135986 0.8610461 0.6128187 0.9977675 0.6128187 0.9977675 0.6135986 0.8610461 0.6121535 0.9976684 0.6135986 0.8610461 0.6128799 0.8613809 0.4705607 0.8614004 0.4705607 0.8614004 0.6128799 0.8613809 0.469448 0.8610272 0.469448 0.8610272 0.6128799 0.8613809 0.4715135 0.9976735 0.4715135 0.9976735 0.6128799 0.8613809 0.6128187 0.9977675 0.6135986 0.8610461 0.4705607 0.8614004 0.6121535 0.9976684 0.6121535 0.9976684 0.4705607 0.8614004 0.4706065 0.9977976 0.6900565 0.8603429 0.6896451 0.8601693 0.6900794 0.9966189 0.6900794 0.9966189 0.6896451 0.8601693 0.6904301 0.9969501 0.7615785 0.8603491 0.7622223 0.8601628 0.7615579 0.9969313 0.7615579 0.9969313 0.7622223 0.8601628 0.7612153 0.9969764 0.7622223 0.8601628 0.7615785 0.8603491 0.6900565 0.8603429 0.6900565 0.8603429 0.7615785 0.8603491 0.6896451 0.8601693 0.6896451 0.8601693 0.7615785 0.8603491 0.6904301 0.9969501 0.6904301 0.9969501 0.7615785 0.8603491 0.7615579 0.9969313 0.7622223 0.8601628 0.6900565 0.8603429 0.7612153 0.9969764 0.7612153 0.9969764 0.6900565 0.8603429 0.6900794 0.9966189 0 0.9668863 0.01739019 0.9668863 0 0.9668863 0 0.9668863 0.01739019 0.9668863 0.1572682 0.9668863 0 0.9668863 0.1572682 0.9668863 0.2462804 0.9668863 0.2462804 0.9668863 0.1572682 0.9668863 0.2462804 0.9668863 0.5121951 0.1290494 0.5121951 0.1406064 0.5121951 0.1576452 0.5121951 0.1082533 0.5121951 0.1290494 0.5094723 0.3329857 0.5094723 0.3329857 0.5121951 0.1290494 0.5121951 0.1576452 0.5121951 0.2090585 0.5121951 0.2260974 0.5121951 0.1918713 0.5121951 0.1918713 0.5121951 0.2260974 0.5094723 0.3329857 0.5121951 0.1918713 0.5094723 0.3329857 0.5121951 0.1576452 0.5121951 0.1918713 0.5121951 0.1576452 0.5121951 0.1748324 0.5121951 0.2775107 0.5121951 0.2945495 0.5121951 0.2603235 0.5121951 0.2603235 0.5121951 0.2945495 0.5094723 0.3329857 0.5121951 0.2603235 0.5094723 0.3329857 0.5121951 0.2260974 0.5121951 0.2603235 0.5121951 0.2260974 0.5121951 0.2432845 0.5121951 0.3459628 0.5121951 0.3630017 0.5094723 0.3329857 0.5121951 0.3175152 0.5094723 0.3329857 0.5121951 0.2945495 0.5121951 0.3175152 0.5121951 0.2945495 0.5121951 0.3117367 0.5121951 0.3630017 0.5121951 0.3801888 0.5121951 0.3972277 0.5121951 0.3972277 0.5121951 0.4144149 0.5121951 0.4314538 0.5121951 0.4314538 0.509969 0.4680867 0.5121951 0.3972277 0.5121951 0.3972277 0.509969 0.4680867 0.5094723 0.3329857 0.5121951 0.3972277 0.5094723 0.3329857 0.5121951 0.3630017 0.5121951 0.4314538 0.5121951 0.448641 0.5121951 0.4544194 0.5121951 0.4314538 0.5121951 0.4544194 0.509969 0.4680867 0.5121951 0.6710363 0.5121951 0.6882234 0.5121951 0.7052623 0.509969 0.4680867 0.5121951 0.482867 0.5121951 0.4999059 0.5121951 0.4999059 0.5121951 0.5170931 0.5121951 0.534132 0.5121951 0.4999059 0.5121951 0.534132 0.509969 0.4680867 0.5121951 0.5855453 0.5121951 0.6025841 0.5121951 0.568358 0.5121951 0.568358 0.5121951 0.6025841 0.509969 0.4680867 0.5121951 0.568358 0.509969 0.4680867 0.5121951 0.534132 0.5121951 0.568358 0.5121951 0.534132 0.5121951 0.5513192 0.5121951 0.6539973 0.5121951 0.6710363 0.5121951 0.6368102 0.5121951 0.6368102 0.5121951 0.6710363 0.509969 0.4680867 0.5121951 0.6368102 0.509969 0.4680867 0.5121951 0.6025841 0.5121951 0.6368102 0.5121951 0.6025841 0.5121951 0.6197713 0.5121951 0.7108924 0.5121951 0.739283 0.5121951 0.7052623 0.5121951 0.7052623 0.5121951 0.739283 0.5121951 0.739283 0.5121951 0.7052623 0.5121951 0.739283 0.509969 0.4680867 0.5121951 0.7052623 0.509969 0.4680867 0.5121951 0.6710363 0.06097561 0.739283 0.05319607 0.4571995 0.09627753 0.5669443 0.06097561 0.739283 0.09627753 0.5669443 0.1776825 0.6777577 0.06097561 0.739283 0.1776825 0.6777577 0.2696973 0.7076199 0.4150142 0.6488482 0.4788978 0.5419955 0.5121951 0.739283 0.4788978 0.5419955 0.509969 0.4680867 0.5121951 0.739283 0.3450939 0.6953979 0.4150142 0.6488482 0.5121951 0.739283 0.06097561 0.739283 0.2696973 0.7076199 0.5121951 0.739283 0.5121951 0.739283 0.2696973 0.7076199 0.3450939 0.6953979 0.5121951 0.1082533 0.5094723 0.3329857 0.4351689 0.1694822 0.5121951 0.1082533 0.4351689 0.1694822 0.345933 0.1054541 0 0.9668863 0 0.9668863 0 0.7749979 0 0.7749979 0 0.9668863 0 0 0 0.7749979 0 0 0 0 0.9207317 0 0.9207317 0 0.8778536 0 0.9484177 0.003812074 0.8778536 0 0.9522317 0 0.9522317 0 0.8778536 0 0.9207317 0 0.9522317 0 0.9207317 0 1 0 1 0 0.9207317 0 1 0 0.8740274 0.003812074 0.8034634 0 0.8778497 0 0.8778497 0 0.8034634 0 0.8034594 0 0.7290692 0 0.7252469 0.003812074 0.6611112 0.005028188 0.8778536 0 0.8778497 0 0.9207317 0 0.9207317 0 0.8778497 0 0.06707316 0 0.06707316 0 0.8778497 0 0.8034594 0 0.6611112 0.005028188 0.654679 0 0.7290692 0 0.7290692 0 0.654679 0 0.06707316 0 0.7290692 0 0.06707316 0 0.8034594 0 0.7290692 0 0.8034594 0 0.7355014 0.005028188 0.7355014 0.005028188 0.8034594 0 0.7996371 0.003812074 0.5802887 0 0.5764663 0.003812134 0.5059024 0 0.5059024 0 0.5058984 0 0.5802887 0 0.5802887 0 0.5058984 0 0.06707316 0 0.5802887 0 0.06707316 0 0.654679 0 0.5802887 0 0.654679 0 0.586721 0.005028188 0.586721 0.005028188 0.654679 0 0.6508566 0.003812074 0.4315082 0 0.4276859 0.003812074 0.357122 0 0.357122 0 0.3571179 0 0.4315082 0 0.4315082 0 0.3571179 0 0.06707316 0 0.4315082 0 0.06707316 0 0.5058984 0 0.4315082 0 0.5058984 0 0.4315122 0 0.4315122 0 0.5058984 0 0.5020762 0.003812074 0.2827277 0 0.2789054 0.003812074 0.2083414 0 0.06707316 0 0.2083414 0 0.06707316 0 0.06707316 0 0.2083414 0 0 0 0.06707316 0 0 0 0 0 0.2083414 0 0.2083414 0 0.2827277 0 0.2827277 0 0.2083414 0 0.06707316 0 0.2827277 0 0.06707316 0 0.3571179 0 0.2827277 0 0.3571179 0 0.2827317 0 0.2827317 0 0.3571179 0 0.3532956 0.003812074 1 0 1 0 1 0.9668863 1 0 1 0.9668863 1 0.9668863 0.7439025 0.9668863 0.6853659 0.9668863 0.7439025 0.9668863 0.7439025 0.9668863 0.6853659 0.9668863 0.6853659 0.9668863 0.422561 0.9668863 0.4561829 0.9668863 0.422561 0.9668863 0.422561 0.9668863 0.4561829 0.9668863 0.6294025 0.9668863 0.422561 0.9668863 0.6294025 0.9668863 0.6853659 0.9668863 0.6294025 0.9668863 0.6772927 0.9668863 0.6853659 0.9668863 0.6853659 0.9668863 0.6772927 0.9668863 0.7730732 0.9668863 0.6853659 0.9668863 0.7730732 0.9668863 0.7439025 0.9668863 0.7439025 0.9668863 0.7730732 0.9668863 0.8427317 0.9668863 0.7439025 0.9668863 0.8427317 0.9668863 1 0.9668863 1 0.9668863 0.8427317 0.9668863 0.9825976 0.9668863 1 0.9668863 0.9825976 0.9668863 1 0.9668863 0.7881475 0.8393369 0.7859618 0.8271036 0.78958 0.8180486 0.78958 0.8180486 0.7859618 0.8271036 0.792424 0.8136149 0.78958 0.8180486 0.792424 0.8136149 0.8045031 0.8143891 0.8045031 0.8143891 0.792424 0.8136149 0.8040631 0.8133379 0.8045031 0.8143891 0.8040631 0.8133379 0.8116943 0.8281158 0.8045031 0.8143891 0.8116943 0.8281158 0.8119055 0.8293651 0.8119055 0.8293651 0.8116943 0.8281158 0.8040211 0.8452937 0.8040211 0.8452937 0.8116943 0.8281158 0.8064061 0.8447116 0.8040211 0.8452937 0.8064061 0.8447116 0.7921603 0.8451067 0.8040211 0.8452937 0.7921603 0.8451067 0.7881475 0.8393369 0.7881475 0.8393369 0.7921603 0.8451067 0.7859618 0.8271036 0.9591208 0.04394143 0.9568099 0.04606938 0.9648744 0.03431779 0.9591208 0.04394143 0.9648744 0.03431779 0.9752348 0.03574621 0.9752348 0.03574621 0.9648744 0.03431779 0.9763938 0.03546434 0.9752348 0.03574621 0.9763938 0.03546434 0.9816473 0.05395621 0.9752348 0.03574621 0.9816473 0.05395621 0.9798326 0.05900198 0.9798326 0.05900198 0.9816473 0.05395621 0.9708445 0.06944793 0.9798326 0.05900198 0.9708445 0.06944793 0.9637579 0.06693273 0.9637579 0.06693273 0.9708445 0.06944793 0.9589862 0.06201279 0.9637579 0.06693273 0.9589862 0.06201279 0.9591208 0.04394143 0.9591208 0.04394143 0.9589862 0.06201279 0.9568099 0.04606938 0.1908281 0.8225844 0.1885172 0.8247122 0.1965816 0.8129608 0.1908281 0.8225844 0.1965816 0.8129608 0.206942 0.8143892 0.206942 0.8143892 0.1965816 0.8129608 0.208101 0.8141073 0.206942 0.8143892 0.208101 0.8141073 0.2141332 0.8281159 0.206942 0.8143892 0.2141332 0.8281159 0.2115398 0.8376449 0.2115398 0.8376449 0.2141332 0.8281159 0.2071667 0.8456302 0.2115398 0.8376449 0.2071667 0.8456302 0.1954652 0.8455758 0.1954652 0.8455758 0.2071667 0.8456302 0.1920362 0.8422074 0.1954652 0.8455758 0.1920362 0.8422074 0.1908281 0.8225844 0.1908281 0.8225844 0.1920362 0.8422074 0.1885172 0.8247122 0.02009636 0.04394143 0.01829731 0.05310082 0.02584993 0.03431779 0.02009636 0.04394143 0.02584993 0.03431779 0.03621029 0.03574615 0.03621029 0.03574615 0.02584993 0.03431779 0.04042136 0.04131036 0.03621029 0.03574615 0.04042136 0.04131036 0.04080808 0.05900198 0.04080808 0.05900198 0.04042136 0.04131036 0.04056012 0.06282877 0.04080808 0.05900198 0.04056012 0.06282877 0.02846115 0.06933414 0.04080808 0.05900198 0.02846115 0.06933414 0.02473342 0.06693273 0.02473342 0.06693273 0.02846115 0.06933414 0.01829731 0.05310082 0.02473342 0.06693273 0.01829731 0.05310082 0.02009636 0.04394143 0.06097561 0.739283 0.5121951 0.739283 0.06097561 0.739283 0.06097561 0.739283 0.5121951 0.739283 0.5121951 0.739283 0.05319607 0.4571995 0.06097561 0.739283 0.06097561 0.739283 0.06097561 0.1061007 0.06097561 0.1061007 0.06559997 0.3790342 0.06097561 0.1061007 0.06559997 0.3790342 0.06097561 0.739283 0.06097561 0.739283 0.06559997 0.3790342 0.05319607 0.4571995 0.06097561 0.1061007 0.5121951 0.107447 0.2595282 0.1089684 0.5121951 0.107447 0.345933 0.1054541 0.2595282 0.1089684 0.5121951 0.1082533 0.345933 0.1054541 0.5121951 0.107447 0.2595282 0.1089684 0.1991106 0.1121351 0.06097561 0.1061007 0.06097561 0.1061007 0.1991106 0.1121351 0.06097561 0.1061007 0.06097561 0.1061007 0.1991106 0.1121351 0.1007469 0.2413352 0.1007469 0.2413352 0.06559997 0.3790342 0.06097561 0.1061007 0.09506481 0.4017332 0.09536516 0.3601875 0.1115038 0.2910603 0.09506481 0.4017332 0.1115038 0.2910603 0.1120669 0.2918277 0.1120669 0.2918277 0.1115038 0.2910603 0.1346988 0.233518 0.1120669 0.2918277 0.1346988 0.233518 0.1486713 0.2180571 0.1652601 0.1932005 0.1486713 0.2180571 0.1346988 0.233518 0.1486713 0.2180571 0.1652601 0.1932005 0.200784 0.1652513 0.2091487 0.1578237 0.200784 0.1652513 0.1652601 0.1932005 0.200784 0.1652513 0.2091487 0.1578237 0.2591471 0.1391692 0.200784 0.1652513 0.2591471 0.1391692 0.2622933 0.1396915 0.2622933 0.1396915 0.2591471 0.1391692 0.2951566 0.1330617 0.2622933 0.1396915 0.2951566 0.1330617 0.3441667 0.152577 0.3341709 0.1448569 0.3441667 0.152577 0.2951566 0.1330617 0.3718446 0.1648796 0.3441667 0.152577 0.3341709 0.1448569 0.3441667 0.152577 0.3718446 0.1648796 0.4149382 0.207685 0.3441667 0.152577 0.4149382 0.207685 0.413731 0.2075338 0.413731 0.2075338 0.4149382 0.207685 0.4539535 0.2779435 0.413731 0.2075338 0.4539535 0.2779435 0.4533411 0.2785527 0.4533411 0.2785527 0.4539535 0.2779435 0.4744842 0.362011 0.4533411 0.2785527 0.4744842 0.362011 0.4739297 0.3638194 0.4739297 0.3638194 0.4744842 0.362011 0.4743912 0.4509595 0.4739297 0.3638194 0.4743912 0.4509595 0.4732435 0.4539991 0.4732435 0.4539991 0.4743912 0.4509595 0.453687 0.5349469 0.4732435 0.4539991 0.453687 0.5349469 0.4513593 0.5386256 0.4513593 0.5386256 0.453687 0.5349469 0.4145669 0.6049928 0.4513593 0.5386256 0.4145669 0.6049928 0.3953747 0.6233177 0.3614597 0.6533864 0.3953747 0.6233177 0.4145669 0.6049928 0.3953747 0.6233177 0.3614597 0.6533864 0.3226391 0.6692284 0.3103864 0.6739389 0.3226391 0.6692284 0.3614597 0.6533864 0.3226391 0.6692284 0.3103864 0.6739389 0.2586716 0.6729298 0.3226391 0.6692284 0.2586716 0.6729298 0.258312 0.6717948 0.258312 0.6717948 0.2586716 0.6729298 0.1990699 0.6481903 0.258312 0.6717948 0.1990699 0.6481903 0.1972005 0.6444138 0.1972005 0.6444138 0.1990699 0.6481903 0.1471706 0.5934907 0.1972005 0.6444138 0.1471706 0.5934907 0.1458849 0.5900651 0.1458849 0.5900651 0.1471706 0.5934907 0.1112757 0.5204593 0.1458849 0.5900651 0.1112757 0.5204593 0.1103695 0.5151029 0.1103695 0.5151029 0.1112757 0.5204593 0.09424889 0.4354851 0.1103695 0.5151029 0.09424889 0.4354851 0.09506481 0.4017332 0.09506481 0.4017332 0.09424889 0.4354851 0.09536516 0.3601875 0.2854998 0.5806965 0.258312 0.6717948 0.2366284 0.5669392 0.2366284 0.5669392 0.258312 0.6717948 0.1972005 0.6444138 0.2366284 0.5669392 0.1972005 0.6444138 0.1938511 0.5248295 0.1938511 0.5248295 0.1972005 0.6444138 0.1458849 0.5900651 0.3564862 0.2630758 0.413731 0.2075338 0.3973236 0.3347315 0.3973236 0.3347315 0.413731 0.2075338 0.4533411 0.2785527 0.1938511 0.5248295 0.1458849 0.5900651 0.1103695 0.5151029 0.1938511 0.5248295 0.1103695 0.5151029 0.1647506 0.4431411 0.1647506 0.4431411 0.1103695 0.5151029 0.09506481 0.4017332 0.1647506 0.4431411 0.09506481 0.4017332 0.1666333 0.3526994 0.4533411 0.2785527 0.4739297 0.3638194 0.3973236 0.3347315 0.3973236 0.3347315 0.4739297 0.3638194 0.4088892 0.4235426 0.4088892 0.4235426 0.4739297 0.3638194 0.4732435 0.4539991 0.4088892 0.4235426 0.4732435 0.4539991 0.393966 0.4906607 0.393966 0.4906607 0.4732435 0.4539991 0.4513593 0.5386256 0.393966 0.4906607 0.4513593 0.5386256 0.3475871 0.5551297 0.2464579 0.2419158 0.2622933 0.1396915 0.3104668 0.2351731 0.3104668 0.2351731 0.2622933 0.1396915 0.3441667 0.152577 0.3104668 0.2351731 0.3441667 0.152577 0.3564862 0.2630758 0.3564862 0.2630758 0.3441667 0.152577 0.413731 0.2075338 0.09506481 0.4017332 0.1120669 0.2918277 0.1666333 0.3526994 0.1666333 0.3526994 0.1120669 0.2918277 0.19132 0.2913176 0.19132 0.2913176 0.1120669 0.2918277 0.1486713 0.2180571 0.19132 0.2913176 0.1486713 0.2180571 0.2464579 0.2419158 0.2464579 0.2419158 0.1486713 0.2180571 0.200784 0.1652513 0.2464579 0.2419158 0.200784 0.1652513 0.2622933 0.1396915 0.4513593 0.5386256 0.3953747 0.6233177 0.3475871 0.5551297 0.3475871 0.5551297 0.3953747 0.6233177 0.3226391 0.6692284 0.3475871 0.5551297 0.3226391 0.6692284 0.2854998 0.5806965 0.2854998 0.5806965 0.3226391 0.6692284 0.258312 0.6717948 0.393966 0.4906607 0.396066 0.4787125 0.4078909 0.4293611 0.393966 0.4906607 0.4078909 0.4293611 0.4088892 0.4235426 0.396066 0.4787125 0.393966 0.4906607 0.3717471 0.5293043 0.3717471 0.5293043 0.393966 0.4906607 0.3475871 0.5551297 0.3475871 0.5551297 0.3270298 0.5688537 0.3717471 0.5293043 0.3270298 0.5688537 0.3475871 0.5551297 0.2854998 0.5806965 0.3270298 0.5688537 0.2854998 0.5806965 0.2817645 0.5799092 0.2817645 0.5799092 0.2854998 0.5806965 0.2366284 0.5669392 0.2817645 0.5799092 0.2366284 0.5669392 0.2520686 0.5711291 0.1938511 0.5248295 0.2003502 0.5301246 0.2254479 0.5554189 0.1938511 0.5248295 0.2254479 0.5554189 0.2366284 0.5669392 0.2366284 0.5669392 0.2254479 0.5554189 0.2520686 0.5711291 0.2003502 0.5301246 0.1938511 0.5248295 0.1742237 0.4819324 0.1742237 0.4819324 0.1938511 0.5248295 0.1647506 0.4431411 0.1647506 0.4431411 0.1617065 0.4213103 0.1742237 0.4819324 0.1666333 0.3526994 0.168422 0.3540818 0.1647506 0.4431411 0.1647506 0.4431411 0.168422 0.3540818 0.1617065 0.4213103 0.19132 0.2913176 0.1933537 0.2903438 0.168422 0.3540818 0.19132 0.2913176 0.168422 0.3540818 0.1666333 0.3526994 0.1933537 0.2903438 0.19132 0.2913176 0.2464579 0.2419158 0.1933537 0.2903438 0.2464579 0.2419158 0.2280067 0.2517658 0.2464579 0.2419158 0.2612138 0.235498 0.2280067 0.2517658 0.2612138 0.235498 0.2464579 0.2419158 0.3092854 0.2376972 0.3092854 0.2376972 0.2464579 0.2419158 0.3104668 0.2351731 0.3092854 0.2376972 0.3104668 0.2351731 0.3564862 0.2630758 0.3092854 0.2376972 0.3564862 0.2630758 0.3580567 0.2682054 0.3973236 0.3347315 0.3871182 0.3111079 0.3580567 0.2682054 0.3973236 0.3347315 0.3580567 0.2682054 0.3564862 0.2630758 0.3871182 0.3111079 0.3973236 0.3347315 0.403623 0.363419 0.4088892 0.4235426 0.4078909 0.4293611 0.403623 0.363419 0.4088892 0.4235426 0.403623 0.363419 0.3973236 0.3347315 0.3350796 0.2958223 0.2243488 0.5046862 0.1873407 0.4345306 0.3350796 0.2958223 0.3323484 0.5253323 0.2243488 0.5046862 0.3350796 0.2958223 0.3749287 0.4396157 0.3323484 0.5253323 0.3728617 0.3522405 0.3749287 0.4396157 0.3350796 0.2958223 0.2181265 0.3101497 0.2821673 0.2730557 0.3350796 0.2958223 0.1873407 0.4345306 0.2181265 0.3101497 0.3350796 0.2958223 0.1617065 0.4213103 0.1708058 0.4413926 0.1742237 0.4819324 0.2817645 0.5799092 0.3043299 0.5688642 0.3270298 0.5688537 0.3394448 0.5515335 0.3323484 0.5253323 0.3669754 0.5234135 0.3270298 0.5688537 0.3394448 0.5515335 0.3717471 0.5293043 0.4078909 0.4293611 0.4021746 0.4211472 0.403623 0.363419 0.3925772 0.3796408 0.3728617 0.3522405 0.3773664 0.3212842 0.3925772 0.3796408 0.3773664 0.3212842 0.403623 0.363419 0.403623 0.363419 0.3773664 0.3212842 0.3871182 0.3111079 0.2821673 0.2730557 0.2181265 0.3101497 0.2572448 0.2542513 0.2572448 0.2542513 0.2318607 0.2598724 0.2612138 0.235498 0.2612138 0.235498 0.2318607 0.2598724 0.2280067 0.2517658 0.1719367 0.39386 0.1873407 0.4345306 0.1708058 0.4413926 0.1719367 0.39386 0.1708058 0.4413926 0.1617065 0.4213103 0.1828918 0.4860907 0.1742237 0.4819324 0.1708058 0.4413926 0.1828918 0.4860907 0.1708058 0.4413926 0.1873407 0.4345306 0.1873407 0.4345306 0.2243488 0.5046862 0.2107487 0.5193129 0.1873407 0.4345306 0.2107487 0.5193129 0.1828918 0.4860907 0.2003502 0.5301246 0.1742237 0.4819324 0.1828918 0.4860907 0.2003502 0.5301246 0.1828918 0.4860907 0.2107487 0.5193129 0.2003502 0.5301246 0.2107487 0.5193129 0.2254479 0.5554189 0.25694 0.5550077 0.2254479 0.5554189 0.2107487 0.5193129 0.25694 0.5550077 0.2107487 0.5193129 0.2243488 0.5046862 0.2520686 0.5711291 0.2254479 0.5554189 0.25694 0.5550077 0.2863163 0.5492017 0.25694 0.5550077 0.2243488 0.5046862 0.3043299 0.5688642 0.2817645 0.5799092 0.2520686 0.5711291 0.3043299 0.5688642 0.2520686 0.5711291 0.25694 0.5550077 0.3043299 0.5688642 0.25694 0.5550077 0.2863163 0.5492017 0.3323484 0.5253323 0.2863163 0.5492017 0.2243488 0.5046862 0.3394448 0.5515335 0.3043299 0.5688642 0.3323484 0.5253323 0.3323484 0.5253323 0.3043299 0.5688642 0.2863163 0.5492017 0.3043299 0.5688642 0.3394448 0.5515335 0.3270298 0.5688537 0.3669754 0.5234135 0.3717471 0.5293043 0.3394448 0.5515335 0.3791608 0.482521 0.3669754 0.5234135 0.3323484 0.5253323 0.396066 0.4787125 0.3717471 0.5293043 0.3669754 0.5234135 0.396066 0.4787125 0.3669754 0.5234135 0.3791608 0.482521 0.3749287 0.4396157 0.3791608 0.482521 0.3323484 0.5253323 0.3791608 0.482521 0.4021746 0.4211472 0.396066 0.4787125 0.396066 0.4787125 0.4021746 0.4211472 0.4078909 0.4293611 0.3925772 0.3796408 0.4021746 0.4211472 0.3791608 0.482521 0.3925772 0.3796408 0.3791608 0.482521 0.3749287 0.4396157 0.403623 0.363419 0.4021746 0.4211472 0.3925772 0.3796408 0.3728617 0.3522405 0.3925772 0.3796408 0.3749287 0.4396157 0.3728617 0.3522405 0.3350796 0.2958223 0.3773664 0.3212842 0.3773664 0.3212842 0.3350796 0.2958223 0.3447675 0.2724999 0.3773664 0.3212842 0.3447675 0.2724999 0.3871182 0.3111079 0.3871182 0.3111079 0.3447675 0.2724999 0.3580567 0.2682054 0.311985 0.2598568 0.3447675 0.2724999 0.3350796 0.2958223 0.3447675 0.2724999 0.3092854 0.2376972 0.3580567 0.2682054 0.311985 0.2598568 0.3092854 0.2376972 0.3447675 0.2724999 0.2821673 0.2730557 0.311985 0.2598568 0.3350796 0.2958223 0.281188 0.2419707 0.3092854 0.2376972 0.311985 0.2598568 0.2612138 0.235498 0.3092854 0.2376972 0.281188 0.2419707 0.2572448 0.2542513 0.281188 0.2419707 0.311985 0.2598568 0.2572448 0.2542513 0.311985 0.2598568 0.2821673 0.2730557 0.281188 0.2419707 0.2572448 0.2542513 0.2612138 0.235498 0.2181265 0.3101497 0.2318607 0.2598724 0.2572448 0.2542513 0.2318607 0.2598724 0.2181265 0.3101497 0.2041135 0.287568 0.2318607 0.2598724 0.2041135 0.287568 0.2280067 0.2517658 0.2280067 0.2517658 0.2041135 0.287568 0.1933537 0.2903438 0.188201 0.3314152 0.2041135 0.287568 0.2181265 0.3101497 0.188201 0.3314152 0.1933537 0.2903438 0.2041135 0.287568 0.188201 0.3314152 0.168422 0.3540818 0.1933537 0.2903438 0.1719367 0.39386 0.168422 0.3540818 0.188201 0.3314152 0.1719367 0.39386 0.188201 0.3314152 0.1873407 0.4345306 0.1873407 0.4345306 0.188201 0.3314152 0.2181265 0.3101497 0.168422 0.3540818 0.1719367 0.39386 0.1617065 0.4213103 0.3755886 0.1519074 0.3240618 0.1269768 0.345933 0.1054541 0.3240618 0.1269768 0.2595282 0.1089684 0.345933 0.1054541 0.2591471 0.1391692 0.2564284 0.1300145 0.2951566 0.1330617 0.2951566 0.1330617 0.3240618 0.1269768 0.3341709 0.1448569 0.3341709 0.1448569 0.3240618 0.1269768 0.3755886 0.1519074 0.3341709 0.1448569 0.3755886 0.1519074 0.3718446 0.1648796 0.3718446 0.1648796 0.3755886 0.1519074 0.4172497 0.200909 0.3718446 0.1648796 0.4172497 0.200909 0.4149382 0.207685 0.4149382 0.207685 0.4172497 0.200909 0.4592761 0.2715893 0.4149382 0.207685 0.4592761 0.2715893 0.4539535 0.2779435 0.4539535 0.2779435 0.4592761 0.2715893 0.4793826 0.321868 0.4539535 0.2779435 0.4793826 0.321868 0.4744842 0.362011 0.4744842 0.362011 0.4793826 0.321868 0.4839226 0.3988835 0.4744842 0.362011 0.4839226 0.3988835 0.4743912 0.4509595 0.4743912 0.4509595 0.4839226 0.3988835 0.4752765 0.4813078 0.4743912 0.4509595 0.4752765 0.4813078 0.453687 0.5349469 0.453687 0.5349469 0.4752765 0.4813078 0.4620471 0.5454345 0.453687 0.5349469 0.4620471 0.5454345 0.419564 0.6142078 0.453687 0.5349469 0.419564 0.6142078 0.4145669 0.6049928 0.4145669 0.6049928 0.419564 0.6142078 0.3755043 0.6555348 0.4145669 0.6049928 0.3755043 0.6555348 0.3614597 0.6533864 0.3614597 0.6533864 0.3755043 0.6555348 0.3240265 0.6798599 0.3614597 0.6533864 0.3240265 0.6798599 0.3103864 0.6739389 0.3103864 0.6739389 0.3240265 0.6798599 0.2585269 0.6827151 0.3103864 0.6739389 0.2585269 0.6827151 0.2586716 0.6729298 0.2586716 0.6729298 0.2585269 0.6827151 0.1990699 0.6481903 0.1990699 0.6481903 0.1673007 0.6319389 0.1471706 0.5934907 0.1471706 0.5934907 0.1673007 0.6319389 0.1285832 0.5783874 0.1471706 0.5934907 0.1285832 0.5783874 0.1112757 0.5204593 0.1112757 0.5204593 0.1285832 0.5783874 0.09783786 0.5140135 0.1112757 0.5204593 0.09783786 0.5140135 0.08845478 0.4528053 0.1112757 0.5204593 0.08845478 0.4528053 0.09424889 0.4354851 0.09424889 0.4354851 0.08845478 0.4528053 0.08594655 0.3913228 0.09424889 0.4354851 0.08594655 0.3913228 0.09536516 0.3601875 0.09536516 0.3601875 0.08594655 0.3913228 0.0966733 0.3165241 0.09536516 0.3601875 0.0966733 0.3165241 0.1115038 0.2910603 0.1115038 0.2910603 0.0966733 0.3165241 0.1214631 0.234994 0.1115038 0.2910603 0.1214631 0.234994 0.1346988 0.233518 0.1652601 0.1932005 0.2045814 0.1500438 0.2091487 0.1578237 0.2091487 0.1578237 0.2045814 0.1500438 0.2564284 0.1300145 0.2091487 0.1578237 0.2564284 0.1300145 0.2591471 0.1391692 0.2951566 0.1330617 0.2564284 0.1300145 0.3240618 0.1269768 0.4172497 0.200909 0.4433889 0.2214645 0.4592761 0.2715893 0.2585269 0.6827151 0.202965 0.6714009 0.1990699 0.6481903 0.1990699 0.6481903 0.202965 0.6714009 0.1673007 0.6319389 0.1346988 0.233518 0.1214631 0.234994 0.1537779 0.1712932 0.1346988 0.233518 0.1537779 0.1712932 0.1652601 0.1932005 0.1652601 0.1932005 0.1537779 0.1712932 0.2046234 0.1404223 0.1652601 0.1932005 0.2046234 0.1404223 0.2045814 0.1500438 0.2045814 0.1500438 0.2046234 0.1404223 0.2564284 0.1300145 0.2564284 0.1300145 0.2595282 0.1089684 0.3240618 0.1269768 0.4172497 0.200909 0.3755886 0.1519074 0.4433889 0.2214645 0.4592761 0.2715893 0.4433889 0.2214645 0.4793826 0.321868 0.4839226 0.3988835 0.4793826 0.321868 0.498274 0.4293147 0.4839226 0.3988835 0.498274 0.4293147 0.4788978 0.5419955 0.4839226 0.3988835 0.4788978 0.5419955 0.4752765 0.4813078 0.4752765 0.4813078 0.4788978 0.5419955 0.4620471 0.5454345 0.4620471 0.5454345 0.4150142 0.6488482 0.419564 0.6142078 0.3755043 0.6555348 0.419564 0.6142078 0.3450939 0.6953979 0.3755043 0.6555348 0.3450939 0.6953979 0.3240265 0.6798599 0.3240265 0.6798599 0.3450939 0.6953979 0.2696973 0.7076199 0.3240265 0.6798599 0.2696973 0.7076199 0.2585269 0.6827151 0.2585269 0.6827151 0.2696973 0.7076199 0.202965 0.6714009 0.202965 0.6714009 0.1413527 0.6273596 0.1673007 0.6319389 0.1673007 0.6319389 0.1413527 0.6273596 0.1285832 0.5783874 0.1285832 0.5783874 0.1413527 0.6273596 0.09783786 0.5140135 0.08845478 0.4528053 0.09783786 0.5140135 0.06559997 0.3790342 0.08845478 0.4528053 0.06559997 0.3790342 0.08594655 0.3913228 0.08594655 0.3913228 0.06559997 0.3790342 0.07487297 0.3338902 0.08594655 0.3913228 0.07487297 0.3338902 0.0966733 0.3165241 0.0966733 0.3165241 0.07487297 0.3338902 0.1007469 0.2413352 0.0966733 0.3165241 0.1007469 0.2413352 0.1214631 0.234994 0.3755886 0.1519074 0.345933 0.1054541 0.4211861 0.168255 0.3755886 0.1519074 0.4211861 0.168255 0.4433889 0.2214645 0.4433889 0.2214645 0.4211861 0.168255 0.4845006 0.2879549 0.4433889 0.2214645 0.4845006 0.2879549 0.4793826 0.321868 0.4793826 0.321868 0.4845006 0.2879549 0.498274 0.4293147 0.4620471 0.5454345 0.4788978 0.5419955 0.4150142 0.6488482 0.419564 0.6142078 0.4150142 0.6488482 0.3450939 0.6953979 0.2696973 0.7076199 0.1776825 0.6777577 0.202965 0.6714009 0.202965 0.6714009 0.1776825 0.6777577 0.1413527 0.6273596 0.1413527 0.6273596 0.09627753 0.5669443 0.09783786 0.5140135 0.09783786 0.5140135 0.09627753 0.5669443 0.05319607 0.4571995 0.09783786 0.5140135 0.05319607 0.4571995 0.06559997 0.3790342 0.1214631 0.234994 0.1007469 0.2413352 0.1537779 0.1712932 0.2046234 0.1404223 0.1537779 0.1712932 0.2595282 0.1089684 0.09627753 0.5669443 0.1413527 0.6273596 0.1776825 0.6777577 0.509969 0.4680867 0.4788978 0.5419955 0.498274 0.4293147 0.345933 0.1054541 0.4351689 0.1694822 0.4211861 0.168255 0.4211861 0.168255 0.4351689 0.1694822 0.4845006 0.2879549 0.4845006 0.2879549 0.4351689 0.1694822 0.5094723 0.3329857 0.4845006 0.2879549 0.5094723 0.3329857 0.498274 0.4293147 0.498274 0.4293147 0.5094723 0.3329857 0.509969 0.4680867 0.07487297 0.3338902 0.06559997 0.3790342 0.1007469 0.2413352 0.1537779 0.1712932 0.1007469 0.2413352 0.1991106 0.1121351 0.1537779 0.1712932 0.1991106 0.1121351 0.2595282 0.1089684 0.2046234 0.1404223 0.2595282 0.1089684 0.2564284 0.1300145 0.5121951 0.1082533 0.5121951 0.107447 0.9580244 0.1121588 0.9580244 0.1121588 0.5121951 0.107447 0.9580245 0.1121588 0.9580244 0.1290494 0.9580244 0.1121588 0.9580245 0.1290494 0.9580245 0.1290494 0.9580244 0.1121588 0.9580245 0.1121588 0.5121951 0.1406064 0.5121951 0.1290494 0.9580245 0.1290494 0.9580245 0.1290494 0.5121951 0.1290494 0.9580244 0.1290494 0.9580244 0.1121588 0.9580244 0.1290494 0.5121951 0.1082533 0.5121951 0.1082533 0.9580244 0.1290494 0.5121951 0.1290494 0.5121951 0.1576452 0.5121951 0.1406064 0.9580244 0.1463848 0.9580244 0.1463848 0.5121951 0.1406064 0.9580245 0.1463848 0.9580244 0.1632754 0.9580244 0.1463848 0.9580245 0.1632754 0.9580245 0.1632754 0.9580244 0.1463848 0.9580245 0.1463848 0.5121951 0.1748324 0.5121951 0.1576452 0.9580245 0.1632754 0.9580245 0.1632754 0.5121951 0.1576452 0.9580244 0.1632754 0.9580244 0.1463848 0.9580244 0.1632754 0.5121951 0.1576452 0.5121951 0.1918713 0.5121951 0.1748324 0.9580244 0.1806109 0.9580244 0.1806109 0.5121951 0.1748324 0.9580245 0.1806109 0.9580244 0.1975015 0.9580244 0.1806109 0.9580245 0.1975015 0.9580245 0.1975015 0.9580244 0.1806109 0.9580245 0.1806109 0.5121951 0.2090585 0.5121951 0.1918713 0.9580245 0.1975015 0.9580245 0.1975015 0.5121951 0.1918713 0.9580244 0.1975015 0.9580244 0.1806109 0.9580244 0.1975015 0.5121951 0.1918713 0.5121951 0.2260974 0.5121951 0.2090585 0.9580244 0.214837 0.9580244 0.214837 0.5121951 0.2090585 0.9580245 0.214837 0.9580244 0.2317276 0.9580244 0.214837 0.9580245 0.2317276 0.9580245 0.2317276 0.9580244 0.214837 0.9580245 0.214837 0.5121951 0.2432845 0.5121951 0.2260974 0.9580245 0.2317276 0.9580245 0.2317276 0.5121951 0.2260974 0.9580244 0.2317276 0.9580244 0.214837 0.9580244 0.2317276 0.5121951 0.2260974 0.5121951 0.2603235 0.5121951 0.2432845 0.9580244 0.249063 0.9580244 0.249063 0.5121951 0.2432845 0.9580245 0.249063 0.9580244 0.2659536 0.9580244 0.249063 0.9580245 0.2659536 0.9580245 0.2659536 0.9580244 0.249063 0.9580245 0.249063 0.5121951 0.2775107 0.5121951 0.2603235 0.9580245 0.2659536 0.9580245 0.2659536 0.5121951 0.2603235 0.9580244 0.2659536 0.9580244 0.249063 0.9580244 0.2659536 0.5121951 0.2603235 0.5121951 0.2945495 0.5121951 0.2775107 0.9580244 0.2832891 0.9580244 0.2832891 0.5121951 0.2775107 0.9580245 0.2832891 0.9580244 0.3001797 0.9580244 0.2832891 0.9580245 0.3001797 0.9580245 0.3001797 0.9580244 0.2832891 0.9580245 0.2832891 0.5121951 0.3117367 0.5121951 0.2945495 0.9580245 0.3001797 0.9580245 0.3001797 0.5121951 0.2945495 0.9580244 0.3001797 0.9580244 0.2832891 0.9580244 0.3001797 0.5121951 0.2945495 0.5121951 0.3175152 0.5121951 0.3117367 0.9580244 0.3175152 0.9580244 0.3175152 0.5121951 0.3117367 0.9580245 0.3175152 0.9580244 0.3344057 0.9580244 0.3175152 0.9580245 0.3344057 0.9580245 0.3344057 0.9580244 0.3175152 0.9580245 0.3175152 0.5121951 0.3459628 0.5094723 0.3329857 0.9580245 0.3344057 0.9580245 0.3344057 0.5094723 0.3329857 0.9580244 0.3344057 0.9580244 0.3175152 0.9580244 0.3344057 0.5121951 0.3175152 0.5121951 0.3175152 0.9580244 0.3344057 0.5094723 0.3329857 0.5121951 0.3630017 0.5121951 0.3459628 0.9580244 0.3517413 0.9580244 0.3517413 0.5121951 0.3459628 0.9580245 0.3517413 0.9580244 0.3686318 0.9580244 0.3517413 0.9580245 0.3686318 0.9580245 0.3686318 0.9580244 0.3517413 0.9580245 0.3517413 0.5121951 0.3801888 0.5121951 0.3630017 0.9580245 0.3686318 0.9580245 0.3686318 0.5121951 0.3630017 0.9580244 0.3686318 0.9580244 0.3517413 0.9580244 0.3686318 0.5121951 0.3630017 0.5121951 0.3972277 0.5121951 0.3801888 0.9580244 0.3859673 0.9580244 0.3859673 0.5121951 0.3801888 0.9580245 0.3859673 0.9580244 0.4028578 0.9580244 0.3859673 0.9580245 0.4028578 0.9580245 0.4028578 0.9580244 0.3859673 0.9580245 0.3859673 0.5121951 0.4144149 0.5121951 0.3972277 0.9580245 0.4028578 0.9580245 0.4028578 0.5121951 0.3972277 0.9580244 0.4028578 0.9580244 0.3859673 0.9580244 0.4028578 0.5121951 0.3972277 0.5121951 0.4314538 0.5121951 0.4144149 0.9580244 0.4201934 0.9580244 0.4201934 0.5121951 0.4144149 0.9580245 0.4201934 0.9580244 0.4370839 0.9580244 0.4201934 0.9580245 0.4370839 0.9580245 0.4370839 0.9580244 0.4201934 0.9580245 0.4201934 0.5121951 0.448641 0.5121951 0.4314538 0.9580245 0.4370839 0.9580245 0.4370839 0.5121951 0.4314538 0.9580244 0.4370839 0.9580244 0.4201934 0.9580244 0.4370839 0.5121951 0.4314538 0.5121951 0.4544194 0.5121951 0.448641 0.9580244 0.4544194 0.9580244 0.4544194 0.5121951 0.448641 0.9580245 0.4544194 0.9580244 0.47131 0.9580244 0.4544194 0.9580245 0.47131 0.9580245 0.47131 0.9580244 0.4544194 0.9580245 0.4544194 0.5121951 0.482867 0.509969 0.4680867 0.9580245 0.47131 0.9580245 0.47131 0.509969 0.4680867 0.9580244 0.47131 0.9580244 0.4544194 0.9580244 0.47131 0.5121951 0.4544194 0.5121951 0.4544194 0.9580244 0.47131 0.509969 0.4680867 0.5121951 0.4999059 0.5121951 0.482867 0.9580244 0.4886455 0.9580244 0.4886455 0.5121951 0.482867 0.9580245 0.4886455 0.9580244 0.5055361 0.9580244 0.4886455 0.9580245 0.5055361 0.9580245 0.5055361 0.9580244 0.4886455 0.9580245 0.4886455 0.5121951 0.5170931 0.5121951 0.4999059 0.9580245 0.5055361 0.9580245 0.5055361 0.5121951 0.4999059 0.9580244 0.5055361 0.9580244 0.4886455 0.9580244 0.5055361 0.5121951 0.4999059 0.5121951 0.534132 0.5121951 0.5170931 0.9580244 0.5228716 0.9580244 0.5228716 0.5121951 0.5170931 0.9580245 0.5228716 0.9580244 0.5397621 0.9580244 0.5228716 0.9580245 0.5397621 0.9580245 0.5397621 0.9580244 0.5228716 0.9580245 0.5228716 0.5121951 0.5513192 0.5121951 0.534132 0.9580245 0.5397621 0.9580245 0.5397621 0.5121951 0.534132 0.9580244 0.5397621 0.9580244 0.5228716 0.9580244 0.5397621 0.5121951 0.534132 0.5121951 0.568358 0.5121951 0.5513192 0.9580244 0.5570976 0.9580244 0.5570976 0.5121951 0.5513192 0.9580245 0.5570976 0.9580244 0.5739882 0.9580244 0.5570976 0.9580245 0.5739882 0.9580245 0.5739882 0.9580244 0.5570976 0.9580245 0.5570976 0.5121951 0.5855453 0.5121951 0.568358 0.9580245 0.5739882 0.9580245 0.5739882 0.5121951 0.568358 0.9580244 0.5739882 0.9580244 0.5570976 0.9580244 0.5739882 0.5121951 0.568358 0.5121951 0.6025841 0.5121951 0.5855453 0.9580244 0.5913237 0.9580244 0.5913237 0.5121951 0.5855453 0.9580245 0.5913237 0.9580244 0.6082143 0.9580244 0.5913237 0.9580245 0.6082143 0.9580245 0.6082143 0.9580244 0.5913237 0.9580245 0.5913237 0.5121951 0.6197713 0.5121951 0.6025841 0.9580245 0.6082143 0.9580245 0.6082143 0.5121951 0.6025841 0.9580244 0.6082143 0.9580244 0.5913237 0.9580244 0.6082143 0.5121951 0.6025841 0.5121951 0.6368102 0.5121951 0.6197713 0.9580244 0.6255497 0.9580244 0.6255497 0.5121951 0.6197713 0.9580245 0.6255497 0.9580244 0.6424403 0.9580244 0.6255497 0.9580245 0.6424403 0.9580245 0.6424403 0.9580244 0.6255497 0.9580245 0.6255497 0.5121951 0.6539973 0.5121951 0.6368102 0.9580245 0.6424403 0.9580245 0.6424403 0.5121951 0.6368102 0.9580244 0.6424403 0.9580244 0.6255497 0.9580244 0.6424403 0.5121951 0.6368102 0.5121951 0.6710363 0.5121951 0.6539973 0.9580244 0.6597758 0.9580244 0.6597758 0.5121951 0.6539973 0.9580245 0.6597758 0.9580244 0.6766664 0.9580244 0.6597758 0.9580245 0.6766664 0.9580245 0.6766664 0.9580244 0.6597758 0.9580245 0.6597758 0.5121951 0.6882234 0.5121951 0.6710363 0.9580245 0.6766664 0.9580245 0.6766664 0.5121951 0.6710363 0.9580244 0.6766664 0.9580244 0.6597758 0.9580244 0.6766664 0.5121951 0.6710363 0.5121951 0.7052623 0.5121951 0.6882234 0.9580244 0.6940019 0.9580244 0.6940019 0.5121951 0.6882234 0.9580245 0.6940019 0.9580244 0.7108924 0.9580244 0.6940019 0.9580245 0.7108924 0.9580245 0.7108924 0.9580244 0.6940019 0.9580245 0.6940019 0.5121951 0.7108924 0.5121951 0.7052623 0.9580245 0.7108924 0.9580245 0.7108924 0.5121951 0.7052623 0.9580244 0.7108924 0.9580244 0.6940019 0.9580244 0.7108924 0.5121951 0.7052623 0.8427317 0.9668863 0.848372 0.9962351 0.9825976 0.9668863 0.9825976 0.9668863 0.848372 0.9962351 0.9761025 0.9962351 0.9761025 0.9962351 0.9825976 0.9962351 0.9825976 0.9668863 0.9825976 0.9668863 0.9825976 0.9962351 0.9825976 0.767451 0.9825976 0.9668863 0.9825976 0.767451 0.9825976 0.767451 0.9722073 0.9962351 0.9825976 0.9962351 0.9761025 0.9962351 0.8540122 0.9962351 0.848372 0.9962351 0.8427317 0.9962351 0.8540122 0.9962351 0.8427317 0.9962351 0.9722073 0.9962351 0.9722073 0.9962351 0.8427317 0.9962351 0.9825976 0.9962351 0.8427317 0.767451 0.8427317 0.767451 0.8427317 0.9962351 0.8427317 0.767451 0.8427317 0.9962351 0.8427317 0.9668863 0.8427317 0.9668863 0.8427317 0.9962351 0.848372 0.9962351 0.9825976 0.767451 0.9825976 0.767451 0.8427317 0.767451 0.8427317 0.767451 0.9825976 0.767451 0.8427317 0.767451 0.8427317 0.9962351 0.8427317 0.767451 0.9825976 0.9962351 0.9825976 0.9962351 0.8427317 0.767451 0.9825976 0.767451 0.01739019 0.9668863 0.01739019 0.9962351 0.1572682 0.9668863 0.1572682 0.9668863 0.01739019 0.9962351 0.1572682 0.9962351 0.01739019 0.767451 0.01739019 0.767451 0.01739019 0.9668863 0.01739019 0.9668863 0.01739019 0.767451 0.01739019 0.9962351 0.01739019 0.9668863 0.01739019 0.9962351 0.01739019 0.9962351 0.1572682 0.767451 0.01739019 0.767451 0.1572682 0.767451 0.1572682 0.767451 0.01739019 0.767451 0.01739019 0.767451 0.1572682 0.9962351 0.1572682 0.9962351 0.1572682 0.9668863 0.1572682 0.9668863 0.1572682 0.9962351 0.1572682 0.767451 0.1572682 0.9668863 0.1572682 0.767451 0.1572682 0.767451 0.02543902 0.9962351 0.01739019 0.9962351 0.1448536 0.9962351 0.1448536 0.9962351 0.01739019 0.9962351 0.1572682 0.9962351 0.1448536 0.9962351 0.1572682 0.9962351 0.1448536 0.9962351 0.1448536 0.9962351 0.1572682 0.9962351 0.1572682 0.9962351 0.1448536 0.9962351 0.1572682 0.9962351 0.02543902 0.9962351 0.02543902 0.9962351 0.1572682 0.9962351 0.01739019 0.9962351 0.02543902 0.9962351 0.01739019 0.9962351 0.02543902 0.9962351 0.02543902 0.9962351 0.01739019 0.9962351 0.01739019 0.9962351 0.1572682 0.767451 0.1572682 0.9962351 0.01739019 0.767451 0.01739019 0.767451 0.1572682 0.9962351 0.01739019 0.9962351 0.2462804 0.7669376 0.422561 0.7669376 0.2462804 0.7669376 0.2462804 0.7669376 0.422561 0.7669376 0.422561 0.7669376 0.2462804 1 0.2462804 0.7669376 0.2462804 0.7669376 0.2462804 0.7669376 0.2462804 0.9668863 0.2462804 1 0.2462804 1 0.2462804 0.9668863 0.2462804 0.9668863 0.2462804 1 0.2462804 0.9668863 0.2462804 1 0.2462804 1 0.2462804 0.9668863 0.2462804 0.7669377 0.2462804 1 0.2462804 0.7669377 0.2462804 0.7669376 0.2462804 1 0.2602348 0.9975723 0.2462804 1 0.2462804 1 0.2602348 0.9975723 0.2900854 0.9987451 0.2462804 1 0.2900854 0.9987451 0.2900854 0.9974901 0.2900854 0.9974901 0.3003293 0.9980883 0.2462804 1 0.2462804 1 0.3003293 0.9980883 0.3003293 1 0.2462804 1 0.3003293 1 0.422561 1 0.3003293 1 0.3688659 1 0.422561 1 0.422561 1 0.3688659 1 0.3688659 0.9977411 0.422561 1 0.3688659 0.9977411 0.3791098 0.9977411 0.3791098 0.9977411 0.3791097 0.9981176 0.422561 1 0.422561 1 0.3791097 0.9981176 0.4115154 0.9987992 0.422561 1 0.4115154 0.9987992 0.422561 1 0.422561 1 0.4115154 0.9987992 0.4133902 1 0.422561 1 0.4133902 1 0.2462804 1 0.2462804 1 0.4133902 1 0.254439 1 0.2462804 1 0.254439 1 0.2602348 0.9975723 0.422561 0.7669376 0.422561 0.7669376 0.422561 0.9668863 0.422561 0.9668863 0.422561 0.7669376 0.422561 1 0.422561 0.9668863 0.422561 1 0.422561 0.9668863 0.422561 0.9668863 0.422561 1 0.422561 1 0.422561 0.9668863 0.422561 1 0.422561 0.7669377 0.422561 0.7669377 0.422561 1 0.422561 0.7669376 0.422561 0.7669377 0.422561 0.7669376 0.2462804 0.7669377 0.2462804 0.7669377 0.422561 0.7669376 0.2462804 0.7669376 0.422561 1 0.422561 0.7669376 0.2462804 1 0.2462804 1 0.422561 0.7669376 0.2462804 0.7669376 0.422561 0.7669376 0.422561 1 0.2462804 0.7669376 0.2462804 0.7669376 0.422561 1 0.2462804 1 0.6772927 0.9668863 0.6772927 0.9976042 0.7730732 0.9668863 0.7730732 0.9668863 0.6772927 0.9976042 0.7730732 0.9976042 0.7730732 0.8360229 0.7730732 0.8360229 0.7730732 0.9976042 0.7730732 0.9976042 0.7730732 0.8360229 0.7730732 0.9668863 0.7730732 0.9976042 0.7730732 0.9668863 0.7730732 0.9976042 0.7612153 0.9969764 0.7730732 0.9976042 0.7615579 0.9969313 0.7615579 0.9969313 0.7730732 0.9976042 0.7730732 0.9976042 0.7615579 0.9969313 0.7730732 0.9976042 0.6904301 0.9969501 0.6904301 0.9969501 0.7730732 0.9976042 0.6772927 0.9976042 0.6904301 0.9969501 0.6772927 0.9976042 0.6900794 0.9966189 0.6900794 0.9966189 0.6772927 0.9976042 0.6772927 0.9976042 0.6900794 0.9966189 0.6772927 0.9976042 0.7612153 0.9969764 0.7612153 0.9969764 0.6772927 0.9976042 0.7730732 0.9976042 0.6772927 0.8360229 0.6772927 0.8360229 0.6772927 0.9668863 0.6772927 0.9668863 0.6772927 0.8360229 0.6772927 0.9976042 0.6772927 0.9668863 0.6772927 0.9976042 0.6772927 0.9976042 0.7730732 0.8360229 0.6772927 0.8360229 0.7730732 0.8360229 0.7730732 0.8360229 0.6772927 0.8360229 0.6772927 0.8360229 0.6772927 0.9976042 0.6772927 0.8360229 0.7730732 0.9976042 0.7730732 0.9976042 0.6772927 0.8360229 0.7730732 0.8360229 0.4561829 0.9668863 0.4561829 0.9990246 0.6294025 0.9668863 0.6294025 0.9668863 0.4561829 0.9990246 0.6294025 0.9990246 0.6294025 0.9990246 0.6294025 0.9990246 0.6294025 0.9668863 0.6294025 0.9668863 0.6294025 0.9990246 0.6294025 0.8288697 0.6294025 0.9668863 0.6294025 0.8288697 0.6294025 0.8288697 0.6121535 0.9976684 0.6294025 0.9990246 0.6128187 0.9977675 0.6128187 0.9977675 0.6294025 0.9990246 0.6294025 0.9990246 0.6128187 0.9977675 0.6294025 0.9990246 0.4715135 0.9976735 0.4715135 0.9976735 0.6294025 0.9990246 0.4561829 0.9990246 0.4715135 0.9976735 0.4561829 0.9990246 0.4706065 0.9977976 0.4706065 0.9977976 0.4561829 0.9990246 0.4561829 0.9990246 0.4706065 0.9977976 0.4561829 0.9990246 0.6121535 0.9976684 0.6121535 0.9976684 0.4561829 0.9990246 0.6294025 0.9990246 0.4561829 0.8288697 0.4561829 0.8288697 0.4561829 0.9668863 0.4561829 0.9668863 0.4561829 0.8288697 0.4561829 0.9990246 0.4561829 0.9668863 0.4561829 0.9990246 0.4561829 0.9990246 0.6294025 0.8288697 0.4561829 0.8288697 0.6294025 0.8288697 0.6294025 0.8288697 0.4561829 0.8288697 0.4561829 0.8288697 0.4561829 0.9990246 0.4561829 0.8288697 0.6294025 0.9990246 0.6294025 0.9990246 0.4561829 0.8288697 0.6294025 0.8288697 0.02543902 0.8593309 0.02543902 0.8593309 0.02543902 0.9962351 0.02543902 0.9962351 0.02543902 0.8593309 0.02543902 0.9962351 0.02543902 0.8593309 0.1448536 0.8593309 0.02543902 0.9962351 0.02543902 0.9962351 0.1448536 0.8593309 0.1448536 0.9962351 0.1448536 0.8593309 0.1448536 0.8593309 0.1448536 0.9962351 0.1448536 0.9962351 0.1448536 0.8593309 0.1448536 0.9962351 0.1448536 0.8593309 0.02543902 0.8593309 0.1448536 0.9962351 0.1448536 0.9962351 0.02543902 0.8593309 0.02543902 0.9962351 0.1448536 0.8593309 0.1448536 0.8593309 0.02543902 0.8593309 0.02543902 0.8593309 0.1448536 0.8593309 0.02543902 0.8593309 0.8540122 0.8593309 0.8540122 0.8593309 0.8540122 0.9962351 0.8540122 0.9962351 0.8540122 0.8593309 0.848372 0.9962351 0.8540122 0.8593309 0.9722073 0.8593309 0.848372 0.9962351 0.848372 0.9962351 0.9722073 0.8593309 0.9761025 0.9962351 0.9722073 0.8593309 0.9722073 0.8593309 0.9761025 0.9962351 0.9761025 0.9962351 0.9722073 0.8593309 0.9722073 0.9962351 0.9722073 0.8593309 0.8540122 0.8593309 0.9722073 0.9962351 0.9722073 0.9962351 0.8540122 0.8593309 0.8540122 0.9962351 0.9722073 0.8593309 0.9722073 0.8593309 0.8540122 0.8593309 0.8540122 0.8593309 0.9722073 0.8593309 0.8540122 0.8593309 0.8778536 0 0.8778536 0.09150338 0.8778497 0 0.8778497 0 0.8778536 0.09150338 0.8778455 0.09150338 0.9474747 0.08678686 0.9484177 0.003812074 0.9522317 0.09150338 0.9522317 0.09150338 0.9484177 0.003812074 0.9522317 0 0.8778455 0.09150338 0.8778536 0.09150338 0.9474747 0.08678686 0.8778455 0.09150338 0.9474747 0.08678686 0.9522317 0.09150338 0.9396058 0.06590229 0.9355408 0.08301532 0.9355408 0.06590229 0.9355408 0.06590229 0.9355408 0.08301532 0.9314756 0.08301532 0.9355408 0.08301532 0.9396058 0.06590229 0.9474747 0.08678686 0.9474747 0.08678686 0.9396058 0.06590229 0.9355408 0.06590229 0.9314756 0.08301532 0.9355408 0.08301532 0.9474747 0.08678686 0.8969227 0.06590229 0.8928577 0.08301532 0.8928577 0.06590229 0.8928577 0.06590229 0.8928577 0.08301532 0.8887927 0.08301532 0.8928577 0.08301532 0.8969227 0.06590229 0.9009878 0.08301532 0.9009878 0.08301532 0.8969227 0.06590229 0.8928577 0.06590229 0.8887927 0.08301532 0.8928577 0.08301532 0.9009878 0.08301532 0.8969227 0.008556485 0.8928577 0.02566951 0.8928577 0.008556485 0.8928577 0.008556485 0.8928577 0.02566951 0.8887927 0.02566951 0.8928577 0.02566951 0.8969227 0.008556485 0.9009878 0.02566951 0.9009878 0.02566951 0.8969227 0.008556485 0.8928577 0.008556485 0.8887927 0.02566951 0.8928577 0.02566951 0.9009878 0.02566951 0.9396058 0.008556485 0.9355408 0.02566951 0.9314756 0.008556485 0.9314756 0.008556485 0.9355408 0.02566951 0.9396058 0.02566951 0.9484177 0.003812074 0.9396058 0.008556485 0.9314756 0.008556485 0.9355408 0.02566951 0.9396058 0.008556485 0.9396058 0.02566951 0.9396058 0.02566951 0.9396058 0.008556485 0.9484177 0.003812074 0.8034634 0 0.8034634 0.09150338 0.8034594 0 0.8034594 0 0.8034634 0.09150338 0.8034553 0.09150338 0.8730844 0.08678686 0.8740274 0.003812074 0.8778455 0.09150338 0.8778455 0.09150338 0.8740274 0.003812074 0.8778497 0 0.8034634 0.09150338 0.8730844 0.08678686 0.8034553 0.09150338 0.8034553 0.09150338 0.8730844 0.08678686 0.8778455 0.09150338 0.7355014 0.005028188 0.7290732 0.09150338 0.7290692 0 0.7290692 0 0.7290732 0.09150338 0.7290651 0.09150338 0.7986942 0.08678686 0.7996371 0.003812074 0.8034553 0.09150338 0.8034553 0.09150338 0.7996371 0.003812074 0.8034594 0 0.7290732 0.09150338 0.7986942 0.08678686 0.7290651 0.09150338 0.7290651 0.09150338 0.7986942 0.08678686 0.8034553 0.09150338 0.6611112 0.005028188 0.6546829 0.09150338 0.654679 0 0.654679 0 0.6546829 0.09150338 0.6546748 0.09150338 0.724304 0.08678686 0.7252469 0.003812074 0.7290651 0.09150338 0.7290651 0.09150338 0.7252469 0.003812074 0.7290692 0 0.6546829 0.09150338 0.724304 0.08678686 0.6546748 0.09150338 0.6546748 0.09150338 0.724304 0.08678686 0.7290651 0.09150338 0.586721 0.005028188 0.5802927 0.09150338 0.5802887 0 0.5802887 0 0.5802927 0.09150338 0.5802845 0.09150338 0.6499137 0.0867868 0.6508566 0.003812074 0.6546748 0.09150338 0.6546748 0.09150338 0.6508566 0.003812074 0.654679 0 0.5802927 0.09150338 0.6499137 0.0867868 0.5802845 0.09150338 0.5802845 0.09150338 0.6499137 0.0867868 0.6546748 0.09150338 0.5059024 0 0.5059024 0.09150338 0.5058984 0 0.5058984 0 0.5059024 0.09150338 0.5058943 0.09150338 0.5755235 0.0867868 0.5764663 0.003812134 0.5802845 0.09150338 0.5802845 0.09150338 0.5764663 0.003812134 0.5802887 0 0.5059024 0.09150338 0.5755235 0.0867868 0.5058943 0.09150338 0.5058943 0.09150338 0.5755235 0.0867868 0.5802845 0.09150338 0.4315122 0 0.4315122 0.09150338 0.4315082 0 0.4315082 0 0.4315122 0.09150338 0.4315041 0.09150338 0.5011332 0.08678686 0.5020762 0.003812074 0.5058943 0.09150338 0.5058943 0.09150338 0.5020762 0.003812074 0.5058984 0 0.4315122 0.09150338 0.5011332 0.08678686 0.4315041 0.09150338 0.4315041 0.09150338 0.5011332 0.08678686 0.5058943 0.09150338 0.357122 0 0.357122 0.09150338 0.3571179 0 0.3571179 0 0.357122 0.09150338 0.3571138 0.09150338 0.4267429 0.0867868 0.4276859 0.003812074 0.4315041 0.09150338 0.4315041 0.09150338 0.4276859 0.003812074 0.4315082 0 0.357122 0.09150338 0.4267429 0.0867868 0.3571138 0.09150338 0.3571138 0.09150338 0.4267429 0.0867868 0.4315041 0.09150338 0.2827317 0 0.2827317 0.09150338 0.2827277 0 0.2827277 0 0.2827317 0.09150338 0.2827236 0.09150338 0.3523527 0.0867868 0.3532956 0.003812074 0.3571138 0.09150338 0.3571138 0.09150338 0.3532956 0.003812074 0.3571179 0 0.2827317 0.09150338 0.3523527 0.0867868 0.2827236 0.09150338 0.2827236 0.09150338 0.3523527 0.0867868 0.3571138 0.09150338 0.2083414 0 0.2083414 0.09150338 0.2083414 0 0.2083414 0 0.2083414 0.09150338 0.2083414 0.09150338 0.2779625 0.0867868 0.2789054 0.003812074 0.2827236 0.09150338 0.2827236 0.09150338 0.2789054 0.003812074 0.2827277 0 0.2083414 0.09150338 0.2779625 0.0867868 0.2083414 0.09150338 0.2083414 0.09150338 0.2779625 0.0867868 0.2827236 0.09150338 0.8692805 0.07731091 0.8570854 0.07160663 0.8692805 0.06590229 0.8692805 0.06590229 0.8570854 0.07160663 0.8570854 0.07731091 0.8730844 0.08678686 0.8692805 0.07731091 0.8692805 0.06590229 0.8570854 0.07160663 0.8692805 0.07731091 0.8570854 0.07731091 0.8570854 0.07731091 0.8692805 0.07731091 0.8730844 0.08678686 0.8265976 0.07731091 0.8144025 0.07160663 0.8265976 0.06590229 0.8265976 0.06590229 0.8144025 0.07160663 0.8144025 0.07731091 0.8265976 0.08301532 0.8265976 0.07731091 0.8265976 0.06590229 0.8144025 0.07160663 0.8265976 0.07731091 0.8144025 0.07731091 0.8144025 0.07731091 0.8265976 0.07731091 0.8265976 0.08301532 0.8265976 0.01996517 0.8144025 0.01426082 0.8265976 0.008556485 0.8265976 0.008556485 0.8144025 0.01426082 0.8144025 0.01996517 0.8265976 0.02566951 0.8265976 0.01996517 0.8265976 0.008556485 0.8144025 0.01426082 0.8265976 0.01996517 0.8144025 0.01996517 0.8144025 0.01996517 0.8265976 0.01996517 0.8265976 0.02566951 0.8570854 0.008556485 0.8570854 0.01426082 0.8652155 0.02566951 0.8692806 0.01996517 0.8570854 0.01426082 0.8740274 0.003812074 0.8740274 0.003812074 0.8570854 0.01426082 0.8570854 0.008556485 0.8652155 0.02566951 0.8692806 0.01996517 0.8740274 0.003812074 0.8570854 0.01426082 0.8692806 0.01996517 0.8652155 0.02566951 0.7948902 0.07731091 0.7826951 0.07160663 0.7948902 0.06590229 0.7948902 0.06590229 0.7826951 0.07160663 0.7826951 0.07731091 0.7986942 0.08678686 0.7948902 0.07731091 0.7948902 0.06590229 0.7826951 0.07160663 0.7948902 0.07731091 0.7826951 0.07731091 0.7826951 0.07731091 0.7948902 0.07731091 0.7986942 0.08678686 0.7522073 0.07731091 0.7400122 0.07160663 0.7522073 0.06590229 0.7522073 0.06590229 0.7400122 0.07160663 0.7400122 0.07731091 0.7522073 0.08301532 0.7522073 0.07731091 0.7522073 0.06590229 0.7400122 0.07160663 0.7522073 0.07731091 0.7400122 0.07731091 0.7400122 0.07731091 0.7522073 0.07731091 0.7522073 0.08301532 0.7355014 0.005028188 0.7400122 0.01426082 0.7400122 0.02566951 0.7522073 0.01996517 0.7400122 0.01426082 0.7522073 0.01426082 0.7522073 0.01426082 0.7400122 0.01426082 0.7355014 0.005028188 0.7400122 0.01426082 0.7522073 0.01996517 0.7400122 0.02566951 0.7400122 0.02566951 0.7522073 0.01996517 0.7522073 0.01426082 0.7948902 0.01996517 0.7826951 0.01426082 0.7996371 0.003812074 0.7996371 0.003812074 0.7826951 0.01426082 0.7826951 0.01996517 0.7948902 0.02566951 0.7948902 0.01996517 0.7996371 0.003812074 0.7826951 0.01426082 0.7948902 0.01996517 0.7826951 0.01996517 0.7826951 0.01996517 0.7948902 0.01996517 0.7948902 0.02566951 0.7205 0.07731091 0.7083049 0.07160663 0.7205 0.06590229 0.7205 0.06590229 0.7083049 0.07160663 0.7083049 0.07731091 0.724304 0.08678686 0.7205 0.07731091 0.7205 0.06590229 0.7083049 0.07160663 0.7205 0.07731091 0.7083049 0.07731091 0.7083049 0.07731091 0.7205 0.07731091 0.724304 0.08678686 0.6778171 0.07731091 0.6656219 0.07160663 0.6778171 0.06590229 0.6778171 0.06590229 0.6656219 0.07160663 0.6656219 0.07731091 0.6778171 0.08301532 0.6778171 0.07731091 0.6778171 0.06590229 0.6656219 0.07160663 0.6778171 0.07731091 0.6656219 0.07731091 0.6656219 0.07731091 0.6778171 0.07731091 0.6778171 0.08301532 0.6611112 0.005028188 0.6656219 0.01426082 0.6656219 0.02566951 0.6778171 0.01996517 0.6656219 0.01426082 0.6778171 0.01426082 0.6778171 0.01426082 0.6656219 0.01426082 0.6611112 0.005028188 0.6656219 0.01426082 0.6778171 0.01996517 0.6656219 0.02566951 0.6656219 0.02566951 0.6778171 0.01996517 0.6778171 0.01426082 0.7205 0.01996517 0.7083049 0.01426082 0.7252469 0.003812074 0.7252469 0.003812074 0.7083049 0.01426082 0.7083049 0.01996517 0.7205 0.02566951 0.7205 0.01996517 0.7252469 0.003812074 0.7083049 0.01426082 0.7205 0.01996517 0.7083049 0.01996517 0.7083049 0.01996517 0.7205 0.01996517 0.7205 0.02566951 0.6461098 0.07731091 0.6339146 0.07160663 0.6461098 0.06590229 0.6461098 0.06590229 0.6339146 0.07160663 0.6339147 0.07731091 0.6499137 0.0867868 0.6461098 0.07731091 0.6461098 0.06590229 0.6339146 0.07160663 0.6461098 0.07731091 0.6339147 0.07731091 0.6339147 0.07731091 0.6461098 0.07731091 0.6499137 0.0867868 0.6034268 0.07731091 0.5912317 0.07160663 0.6034268 0.06590229 0.6034268 0.06590229 0.5912317 0.07160663 0.5912317 0.07731091 0.6034268 0.08301532 0.6034268 0.07731091 0.6034268 0.06590229 0.5912317 0.07160663 0.6034268 0.07731091 0.5912317 0.07731091 0.5912317 0.07731091 0.6034268 0.07731091 0.6034268 0.08301532 0.586721 0.005028188 0.5912317 0.01426082 0.5912317 0.02566951 0.6034268 0.01996517 0.5912317 0.01426082 0.6034268 0.01426082 0.6034268 0.01426082 0.5912317 0.01426082 0.586721 0.005028188 0.5912317 0.01426082 0.6034268 0.01996517 0.5912317 0.02566951 0.5912317 0.02566951 0.6034268 0.01996517 0.6034268 0.01426082 0.6461098 0.01996517 0.6339147 0.01426082 0.6508566 0.003812074 0.6508566 0.003812074 0.6339147 0.01426082 0.6339147 0.01996517 0.6461098 0.02566951 0.6461098 0.01996517 0.6508566 0.003812074 0.6339147 0.01426082 0.6461098 0.01996517 0.6339147 0.01996517 0.6339147 0.01996517 0.6461098 0.01996517 0.6461098 0.02566951 0.5717195 0.07731091 0.5595244 0.07160663 0.5717195 0.06590229 0.5717195 0.06590229 0.5595244 0.07160663 0.5595244 0.07731091 0.5755235 0.0867868 0.5717195 0.07731091 0.5717195 0.06590229 0.5595244 0.07160663 0.5717195 0.07731091 0.5595244 0.07731091 0.5595244 0.07731091 0.5717195 0.07731091 0.5755235 0.0867868 0.5290366 0.07731091 0.5168414 0.07160663 0.5290366 0.06590229 0.5290366 0.06590229 0.5168414 0.07160663 0.5168415 0.07731091 0.5290366 0.08301532 0.5290366 0.07731091 0.5290366 0.06590229 0.5168414 0.07160663 0.5290366 0.07731091 0.5168415 0.07731091 0.5168415 0.07731091 0.5290366 0.07731091 0.5290366 0.08301532 0.5290366 0.01996517 0.5168415 0.01426082 0.5290366 0.008556485 0.5290366 0.008556485 0.5168415 0.01426082 0.5168415 0.01996517 0.5290366 0.02566951 0.5290366 0.01996517 0.5290366 0.008556485 0.5168415 0.01426082 0.5290366 0.01996517 0.5168415 0.01996517 0.5168415 0.01996517 0.5290366 0.01996517 0.5290366 0.02566951 0.5595244 0.008556485 0.5595244 0.01426082 0.5676546 0.02566951 0.5717195 0.01996517 0.5595244 0.01426082 0.5764663 0.003812134 0.5764663 0.003812134 0.5595244 0.01426082 0.5595244 0.008556485 0.5676546 0.02566951 0.5717195 0.01996517 0.5764663 0.003812134 0.5595244 0.01426082 0.5717195 0.01996517 0.5676546 0.02566951 0.4973293 0.07731091 0.4851341 0.07160663 0.4973292 0.06590229 0.4973292 0.06590229 0.4851341 0.07160663 0.4851341 0.07731091 0.5011332 0.08678686 0.4973293 0.07731091 0.4973292 0.06590229 0.4851341 0.07160663 0.4973293 0.07731091 0.4851341 0.07731091 0.4851341 0.07731091 0.4973293 0.07731091 0.5011332 0.08678686 0.4546464 0.07731091 0.4424512 0.07160663 0.4546464 0.06590229 0.4546464 0.06590229 0.4424512 0.07160663 0.4424512 0.07731091 0.4546464 0.08301532 0.4546464 0.07731091 0.4546464 0.06590229 0.4424512 0.07160663 0.4546464 0.07731091 0.4424512 0.07731091 0.4424512 0.07731091 0.4546464 0.07731091 0.4546464 0.08301532 0.4546464 0.01996517 0.4424512 0.01426082 0.4546464 0.008556485 0.4546464 0.008556485 0.4424512 0.01426082 0.4424512 0.01996517 0.4546464 0.02566951 0.4546464 0.01996517 0.4546464 0.008556485 0.4424512 0.01426082 0.4546464 0.01996517 0.4424512 0.01996517 0.4424512 0.01996517 0.4546464 0.01996517 0.4546464 0.02566951 0.4851341 0.008556485 0.4851342 0.01426082 0.4932643 0.02566951 0.4973293 0.01996517 0.4851342 0.01426082 0.5020762 0.003812074 0.5020762 0.003812074 0.4851342 0.01426082 0.4851341 0.008556485 0.4932643 0.02566951 0.4973293 0.01996517 0.5020762 0.003812074 0.4851342 0.01426082 0.4973293 0.01996517 0.4932643 0.02566951 0.422939 0.07731091 0.4107439 0.07160663 0.422939 0.06590229 0.422939 0.06590229 0.4107439 0.07160663 0.4107439 0.07731091 0.4267429 0.0867868 0.422939 0.07731091 0.422939 0.06590229 0.4107439 0.07160663 0.422939 0.07731091 0.4107439 0.07731091 0.4107439 0.07731091 0.422939 0.07731091 0.4267429 0.0867868 0.3761911 0.06590229 0.372126 0.08301532 0.372126 0.06590229 0.372126 0.06590229 0.372126 0.08301532 0.368061 0.08301532 0.372126 0.08301532 0.3761911 0.06590229 0.3802561 0.08301532 0.3802561 0.08301532 0.3761911 0.06590229 0.372126 0.06590229 0.368061 0.08301532 0.372126 0.08301532 0.3802561 0.08301532 0.3761911 0.008556485 0.372126 0.02566951 0.372126 0.008556485 0.372126 0.008556485 0.372126 0.02566951 0.368061 0.02566951 0.372126 0.02566951 0.3761911 0.008556485 0.3802561 0.02566951 0.3802561 0.02566951 0.3761911 0.008556485 0.372126 0.008556485 0.368061 0.02566951 0.372126 0.02566951 0.3802561 0.02566951 0.4229391 0.01996517 0.4107439 0.01426082 0.4276859 0.003812074 0.4276859 0.003812074 0.4107439 0.01426082 0.4107439 0.01996517 0.422939 0.02566951 0.4229391 0.01996517 0.4276859 0.003812074 0.4107439 0.01426082 0.4229391 0.01996517 0.4107439 0.01996517 0.4107439 0.01996517 0.4229391 0.01996517 0.422939 0.02566951 0.3485488 0.07731091 0.3363537 0.07160663 0.3485488 0.06590229 0.3485488 0.06590229 0.3363537 0.07160663 0.3363537 0.07731091 0.3523527 0.0867868 0.3485488 0.07731091 0.3485488 0.06590229 0.3363537 0.07160663 0.3485488 0.07731091 0.3363537 0.07731091 0.3363537 0.07731091 0.3485488 0.07731091 0.3523527 0.0867868 0.3018009 0.06590229 0.2977358 0.08301532 0.2977358 0.06590229 0.2977358 0.06590229 0.2977358 0.08301532 0.2936707 0.08301532 0.2977358 0.08301532 0.3018009 0.06590229 0.3058658 0.08301532 0.3058658 0.08301532 0.3018009 0.06590229 0.2977358 0.06590229 0.2936707 0.08301532 0.2977358 0.08301532 0.3058658 0.08301532 0.3018009 0.008556485 0.2977358 0.02566951 0.2977358 0.008556485 0.2977358 0.008556485 0.2977358 0.02566951 0.2936707 0.02566951 0.2977358 0.02566951 0.3018009 0.008556485 0.3058658 0.02566951 0.3058658 0.02566951 0.3018009 0.008556485 0.2977358 0.008556485 0.2936707 0.02566951 0.2977358 0.02566951 0.3058658 0.02566951 0.3485488 0.01996517 0.3363537 0.01426082 0.3532956 0.003812074 0.3532956 0.003812074 0.3363537 0.01426082 0.3363537 0.01996517 0.3485488 0.02566951 0.3485488 0.01996517 0.3532956 0.003812074 0.3363537 0.01426082 0.3485488 0.01996517 0.3363537 0.01996517 0.3363537 0.01996517 0.3485488 0.01996517 0.3485488 0.02566951 0.2741585 0.07731091 0.2619634 0.07160663 0.2741585 0.06590229 0.2741585 0.06590229 0.2619634 0.07160663 0.2619634 0.07731091 0.2779625 0.0867868 0.2741585 0.07731091 0.2741585 0.06590229 0.2619634 0.07160663 0.2741585 0.07731091 0.2619634 0.07731091 0.2619634 0.07731091 0.2741585 0.07731091 0.2779625 0.0867868 0.2274106 0.06590229 0.2233455 0.08301532 0.2192804 0.06590229 0.2192804 0.06590229 0.2233455 0.08301532 0.2274106 0.08301532 0.2314756 0.06590229 0.2274106 0.06590229 0.2192804 0.06590229 0.2233455 0.08301532 0.2274106 0.06590229 0.2274106 0.08301532 0.2274106 0.08301532 0.2274106 0.06590229 0.2314756 0.06590229 0.2274106 0.008556485 0.2233455 0.02566951 0.2233455 0.008556485 0.2233455 0.008556485 0.2233455 0.02566951 0.2192804 0.02566951 0.2233455 0.02566951 0.2274106 0.008556485 0.2314756 0.02566951 0.2314756 0.02566951 0.2274106 0.008556485 0.2233455 0.008556485 0.2192804 0.02566951 0.2233455 0.02566951 0.2314756 0.02566951 0.2741585 0.01996517 0.2619634 0.01426082 0.2789054 0.003812074 0.2789054 0.003812074 0.2619634 0.01426082 0.2619634 0.01996517 0.2741585 0.02566951 0.2741585 0.01996517 0.2789054 0.003812074 0.2619634 0.01426082 0.2741585 0.01996517 0.2619634 0.01996517 0.2619634 0.01996517 0.2741585 0.01996517 0.2741585 0.02566951 0.9207317 0 0.9207317 0.06845211 0.9207317 0 0.9207317 0 0.9207317 0.06845211 0.9207317 0.06845211 0.06707316 0.06845211 0.06707316 0 0.06707316 0.06845211 0.06707316 0.06845211 0.06707316 0 0.06707316 0 0.9207317 0.06845211 0.06707316 0.06845211 0.9207317 0.06845211 0.9207317 0.06845211 0.06707316 0.06845211 0.06707316 0.06845211 0.06707316 0 0.06707316 0.06845211 0.9207317 0 0.9207317 0 0.06707316 0.06845211 0.9207317 0.06845211 0.6853659 0.9668863 0.6853659 0.8470951 0.6853659 0.9668863 0.6853659 0.9668863 0.6853659 0.8470951 0.6853659 0.8470951 0.7439025 0.8470951 0.7439025 0.9668863 0.7439025 0.8470951 0.7439025 0.8470951 0.7439025 0.9668863 0.7439025 0.9668863 0.6853659 0.8470951 0.7439025 0.8470951 0.6853659 0.8470951 0.6853659 0.8470951 0.7439025 0.8470951 0.7439025 0.8470951 0.7439025 0.9668863 0.7439025 0.8470951 0.6853659 0.9668863 0.6853659 0.9668863 0.7439025 0.8470951 0.6853659 0.8470951 0.5 0 0.5 0.234599 1 0 1 0 0.5 0.234599 1 0.234599 0.5 0.2654798 0.5 0 1 0.2654798 1 0.2654798 0.5 0 1 0 0.5 0.765401 0.5 0.2654798 1 0.765401 1 0.765401 0.5 0.2654798 1 0.2654798 0.5 1 0.5 0.765401 1 1 1 1 0.5 0.765401 1 0.765401 0.5 0.7345203 0.5 1 1 0.7345203 1 0.7345203 0.5 1 1 1 0.5 0.234599 0.5 0.7345203 1 0.234599 1 0.234599 0.5 0.7345203 1 0.7345203 0.5 0.765401 0.5 0.5539806 0.5 0.2654798 0.5 0.2654798 0.5 0.5539806 0.5 0.3623766 0.5 0.234599 0.5 0.4945495 0.5 0.7345203 0.5 1 0.5 0.7047108 0.5 0.765401 0.5 0.2654798 0.5 0.3623766 0.5 0 0.5 0 0.5 0.3623766 0.5 0.2798166 0.5 0 0.5 0.2798166 0.5 0.234599 0.5 0.234599 0.5 0.2798166 0.5 0.4945495 0.5 0.7096081 0.5 0.7047108 0.5 1 0.5 0.7047108 0.5 0.5539806 0.5 0.765401 0.5 0.7345203 0.5 0.4945495 0.5 0.7096081 0.5 0.7345203 0.5 0.7096081 0.5 1 1 1 1 0.6763784 1 0.5894151 1 1 1 0.5894151 1 0.7345203 1 0.7345203 1 0.5894151 1 0.234599 1 0.3351652 1 0.5206186 1 0.2654798 1 0.2654798 1 0.5206186 1 0.765401 1 0.5206186 1 0.6763784 1 0.765401 1 0.765401 1 0.6763784 1 1 1 0.234599 1 0.5894151 1 0.3735828 1 0 1 0.3351652 1 0.2654798 1 0.234599 1 0.3735828 1 0 1 0 1 0.3735828 1 0.3351652 0.5 0.6583862 1 0.5206186 0.5 0.4538357 0.5 0.4538357 1 0.5206186 1 0.3351652 0.5 0.4538357 1 0.3351652 0.5 0.3184114 0.5 0.3184114 1 0.3351652 0.5 0.3999629 0.5 0.3999629 1 0.3351652 1 0.3735828 0.5 0.3999629 1 0.3735828 1 0.5894151 0.5 0.3999629 1 0.5894151 0.5 0.6164318 0.5 0.6164318 1 0.5894151 0.5 0.6583862 0.5 0.6583862 1 0.5894151 1 0.6763784 0.5 0.6583862 1 0.6763784 1 0.5206186 0.5 0.6583862 0.5 0.3184114 0.5 0.3999629 0.5 0.6583862 0.5 0.4538357 0.5 0.3184114 0.5 0.6583862 0.5 0.3999629 0.5 0.6164318 0.5 0.5539806 0 0.6608746 0 0.4770919 0.5 0.5539806 0 0.4770919 0.5 0.3623766 0.5 0.3623766 0 0.4770919 0 0.3106249 0.5 0.3623766 0 0.3106249 0.5 0.2798166 0.5 0.2798166 0 0.3106249 0 0.3357255 0.5 0.2798166 0 0.3357255 0.5 0.4945495 0.5 0.4945495 0 0.3357255 0 0.6048282 0.5 0.4945495 0 0.6048282 0.5 0.7096081 0.5 0.7096081 0 0.6048282 0 0.7296752 0.5 0.7096081 0 0.7296752 0.5 0.7047108 0.5 0.7047108 0 0.7296752 0 0.6608746 0.5 0.7047108 0 0.6608746 0.5 0.5539806 0 0.7296752 0 0.6048282 0 0.3357255 0 0.7296752 0 0.4770919 0 0.6608746 0 0.3106249 0 0.4770919 0 0.7296752 0 0.7296752 0 0.3357255 0 0.3106249 0.5 0 0.5 0.355534 1 0 1 0 0.5 0.355534 1 0.355534 0.5 0.1445471 0.5 0 1 0.1445471 1 0.1445471 0.5 0 1 0 0.5 0.6444661 0.5 0.1445471 1 0.6444661 1 0.6444661 0.5 0.1445471 1 0.1445471 0.5 1 0.5 0.6444661 1 1 1 1 0.5 0.6444661 1 0.6444661 0.5 0.855453 0.5 1 1 0.855453 1 0.855453 0.5 1 1 1 0.5 0.355534 0.5 0.855453 1 0.355534 1 0.355534 0.5 0.855453 1 0.855453 0.5 0 0.5 0.2843552 0.5 0.3841066 0.5 0.855453 0.5 0.6555592 0.5 1 0.5 1 0.5 0.6555592 0.5 0.6987599 0.5 0.6987599 0.5 0.4671405 0.5 0.6444661 0.5 0.355534 0.5 0.3841066 0.5 0.855453 0.5 0.855453 0.5 0.3841066 0.5 0.6555592 0.5 0.1445471 0.5 0.2843552 0.5 0 0.5 0 0.5 0.3841066 0.5 0.355534 0.5 0.6444661 0.5 0.4671405 0.5 0.1445471 0.5 0.4671405 0.5 0.2843552 0.5 0.1445471 0.5 1 0.5 0.6987599 0.5 0.6444661 1 0.855453 1 1 1 0.68346 1 0.3967392 1 0.6061786 1 0.6444661 1 0.1445471 1 0 1 0.3133912 1 0.3133912 1 0.3967392 1 0.1445471 1 0.1445471 1 0.3967392 1 0.6444661 1 0.68346 1 0.4942655 1 0.855453 1 0.855453 1 0.4942655 1 0.355534 1 0.6444661 1 0.6061786 1 1 1 1 1 0.6061786 1 0.68346 1 0.355534 1 0.4942655 1 0 1 0 1 0.4942655 1 0.3133912 0.5 0.6502668 1 0.6061786 0.5 0.3951466 0.5 0.3951466 1 0.6061786 1 0.3967392 0.5 0.3951466 1 0.3967392 1 0.3133912 0.5 0.3951466 1 0.3133912 0.5 0.3224241 0.5 0.3224241 1 0.3133912 1 0.4942655 0.5 0.3224241 1 0.4942655 0.5 0.4988844 0.5 0.4988844 1 0.4942655 0.5 0.6705994 0.5 0.6705994 1 0.4942655 1 0.68346 0.5 0.6705994 1 0.68346 0.5 0.6502668 0.5 0.6502668 1 0.68346 1 0.6061786 0.5 0.3224241 0.5 0.4988844 0.5 0.6705994 0.5 0.6705994 0.5 0.3951466 0.5 0.3224241 0.5 0.6705994 0.5 0.6502668 0.5 0.3951466 0.5 0.4671405 0 0.5479677 0 0.2903251 0.5 0.4671405 0 0.2903251 0.5 0.2843552 0.5 0.2843552 0 0.2903251 0 0.3161624 0.5 0.2843552 0 0.3161624 0.5 0.3841066 0.5 0.3841066 0 0.3161624 0 0.5614404 0.5 0.3841066 0 0.5614404 0.5 0.6555592 0.5 0.6555592 0 0.5614404 0 0.7300311 0.5 0.6555592 0 0.7300311 0.5 0.6987599 0.5 0.6987599 0 0.7300311 0 0.5479677 0.5 0.6987599 0 0.5479677 0.5 0.4671405 0 0.5614404 0 0.3161624 0 0.7300311 0 0.7300311 0 0.2903251 0 0.5479677 0 0.7300311 0 0.3161624 0 0.2903251 0.4253315 0.9230769 0.4788507 1 0.4788659 0.3846154 0.4253315 0.9230769 0.4788659 0.3846154 0.4253316 0.3846154 0.4788507 1 0.4253315 0.9230769 0.3157895 1 0.3157895 1 0.4253315 0.9230769 0.3157895 0.9230769 0.4253315 0.9230769 0.42526 0.3846154 0.4788021 0.3846154 0.4788021 0.3846154 0.4788826 1 0.4253315 0.9230769 0.4253315 0.9230769 0.4788826 1 0.3157895 0.9230769 0.3157895 0.9230769 0.4788826 1 0.3157895 1 0.5746498 0.923077 0.5211498 1 0.5211331 0.3846154 0.5746498 0.923077 0.5211331 0.3846154 0.5746632 0.3846154 0.5211498 1 0.5746498 0.923077 0.6842105 1 0.6842105 1 0.5746498 0.923077 0.6842105 0.9230769 0.5746632 0.9230769 0.5747354 0.3846154 0.5211961 0.3846154 0.5211961 0.3846154 0.5211176 1 0.5746632 0.9230769 0.5746632 0.9230769 0.5211176 1 0.6842105 0.9230769 0.6842105 0.9230769 0.5211176 1 0.6842105 1 0.6246207 1 0.6264515 1 0.677143 1 0.3802225 1 0.4788507 1 0.3157895 1 0.6868082 1 0.7368421 1 0.677143 1 0.7368421 1 0.6868082 1 0.6881719 1 0.7368421 1 0.6881719 1 0.7368421 1 0.677143 1 0.7368421 1 0.2631579 1 0.6218045 1 0.6706832 1 0.667698 1 0.6706832 1 0.6218045 1 0.6820718 1 0.6820718 1 0.6218045 1 0.7368421 1 0.6881719 1 0.6820718 1 0.7368421 1 0.2631579 1 0.31542 1 0.3124348 1 0.31542 1 0.3157895 1 0.3268086 1 0.3268086 1 0.3157895 1 0.3769207 1 0.3218799 1 0.3315451 1 0.3769207 1 0.3769207 1 0.3315451 1 0.3329087 1 0.3769207 1 0.3329087 1 0.3268086 1 0.3124348 1 0.3218799 1 0.2631579 1 0.6467105 1 0.6706832 1 0.667698 1 0.7368421 1 0.6868082 1 0.7368421 1 0.7368421 1 0.6868082 1 0.6881719 1 0.6771431 1 0.6868082 1 0.7368421 1 0.6881719 1 0.6820718 1 0.7368421 1 0.7368421 1 0.6820718 1 0.6706832 1 0.3532895 1 0.3329087 1 0.3268086 1 0.3532895 1 0.3315451 1 0.3329087 1 0.3157895 1 0.3124348 1 0.3218799 1 0.3157895 1 0.3218799 1 0.3315451 1 0.2631579 1 0.3123394 1 0.3124348 1 0.7368421 1 0.3268086 1 0.3172795 1 0.7368421 1 0.3172795 1 0.2631579 1 0.5211176 1 0.5074848 1 0.4986436 1 0.4986436 1 0.5074848 1 0.3802225 1 0.3802225 1 0.5074848 1 0.4906076 1 0.4788507 1 0.3802225 1 0.4906076 1 0.5211176 1 0.4986436 1 0.6771431 1 0.5211176 1 0.6771431 1 0.6842105 1 0.6842105 1 0.6771431 1 0.7368421 1 0.6842105 1 0.7368421 1 0.6842105 1 0.4788826 1 0.489426 1 0.3849624 1 0.3849624 1 0.489426 1 0.505748 1 0.3849624 1 0.505748 1 0.5592105 1 0.5592105 1 0.505748 1 0.5211498 1 0.6842105 1 0.7368421 1 0.6218045 1 0.6842105 1 0.6218045 1 0.5592105 1 0.6842105 1 0.5592105 1 0.5211498 1 0.4788826 1 0.3849624 1 0.3769207 1 0.4788826 1 0.3769207 1 0.3157895 1 0.2631579 1 0.3218799 1 0.4923371 1 0.2631579 1 0.4923371 1 0.4996328 1 0.2631579 1 0.4996328 1 0.677143 1 0.667698 1 0.677143 1 0.6218045 1 0.6218045 1 0.677143 1 0.6264515 1 0.4996328 1 0.6107583 1 0.6170647 1 0.5592105 1 0.6137629 1 0.6107583 1 0.4996328 1 0.6170647 1 0.677143 1 0.677143 1 0.6170647 1 0.6246207 1 0.5592105 1 0.6218045 1 0.6137629 1 0.3849624 1 0.4953417 1 0.4923371 1 0.6107583 1 0.4996328 1 0.5592105 1 0.5592105 1 0.4996328 1 0.5075027 1 0.5592105 1 0.5075027 1 0.5033835 1 0.5592105 1 0.5033835 1 0.3849624 1 0.3849624 1 0.5033835 1 0.4953417 1 0.3218799 1 0.3739161 1 0.3791781 1 0.4923371 1 0.3869374 1 0.3896094 1 0.4923371 1 0.3896094 1 0.3849624 1 0.3218799 1 0.3791781 1 0.4923371 1 0.4923371 1 0.3791781 1 0.3869374 1 0.3769207 1 0.3739161 1 0.3218799 1 0.3157895 1 0.31542 1 0.2631579 1 0.3157895 1 0.2631579 1 0.3157895 1 0.3157895 1 0.2631579 1 0.2631579 1 0.3157895 1 0.2631579 1 0.3124348 1 0.667698 1 0.6771431 1 0.6467105 1 0.6467105 1 0.6771431 1 0.6246206 1 0.6467105 1 0.6246206 1 0.6264515 1 0.4986436 1 0.6107582 1 0.6170647 1 0.5592105 1 0.6137627 1 0.6107582 1 0.4986436 1 0.6170647 1 0.6771431 1 0.6771431 1 0.6170647 1 0.6246206 1 0.6467105 1 0.6264515 1 0.6218045 1 0.6467105 1 0.6218045 1 0.5592105 1 0.5592105 1 0.6218045 1 0.6137627 1 0.6107582 1 0.4986436 1 0.5592105 1 0.5592105 1 0.4986436 1 0.5061997 1 0.5592105 1 0.5061997 1 0.5080304 1 0.4953417 1 0.4923372 1 0.4407895 1 0.4407895 1 0.4923372 1 0.3802225 1 0.3802225 1 0.4923372 1 0.4986436 1 0.5592105 1 0.5080304 1 0.5033835 1 0.5592105 1 0.5033835 1 0.4407895 1 0.4407895 1 0.5033835 1 0.4953417 1 0.3896094 1 0.4407895 1 0.3877785 1 0.3877785 1 0.4407895 1 0.3802225 1 0.4407895 1 0.3896094 1 0.3849624 1 0.3739162 1 0.3802225 1 0.3315451 1 0.3769207 1 0.3739162 1 0.3532895 1 0.3532895 1 0.3739162 1 0.3315451 1 0.3157895 1 0.3315451 1 0.3802225 1 0.4407895 1 0.3849624 1 0.3532895 1 0.3532895 1 0.3849624 1 0.3769207 1 0.3268086 1 0.7368421 1 0.3532895 1 0.3532895 1 0.7368421 1 0.4407895 1 0.4407895 1 0.7368421 1 0.5592105 1 0.5592105 1 0.7368421 1 0.6467105 1 0.6467105 1 0.7368421 1 0.6706832 1 0.3172795 1 0.3123394 1 0.2631579 1 1 0 1 0 0.9868421 0 0.9868421 0 1 0 0.9547712 0 0.9868421 0 0.9547712 0 0.9868421 0 0.9868421 0 0.9547712 0 0.9547812 0 0.9868421 0 0.9547812 0 1 0 1 0 0.9547812 0 0.9476589 0 1 0 0.9476589 0 0.68 0 0.9476589 0 0.940101 0 0.68 0 0.8341371 0 0.68 0 0.8348379 0 0.940101 0 0.8495181 0 0.8423958 0 0.8423958 0 0.8348379 0 0.68 0 0.940101 0 0.8423958 0 0.68 0 0 0 0.01315784 0 0.04466342 0 0.5125223 0 0.5239853 0 0.8341371 0 0.04466342 0 0.01315784 0 0.04536414 0 0.04536414 0 0.01315784 0 0.01315784 0 0.1506273 0 0 0 0.1581852 0 0.4756548 0 0.4833079 0 0.1652975 0 0.1652975 0 0.4833079 0 0.4959633 0 0.1653075 0 0.1581852 0 0.4753153 0 0.4753153 0 0.1581852 0 0 0 0.04536414 0 0.01315784 0 0 0 0.04536414 0 0 0 0 0 0.1653075 0 0.4753153 0 0.1652975 0 0.1652975 0 0.4753153 0 0.4756548 0 0.4959633 0 0.5125223 0 0.8341371 0 0.06004434 0 0.05292207 0 0.1506273 0 0.1506273 0 0.05292207 0 0 0 0 0 0.05292207 0 0.04536414 0 0.8341371 0 0.5239853 0 0.5250434 0 0.8341371 0 0.5250434 0 0.68 0 0.68 0 0.5250434 0 0.5140707 0 0.4941669 0 0.4813895 0 0 0 0.68 0 0.5140707 0 0.4941669 0 0.68 0 0.4941669 0 0 0 0.4813895 0 0.4753153 0 0 0 0.8341371 0 0.68 0 0.1652975 0 0.1652975 0 0.4959633 0 0.8341371 0 0 0 0.04466342 0 0 0 0.04466342 0 0.05121785 0 0 0 0.156481 0 0.1652975 0 0.68 0 0.06004434 0 0.1506273 0 0.06003433 0 0.06003433 0 0.1506273 0 0.1499266 0 0 0 0.05121785 0 0.68 0 0.68 0 0.05121785 0 0.06003433 0 0.06003433 0 0.156481 0 0.68 0 0.06003433 0 0.1499266 0 0.156481 0 0.9459547 0 0.9547712 0 1 0 0.8406917 0 0.8495081 0 0.9459547 0 1 0 0.9547712 0 1 0 0.9459547 0 0.8495081 0 0.9394003 0 0.68 0 0.8341371 0 0.8406917 0 0.8495181 0 0.940101 0 0.8495081 0 0.8495081 0 0.940101 0 0.9394003 0 0.68 0 0.8406917 0 0.9459547 0 0.68 0 0.9459547 0 1 0 0.9868421 0.07692307 1 0.07692307 1 0.07692307 0.04665356 0.07692307 0.01315784 0.07692307 0.01315784 0.07692307 0 0.07692307 0 0.07692307 0.01315784 0.07692307 0.01315784 0.07692307 0.04665356 0.07692307 0.04515635 0.07692307 0.01315784 0.07692307 0.04515635 0.07692307 0 0.07692307 0 0.07692307 0.04515635 0.07692307 0.05226433 0.07692307 0.1575275 0.07692307 0.1652218 0.07692307 0.705 0.07692307 0.4678221 0.07692307 0.4426425 0.07692307 0.1647678 0.07692307 0.1647678 0.07692307 0.4426425 0.07692307 0.4264264 0.07692307 0.4264264 0.07692307 0.4253473 0.07692307 0.1652218 0.07692307 0.4253473 0.07692307 0.4349916 0.07692307 0.1652218 0.07692307 0.1652218 0.07692307 0.4349916 0.07692307 0.4565476 0.07692307 0 0.07692307 0.05226433 0.07692307 0.705 0.07692307 0.705 0.07692307 0.05226433 0.07692307 0.05995863 0.07692307 0.1571583 0.07692307 0.1505651 0.07692307 0.06055665 0.07692307 0.1571583 0.07692307 0.06055665 0.07692307 0.05601501 0.07692307 0.04665356 0.07692307 0 0.07692307 0.05601501 0.07692307 0.05995863 0.07692307 0.1504195 0.07692307 0.1575275 0.07692307 0.05995863 0.07692307 0.1575275 0.07692307 0.705 0.07692307 0.01315784 0.07692307 0 0.07692307 0.04665356 0.07692307 0.04665356 0.07692307 0 0.07692307 0 0.07692307 0.5573672 0.07692307 0.5735748 0.07692307 0.705 0.07692307 0.705 0.07692307 0.5735748 0.07692307 0.705 0.07692307 0.5735748 0.07692307 0.5746474 0.07692307 0.705 0.07692307 0.705 0.07692307 0.5746474 0.07692307 0.5697158 0.07692307 0.705 0.07692307 0.5697158 0.07692307 0.5554332 0.07692307 0.4264264 0.07692307 0.1652218 0.07692307 0.1647678 0.07692307 0.06055665 0.07692307 0.1505651 0.07692307 0.05995863 0.07692307 0.05995863 0.07692307 0.1505651 0.07692307 0.1504195 0.07692307 0.1647678 0.07692307 0.1571583 0.07692307 0.4678221 0.07692307 0.4678221 0.07692307 0.1571583 0.07692307 0.05601501 0.07692307 0.705 0.07692307 0.5321875 0.07692307 0.5573672 0.07692307 0.705 0.07692307 0.5554332 0.07692307 0.5220056 0.07692307 0.1652218 0.07692307 0.4565476 0.07692307 0.4849197 0.07692307 0.1652218 0.07692307 0.4849197 0.07692307 0.705 0.07692307 0.705 0.07692307 0.4849197 0.07692307 0.5079737 0.07692307 0.705 0.07692307 0.5079737 0.07692307 0.5321875 0.07692307 0.9413904 0.07692307 0.8500304 0.07692307 0.8454889 0.07692307 0.9552935 0.07692307 0.9507519 0.07692307 1 0.07692307 0.705 0.07692307 0.8346301 0.07692307 0.8417381 0.07692307 0.8417381 0.07692307 1 0.07692307 0.705 0.07692307 0.9507519 0.07692307 0.9413904 0.07692307 0.705 0.07692307 0.9413904 0.07692307 0.8454889 0.07692307 0.705 0.07692307 0.705 0.07692307 0.8454889 0.07692307 0.8361272 0.07692307 0.9470013 0.07692307 1 0.07692307 0.8417381 0.07692307 0.9470013 0.07692307 0.8417381 0.07692307 0.8494324 0.07692307 1 0.07692307 0.9470013 0.07692307 0.9546955 0.07692307 1 0.07692307 0.9546955 0.07692307 0.9868421 0.07692307 0.9868421 0.07692307 0.9546955 0.07692307 0.9552935 0.07692307 0.9868421 0.07692307 0.9552935 0.07692307 0.9868421 0.07692307 0.9868421 0.07692307 0.9552935 0.07692307 1 0.07692307 0.9868421 0.07692307 1 0.07692307 1 0.07692307 0.8494324 0.07692307 0.9398933 0.07692307 0.9470013 0.07692307 0.9398933 0.07692307 0.8494324 0.07692307 0.9413904 0.07692307 0.9413904 0.07692307 0.8494324 0.07692307 0.8500304 0.07692307 0.705 0.07692307 0.8361272 0.07692307 0.705 0.07692307 0.705 0.07692307 0.8361272 0.07692307 0.8346301 0.07692307 1 0.07692307 0.5220056 0.07692307 0.492021 0.07692307 1 0.07692307 0.492021 0.07692307 0 0.07692307 0 0.07692307 0.492021 0.07692307 0.4678221 0.07692307 0 0.07692307 0.4678221 0.07692307 0.05601501 0.07692307 1 0.07692307 0.9507519 0.07692307 0.705 0.07692307 1 0.07692307 0.705 0.07692307 0.5220056 0.07692307 0 0.07692307 0 0 0 0.07692307 0 0.07692307 0 0 0 0 1 0 1 0.07692307 1 0.07692307 1 0 1 0.07692307 1 0 0.42526 0.3846154 0.4253473 0.07692307 0.4264264 0.07692307 0.42526 0.3846154 0.4264264 0.07692307 0.4253316 0.3846154 0.4253316 0.3846154 0.4264264 0.07692307 0.4253315 0.9230769 0.4253315 0.9230769 0.4264264 0.07692307 0.4349824 0.923077 0.4349824 0.923077 0.4264264 0.07692307 0.4426425 0.07692307 0.4349824 0.923077 0.4426425 0.07692307 0.4565427 0.9230769 0.4565427 0.9230769 0.4426425 0.07692307 0.4678221 0.07692307 0.4565427 0.9230769 0.4678221 0.07692307 0.4824576 0.9230769 0.4824576 0.9230769 0.4678221 0.07692307 0.492021 0.07692307 0.4824576 0.9230769 0.492021 0.07692307 0.5129113 0.9230769 0.5129113 0.9230769 0.492021 0.07692307 0.5220056 0.07692307 0.5129113 0.9230769 0.5220056 0.07692307 0.5457681 0.9230769 0.5457681 0.9230769 0.5220056 0.07692307 0.5554332 0.07692307 0.5457681 0.9230769 0.5554332 0.07692307 0.5664496 0.923077 0.5664496 0.923077 0.5554332 0.07692307 0.5697158 0.07692307 0.5664496 0.923077 0.5697158 0.07692307 0.5746474 0.07692307 0.5664496 0.923077 0.5746474 0.07692307 0.5746632 0.9230769 0.5079737 0.07692307 0.5246875 0.9230769 0.5321875 0.07692307 0.5321875 0.07692307 0.5246875 0.9230769 0.5554445 0.923077 0.5321875 0.07692307 0.5554445 0.923077 0.5573672 0.07692307 0.5573672 0.07692307 0.5554445 0.923077 0.5746498 0.923077 0.5573672 0.07692307 0.5746498 0.923077 0.5735748 0.07692307 0.5735748 0.07692307 0.5746498 0.923077 0.5746632 0.3846154 0.5735748 0.07692307 0.5746632 0.3846154 0.5747354 0.3846154 0.5735748 0.07692307 0.5747354 0.3846154 0.5746474 0.07692307 0.5746474 0.07692307 0.5747354 0.3846154 0.5746632 0.9230769 0.42526 0.3846154 0.4253315 0.9230769 0.4253473 0.07692307 0.4253473 0.07692307 0.4253315 0.9230769 0.4335544 0.9230769 0.4253473 0.07692307 0.4335544 0.9230769 0.4349916 0.07692307 0.4349916 0.07692307 0.4335544 0.9230769 0.454222 0.9230769 0.4349916 0.07692307 0.454222 0.9230769 0.4565476 0.07692307 0.4565476 0.07692307 0.454222 0.9230769 0.4871003 0.923077 0.4565476 0.07692307 0.4871003 0.923077 0.4849197 0.07692307 0.4849197 0.07692307 0.4871003 0.923077 0.5079737 0.07692307 0.5079737 0.07692307 0.4871003 0.923077 0.5246875 0.9230769 0 0 0 0.07692307 0.68 0 0.68 0 0 0.07692307 0.705 0.07692307 0.68 0 0.705 0.07692307 1 0 1 0 0.705 0.07692307 1 0.07692307 0 0.07692307 0 0 0 0.07692307 0 0.07692307 0 0 0 0 1 0 1 0.07692307 0.68 0 0.68 0 1 0.07692307 0 0 0 0 1 0.07692307 0 0.07692307 1 0 1 0 1 0.07692307 1 0.07692307 1 0 1 0.07692307 0.9547712 0 0.9552935 0.07692307 0.9546955 0.07692307 0.9547712 0 0.9546955 0.07692307 0.9547812 0 0.9547812 0 0.9546955 0.07692307 0.9476589 0 0.9476589 0 0.9546955 0.07692307 0.9470013 0.07692307 0.9476589 0 0.9470013 0.07692307 0.940101 0 0.940101 0 0.9470013 0.07692307 0.9398933 0.07692307 0.940101 0 0.9398933 0.07692307 0.9394003 0 0.9394003 0 0.9398933 0.07692307 0.9413904 0.07692307 0.9394003 0 0.9413904 0.07692307 0.9459547 0 0.9459547 0 0.9413904 0.07692307 0.9507519 0.07692307 0.9459547 0 0.9507519 0.07692307 0.9547712 0 0.9547712 0 0.9507519 0.07692307 0.9552935 0.07692307 0.8495081 0 0.8500304 0.07692307 0.8494324 0.07692307 0.8495081 0 0.8494324 0.07692307 0.8495181 0 0.8495181 0 0.8494324 0.07692307 0.8423958 0 0.8423958 0 0.8494324 0.07692307 0.8417381 0.07692307 0.8423958 0 0.8417381 0.07692307 0.8348379 0 0.8348379 0 0.8417381 0.07692307 0.8346301 0.07692307 0.8348379 0 0.8346301 0.07692307 0.8341371 0 0.8341371 0 0.8346301 0.07692307 0.8361272 0.07692307 0.8341371 0 0.8361272 0.07692307 0.8406917 0 0.8406917 0 0.8361272 0.07692307 0.8454889 0.07692307 0.8406917 0 0.8454889 0.07692307 0.8495081 0 0.8495081 0 0.8454889 0.07692307 0.8500304 0.07692307 0.1653075 0 0.1652218 0.07692307 0.1581852 0 0.1581852 0 0.1652218 0.07692307 0.1575275 0.07692307 0.1581852 0 0.1575275 0.07692307 0.1506273 0 0.1506273 0 0.1575275 0.07692307 0.1504195 0.07692307 0.1506273 0 0.1504195 0.07692307 0.1499266 0 0.1499266 0 0.1504195 0.07692307 0.1505651 0.07692307 0.1499266 0 0.1505651 0.07692307 0.156481 0 0.156481 0 0.1505651 0.07692307 0.1571583 0.07692307 0.156481 0 0.1571583 0.07692307 0.1647678 0.07692307 0.156481 0 0.1647678 0.07692307 0.1652975 0 0.1652975 0 0.1647678 0.07692307 0.1652218 0.07692307 0.1652975 0 0.1652218 0.07692307 0.1653075 0 0.06003433 0 0.06055665 0.07692307 0.05995863 0.07692307 0.06003433 0 0.05995863 0.07692307 0.06004434 0 0.04466342 0 0.04665356 0.07692307 0.05121785 0 0.05121785 0 0.04665356 0.07692307 0.05601501 0.07692307 0.05121785 0 0.05601501 0.07692307 0.06003433 0 0.06003433 0 0.05601501 0.07692307 0.06055665 0.07692307 0.04536414 0 0.04515635 0.07692307 0.04466342 0 0.04466342 0 0.04515635 0.07692307 0.04665356 0.07692307 0.06004434 0 0.05995863 0.07692307 0.05292207 0 0.05292207 0 0.05995863 0.07692307 0.05226433 0.07692307 0.05292207 0 0.05226433 0.07692307 0.04536414 0 0.04536414 0 0.05226433 0.07692307 0.04515635 0.07692307 0.5125223 0 0.5211961 0.3846154 0.5239853 0 0.5239853 0 0.5211961 0.3846154 0.5257485 0.3846154 0.5239853 0 0.5257485 0.3846154 0.5250434 0 0.5250434 0 0.5257485 0.3846154 0.5211331 0.3846154 0.5250434 0 0.5211331 0.3846154 0.5140707 0 0.4813895 0 0.4788021 0.3846154 0.4753153 0 0.4753153 0 0.4788021 0.3846154 0.4743183 0.3846154 0.4753153 0 0.4743183 0.3846154 0.4756548 0 0.4756548 0 0.4743183 0.3846154 0.4788659 0.3846154 0.4756548 0 0.4788659 0.3846154 0.4833079 0 0.4788826 1 0.4788021 0.3846154 0.4813895 0 0.4788826 1 0.4813895 0 0.489426 1 0.489426 1 0.4813895 0 0.4941669 0 0.489426 1 0.4941669 0 0.505748 1 0.505748 1 0.4941669 0 0.5140707 0 0.505748 1 0.5140707 0 0.5211498 1 0.5211498 1 0.5140707 0 0.5211331 0.3846154 0.5211176 1 0.5211961 0.3846154 0.5125223 0 0.5211176 1 0.5125223 0 0.5074848 1 0.5074848 1 0.5125223 0 0.4959633 0 0.5074848 1 0.4959633 0 0.4906076 1 0.4906076 1 0.4959633 0 0.4833079 0 0.4906076 1 0.4833079 0 0.4788507 1 0.4788507 1 0.4833079 0 0.4788659 0.3846154 0.4253316 0.3846154 0.4788659 0.3846154 0.4743183 0.3846154 0.4253316 0.3846154 0.4743183 0.3846154 0.42526 0.3846154 0.42526 0.3846154 0.4743183 0.3846154 0.4788021 0.3846154 0.5746632 0.3846154 0.5211331 0.3846154 0.5257485 0.3846154 0.5746632 0.3846154 0.5257485 0.3846154 0.5747354 0.3846154 0.5747354 0.3846154 0.5257485 0.3846154 0.5211961 0.3846154 0.2631579 1 0.4871003 0.923077 0.2631579 0.9230769 0.4871003 0.923077 0.2631579 1 0.7368421 0.9230769 0.7368421 0.9230769 0.2631579 1 0.7368421 1 0.7368421 1 0.7368421 1 0.7368421 0.9230769 0.7368421 0.9230769 0.7368421 1 0.7368421 0.9230769 0.7368421 0.9230769 0.7368421 1 0.7368421 1 0.6262547 0.923077 0.668016 0.9230769 0.6200932 0.9230769 0.6842105 0.9230769 0.6262547 0.923077 0.6197332 0.9230769 0.6879147 0.9230769 0.6833603 0.9230769 0.6842105 0.9230769 0.6262547 0.923077 0.6751903 0.923077 0.668016 0.9230769 0.6263734 0.9230769 0.668016 0.9230769 0.6200933 0.923077 0.5746632 0.9230769 0.6197332 0.9230769 0.611094 0.923077 0.5746632 0.9230769 0.611094 0.923077 0.5664496 0.923077 0.5664496 0.923077 0.611094 0.923077 0.5457681 0.9230769 0.5457681 0.9230769 0.611094 0.923077 0.6118301 0.9230769 0.5457681 0.9230769 0.6118301 0.9230769 0.5129113 0.9230769 0.7368421 0.9230769 0.6813048 0.9230769 0.6879147 0.9230769 0.7368421 0.9230769 0.6879146 0.9230769 0.6833604 0.923077 0.5554445 0.923077 0.5246875 0.9230769 0.611094 0.9230769 0.6700084 0.9230769 0.5129113 0.9230769 0.6200932 0.9230769 0.6700084 0.9230769 0.6200932 0.9230769 0.668016 0.9230769 0.7368421 0.9230769 0.5129113 0.9230769 0.6700084 0.9230769 0.7368421 0.9230769 0.6700084 0.9230769 0.6813048 0.9230769 0.6751903 0.923077 0.6262547 0.923077 0.6842105 0.9230769 0.6751903 0.923077 0.6842105 0.9230769 0.6833603 0.9230769 0.6842105 0.9230769 0.6197332 0.9230769 0.5746632 0.9230769 0.5746498 0.923077 0.6700084 0.923077 0.6842105 0.9230769 0.6842105 0.9230769 0.6700084 0.923077 0.6813048 0.923077 0.7368421 0.9230769 0.6879147 0.9230769 0.6842105 0.9230769 0.7368421 0.9230769 0.6842105 0.9230769 0.7368421 0.9230769 0.7368421 0.9230769 0.6842105 0.9230769 0.6842105 0.9230769 0.7368421 0.9230769 0.6842105 0.9230769 0.6879146 0.9230769 0.6879146 0.9230769 0.6842105 0.9230769 0.6813048 0.923077 0.7368421 0.9230769 0.6833604 0.923077 0.6751903 0.923077 0.5129113 0.9230769 0.6118301 0.9230769 0.6200932 0.9230769 0.5554445 0.923077 0.611094 0.9230769 0.5746498 0.923077 0.5746498 0.923077 0.611094 0.9230769 0.6118302 0.9230769 0.6118302 0.9230769 0.6200933 0.923077 0.5746498 0.923077 0.6235806 0.9230769 0.7368421 0.9230769 0.6263734 0.9230769 0.6263734 0.9230769 0.7368421 0.9230769 0.6751903 0.923077 0.6263734 0.9230769 0.6751903 0.923077 0.668016 0.9230769 0.6235806 0.9230769 0.6165651 0.9230769 0.7368421 0.9230769 0.7368421 0.9230769 0.6165651 0.9230769 0.5246875 0.9230769 0.7368421 0.9230769 0.5246875 0.9230769 0.4871003 0.923077 0.5246875 0.9230769 0.6165651 0.9230769 0.611094 0.9230769 0.6700084 0.923077 0.5746498 0.923077 0.6200933 0.923077 0.6700084 0.923077 0.6200933 0.923077 0.668016 0.9230769 0.7368421 1 0.5129113 0.9230769 0.7368421 0.9230769 0.5129113 0.9230769 0.7368421 1 0.2631579 0.9230769 0.2631579 0.9230769 0.7368421 1 0.2631579 1 0.2631579 0.9230769 0.2631579 1 0.2631579 0.9230769 0.2631579 0.9230769 0.2631579 1 0.2631579 1 0.3127528 0.9230769 0.2631579 0.9230769 0.3199272 0.9230769 0.2631579 0.9230769 0.3157895 0.9230769 0.2631579 0.9230769 0.2631579 0.9230769 0.3157895 0.9230769 0.3157895 0.9230769 0.379723 0.923077 0.3742519 0.923077 0.3157895 0.9230769 0.2631579 0.9230769 0.3127527 0.923077 0.3147452 0.9230769 0.3260416 0.9230769 0.3742519 0.9230769 0.3749881 0.9230769 0.4253315 0.9230769 0.3890683 0.9230769 0.3867385 0.9230769 0.2631579 0.9230769 0.3818695 0.9230769 0.3742519 0.9230769 0.3127528 0.9230769 0.3147452 0.9230769 0.2631579 0.9230769 0.2631579 0.9230769 0.3147452 0.9230769 0.3157895 0.9230769 0.4871003 0.923077 0.3891597 0.9230769 0.3818695 0.9230769 0.3742519 0.9230769 0.3260416 0.9230769 0.3326515 0.923077 0.4253315 0.9230769 0.3867385 0.9230769 0.3157895 0.9230769 0.3157895 0.9230769 0.3867385 0.9230769 0.379723 0.923077 0.3742519 0.923077 0.3260417 0.923077 0.3326515 0.923077 0.3742519 0.923077 0.3326515 0.923077 0.3280972 0.9230769 0.3260416 0.9230769 0.3749881 0.9230769 0.3157895 0.9230769 0.3260416 0.9230769 0.3157895 0.9230769 0.3147452 0.9230769 0.3157895 0.9230769 0.3749881 0.9230769 0.3832512 0.923077 0.3157895 0.9230769 0.3832512 0.923077 0.4253315 0.9230769 0.2631579 0.9230769 0.4871003 0.923077 0.3818695 0.9230769 0.3326515 0.923077 0.3280972 0.9230769 0.3742519 0.9230769 0.3742519 0.923077 0.3280972 0.9230769 0.3157895 0.9230769 0.3280972 0.9230769 0.3199272 0.923077 0.3157895 0.9230769 0.3199272 0.923077 0.3127527 0.923077 0.3157895 0.9230769 0.3157895 0.9230769 0.3127527 0.923077 0.2631579 0.9230769 0.2631579 0.9230769 0.3147452 0.9230769 0.3260417 0.923077 0.3890683 0.9230769 0.4349824 0.923077 0.4565427 0.9230769 0.4253315 0.9230769 0.3832512 0.923077 0.3891597 0.9230769 0.4253315 0.9230769 0.3891597 0.9230769 0.4335544 0.9230769 0.4335544 0.9230769 0.3891597 0.9230769 0.454222 0.9230769 0.454222 0.9230769 0.3891597 0.9230769 0.4871003 0.923077 0.3742519 0.9230769 0.3280972 0.9230769 0.2631579 0.9230769 0.2631579 0.9230769 0.3280972 0.9230769 0.3199272 0.9230769 0.3749881 0.9230769 0.2631579 0.9230769 0.3260417 0.923077 0.3749881 0.9230769 0.3260417 0.923077 0.3742519 0.923077 0.4824576 0.9230769 0.5129113 0.9230769 0.2631579 0.9230769 0.3890683 0.9230769 0.4253315 0.9230769 0.4349824 0.923077 0.3890683 0.9230769 0.4565427 0.9230769 0.4824576 0.9230769 0.3890683 0.9230769 0.4824576 0.9230769 0.3823186 0.923077 0.3749881 0.9230769 0.3823186 0.923077 0.2631579 0.9230769 0.2631579 0.9230769 0.3823186 0.923077 0.4824576 0.9230769 1 0 0.9868421 0 1 0.07692307 1 0.07692307 0.9868421 0 0.9868421 0.07692307 0.9868421 0 0.9868421 0 0.9868421 0.07692307 0.9868421 0.07692307 0.9868421 0 0.9868421 0.07692307 0.9868421 0 1 0 0.9868421 0.07692307 0.9868421 0.07692307 1 0 1 0.07692307 0 0 0.01315784 0 0 0.07692307 0 0.07692307 0.01315784 0 0.01315784 0.07692307 0.01315784 0 0.01315784 0 0.01315784 0.07692307 0.01315784 0.07692307 0.01315784 0 0.01315784 0.07692307 0.01315784 0 0 0 0.01315784 0.07692307 0.01315784 0.07692307 0 0 0 0.07692307 0.3326515 0.923077 0.3329087 1 0.3315451 1 0.3326515 0.923077 0.3315451 1 0.3280972 0.9230769 0.3280972 0.9230769 0.3315451 1 0.3218799 1 0.3280972 0.9230769 0.3218799 1 0.3199272 0.9230769 0.3199272 0.9230769 0.3218799 1 0.3127528 0.9230769 0.3127528 0.9230769 0.3218799 1 0.3124348 1 0.3127528 0.9230769 0.3124348 1 0.3147452 0.9230769 0.3147452 0.9230769 0.3124348 1 0.31542 1 0.3147452 0.9230769 0.31542 1 0.3260416 0.9230769 0.3260416 0.9230769 0.31542 1 0.3268086 1 0.3260416 0.9230769 0.3268086 1 0.3326515 0.923077 0.3326515 0.923077 0.3268086 1 0.3329087 1 0.3891597 0.9230769 0.3896094 1 0.3869374 1 0.3891597 0.9230769 0.3869374 1 0.3818695 0.9230769 0.3818695 0.9230769 0.3869374 1 0.3791781 1 0.3818695 0.9230769 0.3791781 1 0.3742519 0.9230769 0.3742519 0.9230769 0.3791781 1 0.3739161 1 0.3742519 0.9230769 0.3739161 1 0.3749881 0.9230769 0.3749881 0.9230769 0.3739161 1 0.3769207 1 0.3749881 0.9230769 0.3769207 1 0.3832512 0.923077 0.3832512 0.923077 0.3769207 1 0.3849624 1 0.3832512 0.923077 0.3849624 1 0.3891597 0.9230769 0.3891597 0.9230769 0.3849624 1 0.3896094 1 0.3326515 0.923077 0.3329087 1 0.3315451 1 0.3326515 0.923077 0.3315451 1 0.3280972 0.9230769 0.3280972 0.9230769 0.3315451 1 0.3218799 1 0.3280972 0.9230769 0.3218799 1 0.3199272 0.923077 0.3199272 0.923077 0.3218799 1 0.3127527 0.923077 0.3127527 0.923077 0.3218799 1 0.3124348 1 0.3127527 0.923077 0.3124348 1 0.3147452 0.9230769 0.3147452 0.9230769 0.3124348 1 0.3123394 1 0.3147452 0.9230769 0.3123394 1 0.3172795 1 0.3147452 0.9230769 0.3172795 1 0.3260417 0.923077 0.3260417 0.923077 0.3172795 1 0.3268086 1 0.3260417 0.923077 0.3268086 1 0.3326515 0.923077 0.3326515 0.923077 0.3268086 1 0.3329087 1 0.3890683 0.9230769 0.3896094 1 0.3877785 1 0.3890683 0.9230769 0.3877785 1 0.3867385 0.9230769 0.3867385 0.9230769 0.3877785 1 0.3802225 1 0.3867385 0.9230769 0.3802225 1 0.379723 0.923077 0.379723 0.923077 0.3802225 1 0.3742519 0.923077 0.3742519 0.923077 0.3802225 1 0.3739162 1 0.3742519 0.923077 0.3739162 1 0.3749881 0.9230769 0.3749881 0.9230769 0.3739162 1 0.3769207 1 0.3749881 0.9230769 0.3769207 1 0.3823186 0.923077 0.3823186 0.923077 0.3769207 1 0.3849624 1 0.3823186 0.923077 0.3849624 1 0.3890683 0.9230769 0.3890683 0.9230769 0.3849624 1 0.3896094 1 0.6262547 0.923077 0.6264515 1 0.6246206 1 0.6262547 0.923077 0.6246206 1 0.6197332 0.9230769 0.6197332 0.9230769 0.6246206 1 0.6170647 1 0.6197332 0.9230769 0.6170647 1 0.611094 0.923077 0.611094 0.923077 0.6170647 1 0.6107582 1 0.611094 0.923077 0.6107582 1 0.6118301 0.9230769 0.6118301 0.9230769 0.6107582 1 0.6137627 1 0.6118301 0.9230769 0.6137627 1 0.6200932 0.9230769 0.6200932 0.9230769 0.6137627 1 0.6218045 1 0.6200932 0.9230769 0.6218045 1 0.6262547 0.923077 0.6262547 0.923077 0.6218045 1 0.6264515 1 0.6879147 0.9230769 0.6881719 1 0.6868082 1 0.6879147 0.9230769 0.6868082 1 0.6833603 0.9230769 0.6833603 0.9230769 0.6868082 1 0.6771431 1 0.6833603 0.9230769 0.6771431 1 0.6751903 0.923077 0.6751903 0.923077 0.6771431 1 0.668016 0.9230769 0.668016 0.9230769 0.6771431 1 0.667698 1 0.668016 0.9230769 0.667698 1 0.6700084 0.9230769 0.6700084 0.9230769 0.667698 1 0.6706832 1 0.6700084 0.9230769 0.6706832 1 0.6813048 0.9230769 0.6813048 0.9230769 0.6706832 1 0.6820718 1 0.6813048 0.9230769 0.6820718 1 0.6879147 0.9230769 0.6879147 0.9230769 0.6820718 1 0.6881719 1 0.6879146 0.9230769 0.6881719 1 0.6868082 1 0.6879146 0.9230769 0.6868082 1 0.6833604 0.923077 0.6833604 0.923077 0.6868082 1 0.677143 1 0.6833604 0.923077 0.677143 1 0.6751903 0.923077 0.6751903 0.923077 0.677143 1 0.668016 0.9230769 0.668016 0.9230769 0.677143 1 0.667698 1 0.668016 0.9230769 0.667698 1 0.6700084 0.923077 0.6700084 0.923077 0.667698 1 0.6706832 1 0.6700084 0.923077 0.6706832 1 0.6813048 0.923077 0.6813048 0.923077 0.6706832 1 0.6820718 1 0.6813048 0.923077 0.6820718 1 0.6879146 0.9230769 0.6879146 0.9230769 0.6820718 1 0.6881719 1 0.6263734 0.9230769 0.6264515 1 0.6246207 1 0.6263734 0.9230769 0.6246207 1 0.6235806 0.9230769 0.6235806 0.9230769 0.6246207 1 0.6170647 1 0.6235806 0.9230769 0.6170647 1 0.6165651 0.9230769 0.6165651 0.9230769 0.6170647 1 0.611094 0.9230769 0.611094 0.9230769 0.6170647 1 0.6107583 1 0.611094 0.9230769 0.6107583 1 0.6118302 0.9230769 0.6118302 0.9230769 0.6107583 1 0.6137629 1 0.6118302 0.9230769 0.6137629 1 0.6200933 0.923077 0.6200933 0.923077 0.6137629 1 0.6218045 1 0.6200933 0.923077 0.6218045 1 0.6263734 0.9230769 0.6263734 0.9230769 0.6218045 1 0.6264515 1 0.5078337 0.8461539 0.5080304 1 0.5061997 1 0.5078337 0.8461539 0.5061997 1 0.5013121 0.8461539 0.5013121 0.8461539 0.5061997 1 0.4986436 1 0.5013121 0.8461539 0.4986436 1 0.4926729 0.8461539 0.4926729 0.8461539 0.4986436 1 0.4923372 1 0.4926729 0.8461539 0.4923372 1 0.4934091 0.8461539 0.4934091 0.8461539 0.4923372 1 0.4953417 1 0.4934091 0.8461539 0.4953417 1 0.5016722 0.8461539 0.5016722 0.8461539 0.4953417 1 0.5033835 1 0.5016722 0.8461539 0.5033835 1 0.5078337 0.8461539 0.5078337 0.8461539 0.5033835 1 0.5080304 1 0.5013121 0.8461539 0.5016722 0.8461539 0.5078337 0.8461539 0.4934091 0.8461539 0.5016722 0.8461539 0.5013121 0.8461539 0.5013121 0.8461539 0.4926729 0.8461539 0.4934091 0.8461539 0.5078337 0.8461539 0.5075027 1 0.5013121 0.8461539 0.5013121 0.8461539 0.5075027 1 0.4996328 1 0.5013121 0.8461539 0.4996328 1 0.4926729 0.8461539 0.4926729 0.8461539 0.4996328 1 0.4923371 1 0.4926729 0.8461539 0.4923371 1 0.4934091 0.8461539 0.4934091 0.8461539 0.4923371 1 0.4953417 1 0.4934091 0.8461539 0.4953417 1 0.5016723 0.8461539 0.5016723 0.8461539 0.4953417 1 0.5033835 1 0.5016723 0.8461539 0.5033835 1 0.5078337 0.8461539 0.5078337 0.8461539 0.5033835 1 0.5075027 1 0.5078337 0.8461539 0.4926729 0.8461539 0.4934091 0.8461539 0.5078337 0.8461539 0.5013121 0.8461539 0.4926729 0.8461539 0.4934091 0.8461539 0.5016723 0.8461539 0.5078337 0.8461539 0.6842105 0.9230769 0.6842105 1 0.6842105 0.9230769 0.6842105 0.9230769 0.6842105 1 0.6842105 1 0.3157895 1 0.3157895 0.9230769 0.3157895 1 0.3157895 1 0.3157895 0.9230769 0.3157895 0.9230769</float_array>
          <technique_common>
            <accessor source="#Shape_IndexedFaceSet-mesh-map-0-array" count="9672" stride="2">
              <param name="S" type="float"/>
              <param name="T" type="float"/>
            </accessor>
          </technique_common>
        </source>
        <vertices id="Shape_IndexedFaceSet-mesh-vertices">
          <input semantic="POSITION" source="#Shape_IndexedFaceSet-mesh-positions"/>
        </vertices>
        <triangles material="Shape-material" count="68">
          <input semantic="VERTEX" source="#Shape_IndexedFaceSet-mesh-vertices" offset="0"/>
          <input semantic="NORMAL" source="#Shape_IndexedFaceSet-mesh-normals" offset="1"/>
          <input semantic="TEXCOORD" source="#Shape_IndexedFaceSet-mesh-map-0" offset="2" set="0"/>
          <p>22 0 0 2 0 1 23 0 2 23 1 3 2 1 4 3 1 5 34 2 6 22 2 7 35 2 8 35 3 9 22 3 10 23 3 11 32 4 12 34 4 13 33 4 14 33 5 15 34 5 16 35 5 17 17 6 18 32 6 19 18 6 20 18 7 21 32 7 22 33 7 23 0 8 24 17 8 25 1 8 26 1 9 27 17 9 28 18 9 29 2 10 30 0 10 31 3 10 32 3 11 33 0 12 34 1 13 35 2 14 36 22 14 37 16 14 38 17 15 39 13 15 40 26 15 41 17 16 42 26 16 43 32 16 44 26 15 45 30 15 46 32 15 47 32 15 48 30 15 49 34 15 50 34 17 51 30 17 52 16 17 53 34 18 54 16 18 55 22 18 56 2 19 57 5 19 58 0 19 59 16 20 60 7 20 61 2 20 62 0 21 63 5 21 64 13 21 65 0 15 66 13 15 67 17 15 68 2 22 69 7 22 70 5 22 71 15 23 72 29 23 73 35 23 74 18 24 75 20 24 76 9 24 77 18 25 78 9 25 79 1 25 80 1 26 81 9 26 82 3 26 83 3 27 84 9 27 85 11 27 86 23 28 87 15 28 88 35 28 89 35 29 90 29 29 91 33 29 92 3 30 93 11 30 94 15 30 95 3 31 96 15 31 97 23 31 98 29 32 99 20 32 100 33 32 101 33 33 102 20 33 103 18 33 104 27 34 105 28 35 106 21 36 107 28 37 108 14 38 109 21 39 110 14 40 111 10 41 112 21 42 113 10 43 114 8 44 115 21 45 116 8 46 117 19 47 118 21 48 119 21 49 120 19 50 121 27 51 122 27 52 123 29 53 124 28 54 125 28 55 126 29 56 127 15 57 128 28 58 129 15 59 130 14 60 131 14 61 132 15 62 133 10 63 134 10 64 135 15 65 136 11 66 137 10 67 138 11 68 139 8 69 140 8 70 141 11 71 142 9 72 143 8 73 144 9 74 145 19 75 146 19 76 147 9 77 148 20 78 149 19 79 150 20 80 151 27 81 152 27 82 153 20 83 154 29 84 155 7 85 156 4 86 157 5 87 158 5 88 159 4 89 160 6 90 161 5 91 162 6 92 163 13 93 164 13 94 165 6 95 166 25 96 167 13 97 168 25 98 169 26 99 170 26 100 171 25 101 172 30 102 173 30 103 174 25 104 175 31 105 176 30 106 177 31 107 178 24 108 179 30 109 180 24 110 181 16 111 182 16 112 183 24 113 184 12 114 185 16 115 186 12 116 187 7 117 188 7 118 189 12 119 190 4 120 191 4 15 192 25 15 193 6 15 194 4 15 195 31 15 196 25 15 197 24 15 198 31 15 199 4 15 200 4 121 201 12 121 202 24 121 203</p>
        </triangles>
        <triangles material="Shape_001-material" count="64">
          <input semantic="VERTEX" source="#Shape_IndexedFaceSet-mesh-vertices" offset="0"/>
          <input semantic="NORMAL" source="#Shape_IndexedFaceSet-mesh-normals" offset="1"/>
          <input semantic="TEXCOORD" source="#Shape_IndexedFaceSet-mesh-map-0" offset="2" set="0"/>
          <p>57 122 204 56 122 205 39 122 206 39 123 207 56 123 208 38 123 209 69 124 210 68 124 211 57 124 212 57 125 213 68 125 214 56 125 215 67 126 216 66 126 217 69 126 218 69 127 219 66 127 220 68 127 221 54 128 222 53 128 223 67 128 224 67 129 225 53 129 226 66 129 227 37 130 228 36 130 229 54 130 230 54 131 231 36 131 232 53 131 233 39 132 234 38 132 235 37 132 236 37 133 237 38 134 238 36 135 239 62 136 240 43 136 241 56 136 242 56 15 243 43 15 244 38 15 245 36 15 246 41 15 247 53 15 248 53 137 249 41 137 250 49 137 251 38 138 252 43 138 253 41 138 254 38 15 255 41 15 256 36 15 257 68 139 258 62 139 259 56 139 260 53 15 261 49 15 262 61 15 263 53 140 264 61 140 265 66 140 266 66 15 267 61 15 268 68 15 269 68 141 270 61 141 271 62 141 272 61 142 273 60 143 274 64 144 275 61 145 276 64 146 277 62 147 278 62 148 279 64 149 280 52 150 281 62 151 282 52 152 283 43 153 284 43 154 285 52 155 286 42 156 287 43 157 288 42 158 289 40 159 290 43 160 291 40 161 292 41 162 293 41 163 294 40 164 295 48 165 296 41 166 297 48 167 298 49 168 299 49 169 300 48 170 301 60 171 302 49 172 303 60 173 304 61 174 305 40 175 306 60 175 307 48 175 308 40 176 309 64 176 310 60 176 311 52 15 312 64 15 313 40 15 314 42 15 315 52 15 316 40 15 317 54 177 318 51 177 319 37 177 320 37 177 321 51 177 322 45 177 323 67 178 324 51 178 325 54 178 326 37 177 327 45 177 328 39 177 329 39 179 330 45 179 331 47 179 332 59 177 333 65 177 334 69 177 335 69 177 336 65 177 337 67 177 338 67 180 339 65 180 340 51 180 341 47 181 342 59 181 343 57 181 344 57 177 345 59 177 346 69 177 347 39 182 348 47 182 349 57 182 350 55 183 351 63 184 352 58 185 353 58 186 354 46 187 355 55 188 356 46 189 357 44 190 358 55 191 359 55 192 360 44 193 361 50 194 362 50 195 363 63 196 364 55 197 365 63 198 366 65 199 367 58 200 368 58 201 369 65 202 370 59 203 371 58 204 372 59 205 373 46 206 374 46 207 375 59 208 376 47 209 377 46 210 378 47 211 379 44 212 380 44 213 381 47 214 382 45 215 383 44 216 384 45 217 385 50 218 386 50 219 387 45 220 388 51 221 389 50 222 390 51 223 391 63 224 392 63 225 393 51 226 394 65 227 395</p>
        </triangles>
        <triangles material="Shape_002-material" count="62">
          <input semantic="VERTEX" source="#Shape_IndexedFaceSet-mesh-vertices" offset="0"/>
          <input semantic="NORMAL" source="#Shape_IndexedFaceSet-mesh-normals" offset="1"/>
          <input semantic="TEXCOORD" source="#Shape_IndexedFaceSet-mesh-map-0" offset="2" set="0"/>
          <p>95 228 396 94 228 397 102 228 398 102 229 399 94 229 400 101 229 401 73 230 402 72 230 403 95 230 404 95 231 405 72 231 406 94 231 407 71 232 408 70 232 409 73 232 410 73 233 411 70 233 412 72 233 413 86 234 414 85 234 415 71 234 416 71 235 417 85 235 418 70 235 419 100 236 420 99 236 421 86 236 422 86 237 423 99 237 424 85 237 425 102 238 426 101 238 427 100 238 428 100 239 429 101 239 430 99 239 431 99 240 432 90 240 433 85 240 434 85 241 435 90 241 436 83 241 437 85 242 438 83 242 439 70 242 440 70 243 441 83 243 442 75 243 443 72 15 444 76 15 445 94 15 446 94 244 447 76 244 448 88 244 449 101 245 450 97 245 451 99 245 452 99 246 453 97 246 454 90 246 455 70 15 456 75 15 457 76 15 458 70 247 459 76 247 460 72 247 461 94 15 462 88 15 463 97 15 464 94 248 465 97 248 466 101 248 467 75 249 468 74 250 469 76 251 470 76 252 471 74 253 472 80 254 473 76 255 474 80 256 475 88 257 476 88 258 477 80 259 478 96 260 479 88 261 480 96 262 481 97 263 482 97 264 483 96 265 484 93 266 485 97 267 486 93 268 487 90 269 488 90 270 489 93 271 490 77 272 491 90 273 492 77 274 493 83 275 494 83 276 495 77 277 496 75 278 497 75 279 498 77 280 499 74 281 500 80 282 501 93 282 502 96 282 503 80 15 504 77 15 505 93 15 506 80 15 507 74 15 508 77 15 509 100 177 510 91 177 511 98 177 512 100 177 513 98 177 514 102 177 515 86 177 516 82 177 517 100 177 518 100 283 519 82 283 520 91 283 521 84 284 522 79 284 523 73 284 524 73 285 525 79 285 526 71 285 527 71 286 528 79 286 529 82 286 530 71 287 531 82 287 532 86 287 533 102 288 534 98 288 535 84 288 536 102 289 537 84 289 538 95 289 539 95 290 540 84 290 541 73 290 542 78 291 543 81 292 544 89 293 545 89 294 546 81 295 547 92 296 548 92 297 549 87 298 550 89 299 551 87 300 552 78 301 553 89 302 554 78 303 555 79 304 556 81 305 557 81 306 558 79 307 559 84 308 560 81 309 561 84 310 562 92 311 563 92 312 564 84 313 565 98 314 566 92 315 567 98 316 568 87 317 569 87 318 570 98 319 571 91 320 572 87 321 573 91 322 574 82 323 575 87 324 576 82 325 577 78 326 578 78 327 579 82 328 580 79 329 581</p>
        </triangles>
        <triangles material="Shape_003-material" count="68">
          <input semantic="VERTEX" source="#Shape_IndexedFaceSet-mesh-vertices" offset="0"/>
          <input semantic="NORMAL" source="#Shape_IndexedFaceSet-mesh-normals" offset="1"/>
          <input semantic="TEXCOORD" source="#Shape_IndexedFaceSet-mesh-map-0" offset="2" set="0"/>
          <p>125 330 582 105 330 583 126 330 584 126 1 585 105 1 586 106 1 587 137 331 588 125 331 589 138 331 590 138 332 591 125 332 592 126 332 593 135 333 594 137 333 595 136 333 596 136 334 597 137 334 598 138 334 599 120 335 600 135 335 601 121 335 602 121 7 603 135 7 604 136 7 605 103 336 606 120 336 607 104 336 608 104 337 609 120 337 610 121 337 611 105 338 612 103 339 613 106 340 614 106 341 615 103 342 616 104 343 617 137 344 618 119 344 619 125 344 620 125 345 621 119 345 622 105 345 623 105 15 624 119 15 625 110 15 626 120 15 627 116 15 628 129 15 629 120 346 630 129 346 631 135 346 632 129 15 633 133 15 634 135 15 635 135 15 636 133 15 637 137 15 638 137 15 639 133 15 640 119 15 641 103 15 642 108 15 643 116 15 644 103 347 645 116 347 646 120 347 647 110 348 648 108 348 649 105 348 650 105 15 651 108 15 652 103 15 653 118 349 654 132 349 655 138 349 656 121 350 657 123 350 658 112 350 659 121 351 660 112 351 661 104 351 662 106 352 663 114 352 664 118 352 665 106 353 666 118 353 667 126 353 668 126 354 669 118 354 670 138 354 671 132 355 672 123 355 673 136 355 674 136 356 675 123 356 676 121 356 677 104 357 678 112 357 679 106 357 680 106 358 681 112 358 682 114 358 683 138 359 684 132 359 685 136 359 686 130 360 687 131 361 688 124 362 689 131 363 690 117 364 691 124 365 692 117 366 693 113 367 694 124 368 695 113 369 696 111 370 697 124 371 698 111 372 699 122 373 700 124 374 701 124 375 702 122 376 703 130 377 704 130 378 705 132 379 706 131 380 707 131 381 708 132 382 709 118 383 710 131 384 711 118 385 712 117 386 713 117 387 714 118 388 715 113 389 716 113 390 717 118 391 718 114 392 719 113 393 720 114 394 721 111 395 722 111 396 723 114 397 724 112 398 725 111 399 726 112 400 727 122 401 728 122 402 729 112 403 730 123 404 731 122 405 732 123 406 733 130 407 734 130 408 735 123 409 736 132 410 737 110 411 738 107 412 739 108 413 740 108 414 741 107 415 742 109 416 743 108 417 744 109 418 745 116 419 746 116 420 747 109 421 748 128 422 749 116 423 750 128 424 751 129 425 752 129 426 753 128 427 754 133 428 755 133 429 756 128 430 757 134 431 758 133 432 759 134 433 760 127 434 761 133 435 762 127 436 763 119 437 764 119 438 765 127 439 766 115 440 767 119 441 768 115 442 769 110 443 770 110 444 771 115 445 772 107 446 773 107 15 774 128 15 775 109 15 776 107 447 777 134 447 778 128 447 779 127 15 780 134 15 781 107 15 782 107 448 783 115 448 784 127 448 785</p>
        </triangles>
        <triangles material="Shape_004-material" count="324">
          <input semantic="VERTEX" source="#Shape_IndexedFaceSet-mesh-vertices" offset="0"/>
          <input semantic="NORMAL" source="#Shape_IndexedFaceSet-mesh-normals" offset="1"/>
          <input semantic="TEXCOORD" source="#Shape_IndexedFaceSet-mesh-map-0" offset="2" set="0"/>
          <p>219 449 786 214 449 787 221 449 788 221 450 789 214 450 790 215 450 791 208 451 792 205 451 793 179 451 794 179 452 795 205 452 796 175 452 797 226 453 798 239 453 799 262 453 800 262 453 801 239 453 802 264 453 803 169 454 804 172 454 805 163 454 806 163 454 807 172 454 808 166 454 809 222 455 810 218 455 811 216 455 812 226 456 813 227 456 814 167 456 815 167 457 816 227 457 817 195 457 818 167 458 819 195 458 820 182 458 821 167 459 822 182 459 823 173 459 824 251 15 825 227 15 826 226 15 827 228 460 828 229 460 829 173 460 830 229 461 831 228 461 832 251 461 833 229 462 834 251 462 835 226 462 836 197 463 837 184 463 838 176 463 839 184 464 840 191 464 841 177 464 842 176 465 843 234 465 844 197 465 845 191 466 846 235 466 847 236 466 848 236 467 849 235 467 850 253 467 851 236 468 852 253 468 853 259 468 854 253 15 855 234 15 856 259 15 857 191 15 858 236 15 859 177 15 860 177 469 861 236 469 862 237 469 863 177 470 864 237 470 865 198 470 866 169 15 867 192 15 868 238 15 869 177 471 870 198 471 871 185 471 872 185 472 873 192 472 874 169 472 875 263 473 876 238 473 877 254 473 878 263 474 879 254 474 880 236 474 881 236 475 882 254 475 883 237 475 884 252 476 885 230 476 886 229 476 887 232 477 888 231 477 889 252 477 890 232 478 891 252 478 892 229 478 893 229 479 894 230 479 895 173 479 896 174 480 897 190 480 898 232 480 899 232 481 900 190 481 901 231 481 902 230 482 903 196 482 904 173 482 905 173 483 906 183 483 907 174 483 908 174 484 909 183 484 910 190 484 911 196 485 912 183 485 913 173 485 914 259 486 915 263 486 916 236 486 917 270 15 918 276 15 919 259 15 920 259 487 921 276 487 922 282 487 923 259 488 924 266 488 925 270 488 926 282 15 927 275 15 928 233 15 929 233 15 930 275 15 931 266 15 932 233 15 933 266 15 934 259 15 935 282 489 936 276 489 937 275 489 938 233 15 939 269 15 940 282 15 941 282 15 942 269 15 943 274 15 944 274 490 945 281 490 946 282 490 947 274 491 948 273 491 949 281 491 950 281 492 951 273 492 952 262 492 953 262 15 954 273 15 955 233 15 956 262 493 957 232 493 958 229 493 959 262 494 960 229 494 961 226 494 962 174 495 963 168 495 964 167 495 965 174 496 966 167 496 967 173 496 968 168 497 969 153 497 970 139 497 971 139 498 972 153 498 973 145 498 974 161 15 975 154 15 976 168 15 977 154 15 978 153 15 979 168 15 980 139 499 981 145 499 982 140 499 983 140 500 984 145 500 985 149 500 986 141 501 987 150 501 988 163 501 989 163 502 990 150 502 991 156 502 992 155 503 993 146 503 994 140 503 995 141 504 996 146 504 997 150 504 998 156 15 999 155 15 1000 162 15 1001 140 505 1002 146 505 1003 141 505 1004 163 15 1005 162 15 1006 175 15 1007 176 506 1008 184 506 1009 177 506 1010 176 507 1011 177 507 1012 163 507 1013 163 508 1014 177 508 1015 169 508 1016 177 509 1017 185 509 1018 169 509 1019 216 510 1020 212 510 1021 232 510 1022 174 511 1023 203 511 1024 168 511 1025 232 512 1026 212 512 1027 174 512 1028 174 513 1029 212 513 1030 203 513 1031 233 15 1032 223 15 1033 222 15 1034 232 514 1035 222 514 1036 216 514 1037 214 515 1038 219 515 1039 223 515 1040 210 516 1041 234 516 1042 176 516 1043 163 517 1044 175 517 1045 176 517 1046 176 518 1047 175 518 1048 205 518 1049 176 519 1050 205 519 1051 210 519 1052 210 15 1053 214 15 1054 234 15 1055 234 15 1056 214 15 1057 223 15 1058 163 15 1059 156 15 1060 162 15 1061 203 520 1062 204 520 1063 168 520 1064 168 521 1065 204 521 1066 161 521 1067 259 15 1068 234 15 1069 223 15 1070 259 15 1071 223 15 1072 233 15 1073 233 15 1074 222 15 1075 262 15 1076 262 522 1077 222 522 1078 232 522 1079 238 523 1080 263 523 1081 169 523 1082 155 524 1083 140 524 1084 162 524 1085 162 525 1086 140 525 1087 161 525 1088 161 526 1089 140 526 1090 149 526 1091 161 527 1092 149 527 1093 154 527 1094 171 177 1095 164 177 1096 207 177 1097 255 177 1098 241 177 1099 242 177 1100 239 528 1101 240 528 1102 255 528 1103 239 529 1104 255 529 1105 242 529 1106 199 530 1107 178 530 1108 241 530 1109 178 177 1110 199 177 1111 186 177 1112 240 177 1113 239 177 1114 193 177 1115 193 531 1116 239 531 1117 170 531 1118 178 532 1119 186 532 1120 170 532 1121 170 533 1122 186 533 1123 193 533 1124 178 534 1125 242 534 1126 241 534 1127 171 535 1128 200 535 1129 187 535 1130 171 536 1131 187 536 1132 178 536 1133 178 537 1134 243 537 1135 242 537 1136 260 538 1137 256 538 1138 244 538 1139 171 539 1140 244 539 1141 200 539 1142 242 177 1143 243 177 1144 256 177 1145 242 177 1146 256 177 1147 260 177 1148 245 177 1149 246 177 1150 257 177 1151 245 177 1152 257 177 1153 248 177 1154 257 177 1155 247 177 1156 248 177 1157 248 177 1158 247 177 1159 181 177 1160 181 177 1161 247 177 1162 201 177 1163 181 540 1164 201 540 1165 188 540 1166 246 541 1167 245 541 1168 180 541 1169 181 542 1170 188 542 1171 180 542 1172 249 543 1173 258 543 1174 248 543 1175 248 177 1176 258 177 1177 265 177 1178 265 544 1179 258 544 1180 250 544 1181 172 177 1182 250 177 1183 202 177 1184 172 545 1185 202 545 1186 189 545 1187 181 177 1188 194 177 1189 248 177 1190 248 177 1191 194 177 1192 249 177 1193 172 177 1194 189 177 1195 181 177 1196 181 177 1197 189 177 1198 194 177 1199 283 546 1200 278 546 1201 268 546 1202 268 547 1203 278 547 1204 271 547 1205 268 177 1206 271 177 1207 267 177 1208 239 177 1209 242 177 1210 264 177 1211 264 548 1212 242 548 1213 260 548 1214 264 177 1215 268 177 1216 267 177 1217 264 177 1218 267 177 1219 277 177 1220 264 549 1221 277 549 1222 283 549 1223 277 550 1224 278 550 1225 283 550 1226 284 177 1227 280 177 1228 261 177 1229 261 177 1230 280 177 1231 272 177 1232 261 551 1233 272 551 1234 268 551 1235 283 177 1236 268 177 1237 279 177 1238 283 177 1239 279 177 1240 284 177 1241 284 552 1242 279 552 1243 280 552 1244 265 177 1245 261 177 1246 245 177 1247 265 177 1248 245 177 1249 248 177 1250 148 553 1251 159 553 1252 165 553 1253 152 177 1254 144 177 1255 160 177 1256 160 554 1257 144 554 1258 166 554 1259 165 177 1260 159 177 1261 166 177 1262 166 555 1263 159 555 1264 160 555 1265 152 177 1266 148 177 1267 144 177 1268 144 177 1269 148 177 1270 143 177 1271 158 177 1272 151 177 1273 143 177 1274 171 556 1275 157 556 1276 158 556 1277 171 557 1278 158 557 1279 164 557 1280 143 558 1281 151 558 1282 147 558 1283 143 177 1284 147 177 1285 142 177 1286 142 559 1287 147 559 1288 171 559 1289 171 560 1290 147 560 1291 157 560 1292 172 177 1293 181 177 1294 166 177 1295 166 177 1296 181 177 1297 180 177 1298 166 177 1299 180 177 1300 179 177 1301 166 561 1302 179 561 1303 165 561 1304 170 177 1305 171 177 1306 178 177 1307 245 562 1308 211 562 1309 180 562 1310 225 177 1311 221 177 1312 245 177 1313 245 563 1314 221 563 1315 215 563 1316 245 564 1317 215 564 1318 211 564 1319 180 177 1320 211 177 1321 208 177 1322 208 565 1323 179 565 1324 180 565 1325 217 177 1326 220 177 1327 260 177 1328 260 177 1329 220 177 1330 224 177 1331 268 177 1332 224 177 1333 225 177 1334 217 566 1335 260 566 1336 244 566 1337 217 177 1338 244 177 1339 213 177 1340 209 567 1341 213 567 1342 244 567 1343 206 568 1344 209 568 1345 171 568 1346 171 569 1347 209 569 1348 244 569 1349 207 570 1350 206 570 1351 171 570 1352 143 571 1353 148 571 1354 165 571 1355 143 177 1356 165 177 1357 164 177 1358 143 572 1359 164 572 1360 158 572 1361 225 573 1362 245 573 1363 261 573 1364 225 574 1365 261 574 1366 268 574 1367 224 575 1368 268 575 1369 264 575 1370 224 576 1371 264 576 1372 260 576 1373 265 577 1374 250 577 1375 172 577 1376 259 453 1377 261 453 1378 263 453 1379 263 453 1380 261 453 1381 265 453 1382 167 578 1383 170 578 1384 226 578 1385 226 578 1386 170 578 1387 239 578 1388 168 454 1389 171 454 1390 167 454 1391 167 454 1392 171 454 1393 170 454 1394 263 579 1395 265 579 1396 169 579 1397 169 579 1398 265 579 1399 172 579 1400 205 580 1401 208 581 1402 210 582 1403 210 583 1404 208 584 1405 211 585 1406 210 586 1407 211 587 1408 214 588 1409 214 589 1410 211 590 1411 215 591 1412 213 592 1413 216 592 1414 217 592 1415 216 593 1416 213 594 1417 212 595 1418 212 596 1419 213 597 1420 209 598 1421 212 599 1422 209 600 1423 203 601 1424 203 602 1425 209 603 1426 206 604 1427 217 605 1428 216 605 1429 220 605 1430 220 606 1431 216 606 1432 218 606 1433 207 607 1434 204 607 1435 206 607 1436 206 608 1437 204 608 1438 203 608 1439 192 609 1440 202 609 1441 238 609 1442 238 610 1443 202 610 1444 250 610 1445 238 611 1446 250 612 1447 254 613 1448 254 614 1449 250 615 1450 258 616 1451 254 617 1452 258 618 1453 237 619 1454 237 620 1455 258 621 1456 249 622 1457 237 623 1458 249 623 1459 198 623 1460 198 624 1461 249 624 1462 194 624 1463 198 625 1464 194 626 1465 185 627 1466 185 628 1467 194 629 1468 189 630 1469 185 631 1470 189 632 1471 192 633 1472 192 634 1473 189 635 1474 202 636 1475 191 637 1476 201 637 1477 235 637 1478 235 638 1479 201 638 1480 247 638 1481 235 639 1482 247 640 1483 257 641 1484 235 642 1485 257 643 1486 253 644 1487 253 645 1488 257 646 1489 234 647 1490 234 648 1491 257 649 1492 246 650 1493 234 651 1494 246 651 1495 197 651 1496 197 652 1497 246 652 1498 180 652 1499 197 653 1500 180 654 1501 184 655 1502 184 656 1503 180 657 1504 188 658 1505 184 659 1506 188 660 1507 191 661 1508 191 662 1509 188 663 1510 201 664 1511 231 665 1512 244 666 1513 252 667 1514 252 668 1515 244 669 1516 256 670 1517 252 671 1518 256 672 1519 243 673 1520 252 674 1521 243 675 1522 230 676 1523 230 677 1524 243 677 1525 196 677 1526 196 678 1527 243 678 1528 178 678 1529 196 679 1530 178 680 1531 183 681 1532 183 682 1533 178 683 1534 187 684 1535 183 685 1536 187 686 1537 190 687 1538 190 688 1539 187 689 1540 200 690 1541 190 691 1542 200 691 1543 231 691 1544 231 692 1545 200 692 1546 244 692 1547 241 693 1548 228 693 1549 199 693 1550 199 694 1551 228 694 1552 173 694 1553 195 695 1554 193 696 1555 182 697 1556 182 698 1557 193 699 1558 186 700 1559 182 701 1560 186 702 1561 173 703 1562 173 704 1563 186 705 1564 199 706 1565 227 707 1566 240 707 1567 195 707 1568 195 708 1569 240 708 1570 193 708 1571 228 709 1572 241 710 1573 251 711 1574 251 712 1575 241 713 1576 255 714 1577 251 715 1578 255 716 1579 227 717 1580 227 718 1581 255 719 1582 240 720 1583 139 578 1584 142 578 1585 168 578 1586 168 578 1587 142 578 1588 171 578 1589 144 579 1590 141 579 1591 166 579 1592 166 721 1593 141 721 1594 163 721 1595 141 454 1596 144 454 1597 140 454 1598 140 454 1599 144 454 1600 143 454 1601 140 454 1602 143 454 1603 139 454 1604 139 454 1605 143 454 1606 142 454 1607 154 722 1608 158 723 1609 153 724 1610 153 725 1611 158 726 1612 157 727 1613 153 728 1614 157 729 1615 145 730 1616 145 731 1617 157 732 1618 147 733 1619 145 734 1620 147 735 1621 149 736 1622 149 737 1623 147 738 1624 151 739 1625 149 740 1626 151 741 1627 154 742 1628 154 743 1629 151 744 1630 158 745 1631 156 746 1632 160 747 1633 155 748 1634 155 749 1635 160 750 1636 159 751 1637 155 752 1638 159 753 1639 146 754 1640 146 755 1641 159 756 1642 148 757 1643 146 758 1644 148 759 1645 150 760 1646 150 761 1647 148 762 1648 152 763 1649 150 764 1650 152 765 1651 156 766 1652 156 767 1653 152 768 1654 160 769 1655 204 579 1656 207 579 1657 161 579 1658 161 579 1659 207 579 1660 164 579 1661 161 453 1662 164 453 1663 162 453 1664 162 453 1665 164 453 1666 165 453 1667 179 578 1668 175 578 1669 165 578 1670 165 578 1671 175 578 1672 162 578 1673 274 770 1674 278 771 1675 273 772 1676 273 773 1677 278 774 1678 277 775 1679 273 776 1680 277 777 1681 233 778 1682 233 779 1683 277 780 1684 267 781 1685 233 782 1686 267 783 1687 269 784 1688 269 785 1689 267 786 1690 271 787 1691 269 788 1692 271 789 1693 274 790 1694 274 791 1695 271 792 1696 278 793 1697 281 453 1698 283 453 1699 282 453 1700 282 453 1701 283 453 1702 284 453 1703 264 578 1704 283 578 1705 262 578 1706 262 578 1707 283 578 1708 281 578 1709 282 794 1710 284 794 1711 259 794 1712 259 795 1713 284 795 1714 261 795 1715 276 796 1716 280 797 1717 275 798 1718 275 799 1719 280 800 1720 279 801 1721 275 802 1722 279 803 1723 266 804 1724 266 805 1725 279 806 1726 268 807 1727 266 808 1728 268 809 1729 270 810 1730 270 811 1731 268 812 1732 272 813 1733 270 814 1734 272 815 1735 276 816 1736 276 817 1737 272 818 1738 280 819 1739 224 454 1740 222 454 1741 225 454 1742 225 454 1743 222 454 1744 223 454 1745 222 579 1746 224 579 1747 218 579 1748 218 579 1749 224 579 1750 220 579 1751 223 578 1752 219 578 1753 225 578 1754 225 578 1755 219 578 1756 221 578 1757</p>
        </triangles>
        <triangles material="Shape_005-material" count="66">
          <input semantic="VERTEX" source="#Shape_IndexedFaceSet-mesh-vertices" offset="0"/>
          <input semantic="NORMAL" source="#Shape_IndexedFaceSet-mesh-normals" offset="1"/>
          <input semantic="TEXCOORD" source="#Shape_IndexedFaceSet-mesh-map-0" offset="2" set="0"/>
          <p>311 820 1758 310 820 1759 319 820 1760 319 821 1761 310 821 1762 318 821 1763 288 822 1764 287 823 1765 311 824 1766 311 825 1767 287 826 1768 310 827 1769 286 828 1770 285 828 1771 288 828 1772 288 829 1773 285 829 1774 287 829 1775 301 830 1776 300 830 1777 286 830 1778 286 831 1779 300 831 1780 285 831 1781 317 832 1782 316 832 1783 301 832 1784 301 833 1785 316 833 1786 300 833 1787 319 834 1788 318 834 1789 317 834 1790 317 835 1791 318 835 1792 316 835 1793 316 15 1794 315 15 1795 307 15 1796 318 836 1797 308 836 1798 315 836 1799 316 837 1800 307 837 1801 300 837 1802 300 838 1803 307 838 1804 292 838 1805 285 839 1806 292 839 1807 290 839 1808 290 15 1809 299 15 1810 287 15 1811 287 840 1812 299 840 1813 310 840 1814 299 841 1815 308 841 1816 310 841 1817 310 842 1818 308 842 1819 318 842 1820 318 15 1821 315 15 1822 316 15 1823 300 843 1824 292 843 1825 285 843 1826 285 844 1827 290 844 1828 287 844 1829 290 845 1830 289 846 1831 291 847 1832 290 848 1833 291 849 1834 298 850 1835 290 851 1836 298 852 1837 299 853 1838 299 854 1839 298 855 1840 308 856 1841 308 857 1842 298 858 1843 314 859 1844 308 860 1845 314 861 1846 315 862 1847 315 863 1848 314 864 1849 305 865 1850 315 866 1851 305 867 1852 307 868 1853 307 869 1854 305 870 1855 297 871 1856 307 872 1857 297 873 1858 292 874 1859 292 875 1860 297 876 1861 289 877 1862 292 878 1863 289 879 1864 290 880 1865 289 881 1866 297 881 1867 305 881 1868 305 882 1869 291 882 1870 289 882 1871 305 15 1872 298 15 1873 291 15 1874 305 15 1875 314 15 1876 298 15 1877 295 177 1878 304 177 1879 301 177 1880 301 177 1881 304 177 1882 317 177 1883 317 177 1884 304 177 1885 313 177 1886 313 177 1887 303 177 1888 319 177 1889 319 883 1890 303 883 1891 311 883 1892 317 177 1893 313 177 1894 319 177 1895 311 177 1896 303 177 1897 288 177 1898 288 884 1899 303 884 1900 294 884 1901 286 177 1902 294 177 1903 295 177 1904 286 885 1905 295 885 1906 301 885 1907 288 177 1908 294 177 1909 286 177 1910 293 886 1911 302 887 1912 306 888 1913 306 889 1914 302 890 1915 309 891 1916 309 892 1917 312 893 1918 306 894 1919 306 895 1920 312 896 1921 296 897 1922 296 898 1923 293 899 1924 306 900 1925 293 901 1926 295 902 1927 294 903 1928 293 904 1929 294 905 1930 302 906 1931 302 907 1932 294 908 1933 303 909 1934 302 910 1935 303 911 1936 309 912 1937 309 913 1938 303 914 1939 313 915 1940 309 916 1941 313 917 1942 312 918 1943 312 919 1944 313 920 1945 296 921 1946 296 922 1947 313 923 1948 304 924 1949 296 925 1950 304 926 1951 295 927 1952 296 928 1953 295 929 1954 293 930 1955</p>
        </triangles>
        <triangles material="Shape_006-material" count="162">
          <input semantic="VERTEX" source="#Shape_IndexedFaceSet-mesh-vertices" offset="0"/>
          <input semantic="NORMAL" source="#Shape_IndexedFaceSet-mesh-normals" offset="1"/>
          <input semantic="TEXCOORD" source="#Shape_IndexedFaceSet-mesh-map-0" offset="2" set="0"/>
          <p>336 931 1956 345 931 1957 321 931 1958 343 15 1959 326 15 1960 320 15 1961 321 932 1962 327 932 1963 336 932 1964 320 933 1965 326 933 1966 321 933 1967 321 934 1968 326 934 1969 327 934 1970 327 15 1971 326 15 1972 335 15 1973 335 15 1974 344 15 1975 327 15 1976 380 935 1977 365 935 1978 387 935 1979 345 15 1980 351 15 1981 355 15 1982 355 936 1983 359 936 1984 388 936 1985 366 937 1986 380 937 1987 388 937 1988 364 15 1989 379 15 1990 365 15 1991 365 938 1992 379 938 1993 387 938 1994 387 939 1995 379 939 1996 363 939 1997 366 940 1998 357 940 1999 336 940 2000 336 941 2001 357 941 2002 350 941 2003 387 942 2004 363 942 2005 320 942 2006 320 15 2007 363 15 2008 343 15 2009 366 943 2010 361 943 2011 357 943 2012 336 15 2013 350 15 2014 345 15 2015 345 944 2016 350 944 2017 351 944 2018 388 945 2019 380 945 2020 387 945 2021 344 15 2022 335 15 2023 365 15 2024 365 946 2025 335 946 2026 364 946 2027 388 947 2028 359 947 2029 361 947 2030 388 948 2031 361 948 2032 366 948 2033 329 949 2034 338 949 2035 322 949 2036 329 15 2037 337 15 2038 346 15 2039 345 950 2040 328 950 2041 321 950 2042 321 951 2043 328 951 2044 329 951 2045 329 15 2046 328 15 2047 337 15 2048 321 952 2049 329 952 2050 322 952 2051 322 953 2052 338 953 2053 389 953 2054 389 954 2055 338 954 2056 370 954 2057 355 955 2058 388 955 2059 345 955 2060 345 956 2061 388 956 2062 367 956 2063 389 957 2064 370 957 2065 382 957 2066 389 958 2067 382 958 2068 388 958 2069 388 959 2070 382 959 2071 369 959 2072 368 15 2073 369 15 2074 337 15 2075 337 960 2076 369 960 2077 346 960 2078 369 15 2079 368 15 2080 381 15 2081 388 961 2082 369 961 2083 381 961 2084 388 962 2085 381 962 2086 367 962 2087 390 963 2088 371 963 2089 383 963 2090 341 177 2091 356 177 2092 353 177 2093 390 177 2094 383 177 2095 391 177 2096 391 964 2097 383 964 2098 372 964 2099 356 177 2100 341 177 2101 391 177 2102 391 965 2103 360 965 2104 356 965 2105 374 966 2106 352 966 2107 354 966 2108 334 177 2109 352 177 2110 374 177 2111 360 967 2112 384 967 2113 374 967 2114 360 177 2115 374 177 2116 362 177 2117 362 968 2118 374 968 2119 358 968 2120 374 969 2121 354 969 2122 358 969 2123 341 970 2124 353 970 2125 352 970 2126 372 971 2127 373 971 2128 384 971 2129 372 972 2130 384 972 2131 391 972 2132 391 973 2133 384 973 2134 360 973 2135 347 177 2136 331 177 2137 340 177 2138 347 177 2139 340 177 2140 372 177 2141 372 177 2142 340 177 2143 373 177 2144 323 177 2145 339 177 2146 390 177 2147 390 974 2148 339 974 2149 371 974 2150 330 177 2151 339 177 2152 323 177 2153 324 975 2154 334 975 2155 331 975 2156 347 976 2157 330 976 2158 331 976 2159 331 177 2160 330 177 2161 324 177 2162 324 977 2163 330 977 2164 323 977 2165 391 978 2166 375 978 2167 385 978 2168 385 177 2169 392 177 2170 391 177 2171 377 177 2172 386 177 2173 376 177 2174 386 177 2175 392 177 2176 385 177 2177 386 177 2178 385 177 2179 376 177 2180 392 979 2181 386 979 2182 378 979 2183 392 980 2184 378 980 2185 325 980 2186 333 177 2187 342 177 2188 324 177 2189 349 177 2190 325 177 2191 378 177 2192 325 981 2193 349 981 2194 333 981 2195 324 982 2196 341 982 2197 334 982 2198 334 177 2199 341 177 2200 352 177 2201 342 983 2202 348 983 2203 332 983 2204 391 984 2205 341 984 2206 375 984 2207 377 985 2208 376 985 2209 342 985 2210 342 177 2211 376 177 2212 348 177 2213 324 986 2214 332 986 2215 341 986 2216 325 987 2217 333 987 2218 324 987 2219 342 988 2220 332 988 2221 324 988 2222 387 453 2223 390 453 2224 388 453 2225 388 453 2226 390 453 2227 391 453 2228 388 453 2229 391 453 2230 389 453 2231 389 453 2232 391 453 2233 392 453 2234 320 989 2235 323 989 2236 387 989 2237 387 578 2238 323 578 2239 390 578 2240 322 990 2241 325 990 2242 321 990 2243 321 990 2244 325 990 2245 324 990 2246 321 991 2247 324 991 2248 320 991 2249 320 992 2250 324 992 2251 323 992 2252 389 579 2253 392 579 2254 322 579 2255 322 579 2256 392 579 2257 325 579 2258 351 993 2259 353 994 2260 355 995 2261 355 583 2262 353 584 2263 356 585 2264 355 586 2265 356 587 2266 359 588 2267 359 996 2268 356 997 2269 360 998 2270 358 999 2271 361 999 2272 362 999 2273 361 1000 2274 358 1001 2275 357 1002 2276 357 596 2277 358 597 2278 354 598 2279 357 1003 2280 354 1004 2281 350 1005 2282 350 1006 2283 354 1007 2284 352 1008 2285 360 1009 2286 362 1009 2287 359 1009 2288 359 1010 2289 362 1010 2290 361 1010 2291 353 1011 2292 351 1011 2293 352 1011 2294 352 1012 2295 351 1012 2296 350 1012 2297 338 1013 2298 349 1013 2299 370 1013 2300 370 1014 2301 349 1014 2302 378 1014 2303 370 1015 2304 378 1016 2305 382 1017 2306 382 1018 2307 378 1019 2308 386 1020 2309 382 1021 2310 386 1022 2311 369 1023 2312 369 1024 2313 386 1025 2314 377 1026 2315 369 1027 2316 377 1027 2317 346 1027 2318 346 1028 2319 377 1028 2320 342 1028 2321 346 1029 2322 342 1030 2323 329 1031 2324 329 1032 2325 342 1033 2326 333 1034 2327 329 1035 2328 333 1036 2329 338 1037 2330 338 1038 2331 333 1039 2332 349 1040 2333 337 1041 2334 348 1041 2335 368 1041 2336 368 1042 2337 348 1042 2338 376 1042 2339 368 1043 2340 376 1044 2341 381 1045 2342 381 1046 2343 376 1047 2344 385 1048 2345 381 1049 2346 385 1050 2347 367 1051 2348 367 1052 2349 385 1053 2350 375 1054 2351 367 1055 2352 375 1055 2353 345 1055 2354 345 1056 2355 375 1056 2356 341 1056 2357 345 1057 2358 341 1058 2359 328 1059 2360 328 1060 2361 341 1061 2362 332 1062 2363 328 1063 2364 332 1064 2365 337 1065 2366 337 1066 2367 332 1067 2368 348 1068 2369 366 1069 2370 374 1070 2371 380 1071 2372 380 1072 2373 374 1073 2374 384 1074 2375 380 1075 2376 384 1076 2377 373 1077 2378 380 1078 2379 373 1079 2380 365 1080 2381 365 1081 2382 373 1081 2383 344 1081 2384 344 1082 2385 373 1082 2386 340 1082 2387 344 1083 2388 340 1084 2389 327 1085 2390 327 1086 2391 340 1087 2392 331 1088 2393 327 1089 2394 331 1090 2395 334 1091 2396 327 1092 2397 334 1093 2398 336 1094 2399 336 1095 2400 334 1095 2401 366 1095 2402 366 1096 2403 334 1096 2404 374 1096 2405 372 1097 2406 364 1097 2407 347 1097 2408 347 1098 2409 364 1098 2410 335 1098 2411 343 1099 2412 339 1100 2413 326 1101 2414 326 1102 2415 339 1103 2416 330 1104 2417 326 1105 2418 330 1106 2419 335 1107 2420 335 1108 2421 330 1109 2422 347 1110 2423 363 1111 2424 371 1111 2425 343 1111 2426 343 1112 2427 371 1112 2428 339 1112 2429 364 1113 2430 372 1114 2431 379 1115 2432 379 1116 2433 372 1117 2434 383 1118 2435 379 1119 2436 383 1120 2437 363 1121 2438 363 1122 2439 383 1123 2440 371 1124 2441</p>
        </triangles>
        <triangles material="Shape_007-material" count="68">
          <input semantic="VERTEX" source="#Shape_IndexedFaceSet-mesh-vertices" offset="0"/>
          <input semantic="NORMAL" source="#Shape_IndexedFaceSet-mesh-normals" offset="1"/>
          <input semantic="TEXCOORD" source="#Shape_IndexedFaceSet-mesh-map-0" offset="2" set="0"/>
          <p>415 122 2442 395 122 2443 416 122 2444 416 1125 2445 395 1125 2446 396 1125 2447 427 1126 2448 415 1126 2449 428 1126 2450 428 1127 2451 415 1127 2452 416 1127 2453 425 1128 2454 427 1128 2455 426 1128 2456 426 1129 2457 427 1129 2458 428 1129 2459 410 1130 2460 425 1130 2461 411 1130 2462 411 1131 2463 425 1131 2464 426 1131 2465 393 1132 2466 410 1132 2467 394 1132 2468 394 1133 2469 410 1133 2470 411 1133 2471 395 1134 2472 393 1135 2473 396 1136 2474 396 1137 2475 393 1138 2476 394 1139 2477 415 15 2478 409 15 2479 395 15 2480 395 15 2481 409 15 2482 400 15 2483 425 1140 2484 419 1140 2485 423 1140 2486 425 1141 2487 423 1141 2488 427 1141 2489 400 1142 2490 398 1142 2491 395 1142 2492 395 15 2493 398 15 2494 393 15 2495 393 1143 2496 398 1143 2497 406 1143 2498 393 1144 2499 406 1144 2500 410 1144 2501 410 15 2502 406 15 2503 419 15 2504 410 1145 2505 419 1145 2506 425 1145 2507 427 1146 2508 423 1146 2509 409 1146 2510 427 1147 2511 409 1147 2512 415 1147 2513 426 1148 2514 413 1148 2515 411 1148 2516 408 1149 2517 422 1149 2518 428 1149 2519 411 1150 2520 413 1150 2521 402 1150 2522 411 1151 2523 402 1151 2524 394 1151 2525 394 1152 2526 402 1152 2527 396 1152 2528 396 1153 2529 402 1153 2530 404 1153 2531 426 1154 2532 422 1154 2533 413 1154 2534 396 1155 2535 404 1155 2536 408 1155 2537 396 1156 2538 408 1156 2539 416 1156 2540 416 1157 2541 408 1157 2542 428 1157 2543 428 1158 2544 422 1158 2545 426 1158 2546 420 1159 2547 421 1160 2548 414 1161 2549 421 1162 2550 407 1163 2551 414 1164 2552 407 1165 2553 403 1166 2554 414 1167 2555 403 1168 2556 401 1169 2557 414 1170 2558 401 1171 2559 412 1172 2560 414 1173 2561 414 1174 2562 412 1175 2563 420 1176 2564 420 1177 2565 422 1178 2566 421 1179 2567 421 1180 2568 422 1181 2569 408 1182 2570 421 1183 2571 408 1184 2572 407 1185 2573 407 1186 2574 408 1187 2575 403 1188 2576 403 1189 2577 408 1190 2578 404 1191 2579 403 1192 2580 404 1193 2581 401 1194 2582 401 1195 2583 404 1196 2584 402 1197 2585 401 1198 2586 402 1199 2587 412 1200 2588 412 1201 2589 402 1202 2590 413 1203 2591 412 1204 2592 413 1205 2593 420 1206 2594 420 1207 2595 413 1208 2596 422 1209 2597 400 1210 2598 397 1211 2599 398 1212 2600 398 1213 2601 397 1214 2602 399 1215 2603 398 1216 2604 399 1217 2605 406 1218 2606 406 1219 2607 399 1220 2608 418 1221 2609 406 1222 2610 418 1223 2611 419 1224 2612 419 1225 2613 418 1226 2614 424 1227 2615 419 1228 2616 424 1229 2617 423 1230 2618 423 1231 2619 424 1232 2620 417 1233 2621 423 1234 2622 417 1235 2623 409 1236 2624 409 1237 2625 417 1238 2626 405 1239 2627 409 1240 2628 405 1241 2629 400 1242 2630 400 1243 2631 405 1244 2632 397 1245 2633 397 15 2634 418 15 2635 399 15 2636 397 15 2637 424 15 2638 418 15 2639 417 1246 2640 424 1246 2641 397 1246 2642 397 1247 2643 405 1247 2644 417 1247 2645</p>
        </triangles>
        <triangles material="Shape_008-material" count="68">
          <input semantic="VERTEX" source="#Shape_IndexedFaceSet-mesh-vertices" offset="0"/>
          <input semantic="NORMAL" source="#Shape_IndexedFaceSet-mesh-normals" offset="1"/>
          <input semantic="TEXCOORD" source="#Shape_IndexedFaceSet-mesh-map-0" offset="2" set="0"/>
          <p>451 1125 2646 431 1125 2647 452 1125 2648 452 1125 2649 431 1125 2650 432 1125 2651 463 124 2652 451 124 2653 464 124 2654 464 125 2655 451 125 2656 452 125 2657 461 126 2658 463 126 2659 462 126 2660 462 1248 2661 463 1248 2662 464 1248 2663 446 128 2664 461 128 2665 447 128 2666 447 1131 2667 461 1131 2668 462 1131 2669 429 130 2670 446 130 2671 430 130 2672 430 131 2673 446 131 2674 447 131 2675 431 132 2676 429 132 2677 432 132 2678 432 1249 2679 429 1250 2680 430 1251 2681 431 1252 2682 434 1252 2683 429 1252 2684 451 15 2685 445 15 2686 431 15 2687 445 15 2688 436 15 2689 431 15 2690 431 1253 2691 436 1253 2692 434 1253 2693 429 1254 2694 434 1254 2695 442 1254 2696 429 1255 2697 442 1255 2698 446 1255 2699 463 15 2700 459 15 2701 445 15 2702 463 1256 2703 445 1256 2704 451 1256 2705 446 15 2706 442 15 2707 455 15 2708 446 1257 2709 455 1257 2710 461 1257 2711 461 1258 2712 455 1258 2713 459 1258 2714 461 15 2715 459 15 2716 463 15 2717 447 1259 2718 449 1259 2719 438 1259 2720 447 1260 2721 438 1260 2722 430 1260 2723 430 1261 2724 438 1261 2725 432 1261 2726 462 1262 2727 449 1262 2728 447 1262 2729 438 1263 2730 440 1263 2731 432 1263 2732 464 1264 2733 444 1264 2734 458 1264 2735 464 1265 2736 458 1265 2737 462 1265 2738 462 1266 2739 458 1266 2740 449 1266 2741 452 1267 2742 444 1267 2743 464 1267 2744 432 1268 2745 440 1268 2746 444 1268 2747 432 1269 2748 444 1269 2749 452 1269 2750 456 1270 2751 457 1271 2752 450 1272 2753 457 1273 2754 443 1274 2755 450 1275 2756 443 1276 2757 439 1277 2758 450 1278 2759 439 1279 2760 437 1280 2761 450 1281 2762 437 1282 2763 448 1283 2764 450 1284 2765 450 1285 2766 448 1286 2767 456 1287 2768 456 1288 2769 458 1289 2770 457 1290 2771 457 1291 2772 458 1292 2773 444 1293 2774 457 1294 2775 444 1295 2776 443 1296 2777 443 1297 2778 444 1298 2779 439 1299 2780 439 1300 2781 444 1301 2782 440 1302 2783 439 1303 2784 440 1304 2785 437 1305 2786 437 1306 2787 440 1307 2788 438 1308 2789 437 1309 2790 438 1310 2791 448 1311 2792 448 1312 2793 438 1313 2794 449 1314 2795 448 1315 2796 449 1316 2797 456 1317 2798 456 1318 2799 449 1319 2800 458 1320 2801 436 1321 2802 433 1322 2803 434 1323 2804 434 1324 2805 433 1325 2806 435 1326 2807 434 1327 2808 435 1328 2809 442 1329 2810 442 1330 2811 435 1331 2812 454 1332 2813 442 1333 2814 454 1334 2815 455 1335 2816 455 1336 2817 454 1337 2818 460 1338 2819 455 1339 2820 460 1340 2821 459 1341 2822 459 1342 2823 460 1343 2824 453 1344 2825 459 1345 2826 453 1346 2827 445 1347 2828 445 1348 2829 453 1349 2830 441 1350 2831 445 1351 2832 441 1352 2833 436 1353 2834 436 1354 2835 441 1355 2836 433 1356 2837 433 15 2838 454 15 2839 435 15 2840 433 15 2841 460 15 2842 454 15 2843 453 15 2844 460 15 2845 433 15 2846 433 1357 2847 441 1357 2848 453 1357 2849</p>
        </triangles>
        <triangles material="Shape_009-material" count="64">
          <input semantic="VERTEX" source="#Shape_IndexedFaceSet-mesh-vertices" offset="0"/>
          <input semantic="NORMAL" source="#Shape_IndexedFaceSet-mesh-normals" offset="1"/>
          <input semantic="TEXCOORD" source="#Shape_IndexedFaceSet-mesh-map-0" offset="2" set="0"/>
          <p>486 1358 2850 485 1358 2851 468 1358 2852 468 1 2853 485 1 2854 467 1 2855 498 1359 2856 497 1359 2857 486 1359 2858 486 1360 2859 497 1360 2860 485 1360 2861 496 1248 2862 495 1248 2863 498 1248 2864 498 1361 2865 495 1361 2866 497 1361 2867 483 1362 2868 482 1362 2869 496 1362 2870 496 7 2871 482 7 2872 495 7 2873 466 8 2874 465 8 2875 483 8 2876 483 1363 2877 465 1363 2878 482 1363 2879 468 1364 2880 467 1365 2881 466 1366 2882 466 1367 2883 467 1368 2884 465 1369 2885 491 15 2886 472 15 2887 485 15 2888 485 1370 2889 472 1370 2890 467 1370 2891 467 15 2892 472 15 2893 470 15 2894 467 15 2895 470 15 2896 465 15 2897 465 15 2898 470 15 2899 482 15 2900 482 15 2901 470 15 2902 478 15 2903 482 1371 2904 478 1371 2905 490 1371 2906 482 1372 2907 490 1372 2908 495 1372 2909 497 1373 2910 491 1373 2911 485 1373 2912 495 15 2913 490 15 2914 497 15 2915 497 1374 2916 490 1374 2917 491 1374 2918 490 1375 2919 489 1376 2920 493 1377 2921 490 1378 2922 493 1379 2923 491 1380 2924 491 1381 2925 493 1382 2926 481 1383 2927 491 1384 2928 481 1385 2929 472 1386 2930 472 1387 2931 481 1388 2932 471 1389 2933 472 1390 2934 471 1391 2935 469 1392 2936 472 1393 2937 469 1394 2938 470 1395 2939 470 1396 2940 469 1397 2941 477 1398 2942 470 1399 2943 477 1400 2944 478 1401 2945 478 1402 2946 477 1403 2947 489 1404 2948 478 1405 2949 489 1406 2950 490 1407 2951 469 15 2952 489 15 2953 477 15 2954 469 1408 2955 493 1408 2956 489 1408 2957 481 15 2958 493 15 2959 469 15 2960 471 15 2961 481 15 2962 469 15 2963 483 177 2964 480 177 2965 466 177 2966 466 1409 2967 480 1409 2968 474 1409 2969 468 1410 2970 476 1410 2971 486 1410 2972 466 1411 2973 474 1411 2974 468 1411 2975 468 1412 2976 474 1412 2977 476 1412 2978 476 1413 2979 488 1413 2980 486 1413 2981 486 177 2982 488 177 2983 498 177 2984 494 177 2985 480 177 2986 496 177 2987 496 177 2988 480 177 2989 483 177 2990 488 177 2991 494 177 2992 498 177 2993 498 177 2994 494 177 2995 496 177 2996 484 1414 2997 492 1415 2998 487 1416 2999 487 1417 3000 475 1418 3001 484 1419 3002 475 1420 3003 473 1421 3004 484 1422 3005 484 1423 3006 473 1424 3007 479 1425 3008 479 1426 3009 492 1427 3010 484 1428 3011 492 1429 3012 494 1430 3013 487 1431 3014 487 1432 3015 494 1433 3016 488 1434 3017 487 1435 3018 488 1436 3019 475 1437 3020 475 1438 3021 488 1439 3022 476 1440 3023 475 1441 3024 476 1442 3025 473 1443 3026 473 1444 3027 476 1445 3028 474 1446 3029 473 1447 3030 474 1448 3031 479 1449 3032 479 1450 3033 474 1451 3034 480 1452 3035 479 1453 3036 480 1454 3037 492 1455 3038 492 1456 3039 480 1457 3040 494 1458 3041</p>
        </triangles>
        <triangles material="Shape_010-material" count="64">
          <input semantic="VERTEX" source="#Shape_IndexedFaceSet-mesh-vertices" offset="0"/>
          <input semantic="NORMAL" source="#Shape_IndexedFaceSet-mesh-normals" offset="1"/>
          <input semantic="TEXCOORD" source="#Shape_IndexedFaceSet-mesh-map-0" offset="2" set="0"/>
          <p>513 1459 3042 499 1459 3043 514 1459 3044 514 1460 3045 499 1460 3046 500 1460 3047 529 1461 3048 513 1461 3049 530 1461 3050 530 1462 3051 513 1462 3052 514 1462 3053 531 1463 3054 529 1464 3055 532 1465 3056 532 1466 3057 529 1467 3058 530 1468 3059 523 1469 3060 531 1470 3061 524 1471 3062 524 1472 3063 531 1473 3064 532 1474 3065 501 1475 3066 523 1475 3067 502 1475 3068 502 1475 3069 523 1475 3070 524 1475 3071 499 1476 3072 501 1477 3073 500 1478 3074 500 1479 3075 501 1480 3076 502 1481 3077 526 15 3078 529 15 3079 531 15 3080 523 15 3081 519 15 3082 531 15 3083 531 15 3084 519 15 3085 526 15 3086 526 1482 3087 515 1482 3088 529 1482 3089 529 1483 3090 515 1483 3091 513 1483 3092 504 1484 3093 501 1484 3094 499 1484 3095 504 15 3096 499 15 3097 506 15 3098 513 15 3099 515 15 3100 506 15 3101 513 15 3102 506 15 3103 499 15 3104 501 15 3105 504 15 3106 523 15 3107 523 1485 3108 504 1485 3109 519 1485 3110 524 177 3111 518 177 3112 502 177 3113 502 1486 3114 518 1486 3115 509 1486 3116 500 1487 3117 508 1487 3118 512 1487 3119 500 1488 3120 512 1488 3121 514 1488 3122 514 177 3123 512 177 3124 522 177 3125 514 177 3126 522 177 3127 530 177 3128 528 177 3129 518 177 3130 532 177 3131 532 1489 3132 518 1489 3133 524 1489 3134 502 177 3135 509 177 3136 500 177 3137 500 1490 3138 509 1490 3139 508 1490 3140 522 177 3141 528 177 3142 530 177 3143 530 1491 3144 528 1491 3145 532 1491 3146 527 1492 3147 528 1493 3148 521 1494 3149 521 1495 3150 528 1496 3151 522 1497 3152 521 1498 3153 522 1499 3154 511 1500 3155 511 1501 3156 522 1502 3157 512 1503 3158 511 1504 3159 512 1505 3160 507 1506 3161 507 1507 3162 512 1508 3163 508 1509 3164 507 1510 3165 508 1511 3166 509 1512 3167 507 1513 3168 509 1514 3169 516 1515 3170 516 1516 3171 509 1517 3172 518 1518 3173 516 1519 3174 518 1520 3175 527 1521 3176 527 1522 3177 518 1523 3178 528 1524 3179 511 177 3180 507 177 3181 516 177 3182 516 177 3183 521 177 3184 511 177 3185 516 1525 3186 527 1525 3187 521 1525 3188 526 1526 3189 520 1527 3190 525 1528 3191 526 1529 3192 525 1530 3193 510 1531 3194 526 1532 3195 510 1533 3196 515 1534 3197 515 1535 3198 510 1536 3199 506 1537 3200 506 1538 3201 510 1539 3202 503 1540 3203 506 1541 3204 503 1542 3205 504 1543 3206 504 1544 3207 503 1545 3208 505 1546 3209 504 1547 3210 505 1548 3211 517 1549 3212 504 1550 3213 517 1551 3214 519 1552 3215 519 1553 3216 517 1554 3217 520 1555 3218 519 1556 3219 520 1557 3220 526 1558 3221 520 1559 3222 505 1559 3223 503 1559 3224 517 15 3225 505 15 3226 520 15 3227 520 1560 3228 510 1560 3229 525 1560 3230 520 15 3231 503 15 3232 510 15 3233</p>
        </triangles>
        <triangles material="Shape_011-material" count="62">
          <input semantic="VERTEX" source="#Shape_IndexedFaceSet-mesh-vertices" offset="0"/>
          <input semantic="NORMAL" source="#Shape_IndexedFaceSet-mesh-normals" offset="1"/>
          <input semantic="TEXCOORD" source="#Shape_IndexedFaceSet-mesh-map-0" offset="2" set="0"/>
          <p>537 1561 3234 533 1561 3235 538 1561 3236 538 1562 3237 533 1562 3238 534 1562 3239 562 1563 3240 537 1563 3241 563 1563 3242 563 1564 3243 537 1564 3244 538 1564 3245 564 1565 3246 562 1565 3247 565 1565 3248 565 1566 3249 562 1566 3250 563 1566 3251 560 1567 3252 564 1567 3253 561 1567 3254 561 1567 3255 564 1567 3256 565 1567 3257 535 1568 3258 560 1568 3259 536 1568 3260 536 1569 3261 560 1570 3262 561 1571 3263 533 1572 3264 535 1572 3265 534 1572 3266 534 1573 3267 535 1573 3268 536 1573 3269 562 15 3270 552 15 3271 537 15 3272 537 15 3273 552 15 3274 542 15 3275 533 1574 3276 542 1574 3277 540 1574 3278 547 15 3279 535 15 3280 540 15 3281 535 15 3282 547 15 3283 560 15 3284 564 1575 3285 559 1575 3286 562 1575 3287 562 1576 3288 559 1576 3289 552 1576 3290 560 15 3291 547 15 3292 559 15 3293 560 15 3294 559 15 3295 564 15 3296 537 15 3297 542 15 3298 533 15 3299 533 15 3300 540 15 3301 535 15 3302 550 1577 3303 555 1577 3304 563 1577 3305 538 177 3306 545 177 3307 550 177 3308 561 177 3309 553 177 3310 536 177 3311 536 1578 3312 553 1578 3313 544 1578 3314 536 177 3315 544 177 3316 534 177 3317 538 1579 3318 550 1579 3319 563 1579 3320 563 177 3321 555 177 3322 565 177 3323 565 1580 3324 555 1580 3325 556 1580 3326 544 1581 3327 545 1581 3328 534 1581 3329 534 1582 3330 545 1582 3331 538 1582 3332 565 1583 3333 556 1583 3334 561 1583 3335 561 1584 3336 556 1584 3337 553 1584 3338 557 1585 3339 556 1586 3340 555 1587 3341 557 1588 3342 555 1589 3343 549 1590 3344 549 1591 3345 555 1592 3346 550 1593 3347 549 1594 3348 550 1595 3349 545 1596 3350 549 1597 3351 545 1598 3352 543 1599 3353 543 1600 3354 545 1601 3355 544 1602 3356 543 1603 3357 544 1604 3358 548 1605 3359 548 1606 3360 544 1607 3361 553 1608 3362 548 1609 3363 553 1610 3364 554 1611 3365 554 1612 3366 553 1613 3367 556 1614 3368 554 1615 3369 556 1616 3370 557 1617 3371 548 177 3372 549 177 3373 543 177 3374 548 1618 3375 557 1618 3376 549 1618 3377 548 1619 3378 554 1619 3379 557 1619 3380 559 1620 3381 558 1621 3382 551 1622 3383 559 1623 3384 551 1624 3385 552 1625 3386 552 1626 3387 551 1627 3388 541 1628 3389 552 1629 3390 541 1630 3391 542 1631 3392 542 1632 3393 541 1633 3394 539 1634 3395 542 1635 3396 539 1636 3397 540 1637 3398 540 1638 3399 539 1639 3400 546 1640 3401 540 1641 3402 546 1642 3403 547 1643 3404 547 1644 3405 546 1645 3406 558 1646 3407 547 1647 3408 558 1648 3409 559 1649 3410 539 15 3411 541 15 3412 546 15 3413 546 15 3414 551 15 3415 558 15 3416 546 15 3417 541 15 3418 551 15 3419</p>
        </triangles>
        <triangles material="Shape_012-material" count="1358">
          <input semantic="VERTEX" source="#Shape_IndexedFaceSet-mesh-vertices" offset="0"/>
          <input semantic="NORMAL" source="#Shape_IndexedFaceSet-mesh-normals" offset="1"/>
          <input semantic="TEXCOORD" source="#Shape_IndexedFaceSet-mesh-map-0" offset="2" set="0"/>
          <p>1144 15 3420 1177 15 3421 1178 15 3422 1175 15 3423 1176 15 3424 1098 15 3425 1098 1650 3426 1176 1650 3427 1143 1650 3428 698 15 3429 568 15 3430 1173 15 3431 698 1651 3432 1173 1651 3433 707 1651 3434 708 15 3435 699 15 3436 785 15 3437 785 1652 3438 699 1652 3439 570 1652 3440 1144 15 3441 1130 15 3442 1143 15 3443 568 1653 3444 698 1653 3445 694 1653 3446 568 15 3447 694 15 3448 569 15 3449 1173 15 3450 1118 15 3451 784 15 3452 784 1654 3453 1118 1654 3454 1114 1654 3455 1136 1655 3456 1118 1655 3457 1173 1655 3458 569 15 3459 694 15 3460 703 15 3461 569 1656 3462 703 1656 3463 784 1656 3464 707 15 3465 1173 15 3466 703 15 3467 1143 1657 3468 1130 1657 3469 1098 1657 3470 1098 1658 3471 1130 1658 3472 1119 1658 3473 1178 1659 3474 1137 1659 3475 1144 1659 3476 1144 1660 3477 1137 1660 3478 1130 1660 3479 1114 15 3480 1124 15 3481 1097 15 3482 1097 1661 3483 1124 1661 3484 1174 1661 3485 571 15 3486 695 15 3487 704 15 3488 571 15 3489 704 15 3490 1178 15 3491 1178 15 3492 1125 15 3493 1137 15 3494 784 15 3495 703 15 3496 1173 15 3497 1124 15 3498 1136 15 3499 1174 15 3500 1174 15 3501 1136 15 3502 1173 15 3503 1178 1662 3504 704 1662 3505 708 1662 3506 1098 1663 3507 1119 1663 3508 784 1663 3509 1098 15 3510 784 15 3511 1097 15 3512 1097 15 3513 784 15 3514 1114 15 3515 784 15 3516 1119 15 3517 785 15 3518 785 1664 3519 1119 1664 3520 1115 1664 3521 785 1665 3522 1115 1665 3523 1178 1665 3524 1178 1666 3525 1115 1666 3526 1125 1666 3527 1178 1667 3528 708 1667 3529 785 1667 3530 570 15 3531 699 15 3532 571 15 3533 571 1668 3534 699 1668 3535 695 1668 3536 586 177 3537 606 177 3538 585 177 3539 663 177 3540 826 177 3541 585 177 3542 586 1669 3543 787 1669 3544 665 1669 3545 665 1670 3546 787 1670 3547 712 1670 3548 665 177 3549 712 177 3550 606 177 3551 606 177 3552 712 177 3553 664 177 3554 606 1671 3555 664 1671 3556 605 1671 3557 606 1672 3558 605 1672 3559 585 1672 3560 585 1673 3561 605 1673 3562 663 1673 3563 710 1674 3564 711 1674 3565 786 1674 3566 711 177 3567 787 177 3568 826 177 3569 711 177 3570 826 177 3571 786 177 3572 712 177 3573 711 177 3574 664 177 3575 664 177 3576 711 177 3577 710 177 3578 664 177 3579 710 177 3580 663 177 3581 663 177 3582 710 177 3583 709 177 3584 663 1675 3585 709 1675 3586 826 1675 3587 826 1676 3588 709 1676 3589 786 1676 3590 588 177 3591 608 177 3592 587 177 3593 666 177 3594 827 177 3595 587 177 3596 588 1669 3597 790 1669 3598 668 1669 3599 668 1670 3600 790 1670 3601 715 1670 3602 668 177 3603 715 177 3604 608 177 3605 608 177 3606 715 177 3607 667 177 3608 608 1671 3609 667 1671 3610 607 1671 3611 608 1672 3612 607 1672 3613 587 1672 3614 587 1677 3615 607 1677 3616 666 1677 3617 713 1674 3618 714 1674 3619 789 1674 3620 714 177 3621 790 177 3622 827 177 3623 714 177 3624 827 177 3625 789 177 3626 715 177 3627 714 177 3628 667 177 3629 667 177 3630 714 177 3631 713 177 3632 667 177 3633 713 177 3634 666 177 3635 666 1678 3636 713 1678 3637 827 1678 3638 827 1679 3639 713 1679 3640 788 1679 3641 827 177 3642 788 177 3643 789 177 3644 590 177 3645 610 177 3646 589 177 3647 669 177 3648 828 177 3649 589 177 3650 590 1680 3651 793 1680 3652 671 1680 3653 671 1681 3654 793 1681 3655 718 1681 3656 671 177 3657 718 177 3658 610 177 3659 610 177 3660 718 177 3661 670 177 3662 610 1671 3663 670 1671 3664 609 1671 3665 610 1672 3666 609 1672 3667 589 1672 3668 589 1677 3669 609 1677 3670 669 1677 3671 716 1674 3672 717 1674 3673 792 1674 3674 717 177 3675 793 177 3676 828 177 3677 717 177 3678 828 177 3679 792 177 3680 718 177 3681 717 177 3682 670 177 3683 670 177 3684 717 177 3685 716 177 3686 670 177 3687 716 177 3688 669 177 3689 669 1678 3690 716 1678 3691 828 1678 3692 828 1679 3693 716 1679 3694 791 1679 3695 828 177 3696 791 177 3697 792 177 3698 592 1682 3699 613 1682 3700 591 1682 3701 611 177 3702 829 177 3703 591 177 3704 592 1683 3705 795 1683 3706 673 1683 3707 673 1684 3708 795 1684 3709 722 1684 3710 673 177 3711 722 177 3712 672 177 3713 673 177 3714 672 177 3715 613 177 3716 613 177 3717 672 177 3718 612 177 3719 613 177 3720 612 177 3721 591 177 3722 591 1685 3723 612 1685 3724 611 1685 3725 720 1686 3726 721 1686 3727 794 1686 3728 721 177 3729 795 177 3730 829 177 3731 721 177 3732 829 177 3733 794 177 3734 722 177 3735 721 177 3736 672 177 3737 672 177 3738 721 177 3739 720 177 3740 672 177 3741 720 177 3742 611 177 3743 611 177 3744 720 177 3745 719 177 3746 611 1687 3747 719 1687 3748 829 1687 3749 829 177 3750 719 177 3751 794 177 3752 594 1688 3753 616 1688 3754 593 1688 3755 614 177 3756 830 177 3757 593 177 3758 594 1683 3759 797 1683 3760 675 1683 3761 675 1689 3762 797 1689 3763 726 1689 3764 675 177 3765 726 177 3766 674 177 3767 675 177 3768 674 177 3769 616 177 3770 616 177 3771 674 177 3772 615 177 3773 616 177 3774 615 177 3775 593 177 3776 593 1690 3777 615 1690 3778 614 1690 3779 724 1691 3780 725 1691 3781 796 1691 3782 725 177 3783 797 177 3784 830 177 3785 725 177 3786 830 177 3787 796 177 3788 726 177 3789 725 177 3790 674 177 3791 674 177 3792 725 177 3793 724 177 3794 674 177 3795 724 177 3796 614 177 3797 614 177 3798 724 177 3799 723 177 3800 614 1692 3801 723 1692 3802 830 1692 3803 830 177 3804 723 177 3805 796 177 3806 596 1693 3807 618 1693 3808 595 1693 3809 676 1694 3810 831 1694 3811 595 1694 3812 596 1695 3813 799 1695 3814 677 1695 3815 677 1681 3816 799 1681 3817 730 1681 3818 677 177 3819 730 177 3820 618 177 3821 618 177 3822 730 177 3823 617 177 3824 618 1696 3825 617 1696 3826 595 1696 3827 728 1691 3828 729 1691 3829 798 1691 3830 729 177 3831 799 177 3832 831 177 3833 729 177 3834 831 177 3835 798 177 3836 730 177 3837 729 177 3838 617 177 3839 617 177 3840 729 177 3841 728 177 3842 617 177 3843 728 177 3844 676 177 3845 676 177 3846 728 177 3847 727 177 3848 676 1697 3849 727 1697 3850 831 1697 3851 831 177 3852 727 177 3853 798 177 3854 598 1693 3855 620 1693 3856 597 1693 3857 678 1694 3858 832 1694 3859 597 1694 3860 598 1698 3861 801 1698 3862 679 1698 3863 679 1699 3864 801 1699 3865 734 1699 3866 679 177 3867 734 177 3868 620 177 3869 620 177 3870 734 177 3871 619 177 3872 620 1696 3873 619 1696 3874 597 1696 3875 732 1691 3876 733 1691 3877 800 1691 3878 733 177 3879 801 177 3880 832 177 3881 733 177 3882 832 177 3883 800 177 3884 734 177 3885 733 177 3886 619 177 3887 619 177 3888 733 177 3889 732 177 3890 619 177 3891 732 177 3892 678 177 3893 678 177 3894 732 177 3895 731 177 3896 678 1697 3897 731 1697 3898 832 1697 3899 832 177 3900 731 177 3901 800 177 3902 600 1693 3903 622 1693 3904 599 1693 3905 680 1694 3906 833 1694 3907 599 1694 3908 600 1698 3909 803 1698 3910 681 1698 3911 681 1699 3912 803 1699 3913 738 1699 3914 681 177 3915 738 177 3916 622 177 3917 622 177 3918 738 177 3919 621 177 3920 622 1696 3921 621 1696 3922 599 1696 3923 736 1691 3924 737 1691 3925 802 1691 3926 737 177 3927 803 177 3928 833 177 3929 737 177 3930 833 177 3931 802 177 3932 738 177 3933 737 177 3934 621 177 3935 621 177 3936 737 177 3937 736 177 3938 621 177 3939 736 177 3940 680 177 3941 680 177 3942 736 177 3943 735 177 3944 680 1697 3945 735 1697 3946 833 1697 3947 833 177 3948 735 177 3949 802 177 3950 602 1700 3951 625 1700 3952 601 1700 3953 623 177 3954 834 177 3955 601 177 3956 602 1701 3957 805 1701 3958 683 1701 3959 683 1702 3960 805 1702 3961 742 1702 3962 683 177 3963 742 177 3964 682 177 3965 683 177 3966 682 177 3967 625 177 3968 625 177 3969 682 177 3970 624 177 3971 625 177 3972 624 177 3973 601 177 3974 601 1685 3975 624 1685 3976 623 1685 3977 740 1691 3978 741 1691 3979 804 1691 3980 741 177 3981 805 177 3982 834 177 3983 741 177 3984 834 177 3985 804 177 3986 742 177 3987 741 177 3988 682 177 3989 682 177 3990 741 177 3991 740 177 3992 682 177 3993 740 177 3994 623 177 3995 623 177 3996 740 177 3997 739 177 3998 623 1687 3999 739 1687 4000 834 1687 4001 834 177 4002 739 177 4003 804 177 4004 836 1703 4005 1091 1703 4006 1111 1703 4007 705 1704 4008 696 1704 4009 815 1704 4010 1092 1705 4011 1105 1705 4012 1100 1705 4013 817 177 4014 837 177 4015 816 177 4016 816 1706 4017 837 1706 4018 836 1706 4019 815 1707 4020 696 1707 4021 573 1707 4022 1105 1708 4023 1092 1708 4024 1088 1708 4025 1105 1709 4026 1088 1709 4027 1089 1709 4028 1092 1710 4029 1100 1710 4030 1099 1710 4031 1092 1711 4032 1099 1711 4033 1091 1711 4034 818 177 4035 819 177 4036 837 177 4037 816 1712 4038 836 1712 4039 815 1712 4040 815 1713 4041 836 1713 4042 705 1713 4043 572 1714 4044 692 1714 4045 700 1714 4046 818 177 4047 837 177 4048 817 177 4049 573 1715 4050 696 1715 4051 572 1715 4052 572 1716 4053 696 1716 4054 692 1716 4055 700 1717 4056 780 1717 4057 1111 1717 4058 1111 1718 4059 780 1718 4060 836 1718 4061 836 1719 4062 780 1719 4063 705 1719 4064 1180 1720 4065 1179 1720 4066 1103 1720 4067 1103 1721 4068 1179 1721 4069 1111 1721 4070 1103 1722 4071 1111 1722 4072 1091 1722 4073 1103 1723 4074 1091 1723 4075 1104 1723 4076 1104 1724 4077 1091 1724 4078 1099 1724 4079 572 1725 4080 700 1725 4081 1111 1725 4082 844 1726 4083 837 1726 4084 820 1726 4085 820 177 4086 837 177 4087 819 177 4088 821 177 4089 822 177 4090 844 177 4091 821 177 4092 844 177 4093 820 177 4094 823 177 4095 824 177 4096 844 177 4097 823 177 4098 844 177 4099 822 177 4100 1116 1727 4101 1099 1727 4102 1121 1727 4103 1182 1728 4104 1138 1728 4105 1121 1728 4106 1182 1729 4107 1121 1729 4108 1099 1729 4109 1099 1730 4110 1116 1730 4111 1104 1730 4112 1104 1731 4113 1116 1731 4114 1112 1731 4115 1181 1732 4116 1131 1732 4117 1138 1732 4118 1181 1733 4119 1138 1733 4120 1182 1733 4121 1104 1734 4122 1112 1734 4123 1120 1734 4124 1104 1735 4125 1120 1735 4126 1181 1735 4127 1181 1736 4128 1120 1736 4129 1131 1736 4130 1187 1737 4131 1139 1737 4132 1188 1737 4133 1188 1738 4134 1139 1738 4135 1140 1738 4136 1184 177 4137 1183 177 4138 1126 177 4139 1126 1739 4140 1183 1739 4141 1100 1739 4142 1126 1740 4143 1100 1740 4144 1127 1740 4145 1127 1741 4146 1100 1741 4147 1132 1741 4148 1127 177 4149 1132 177 4150 1185 177 4151 1185 177 4152 1132 177 4153 1186 177 4154 1188 1742 4155 1140 1742 4156 1123 1742 4157 1188 1743 4158 1123 1743 4159 1105 1743 4160 1123 1744 4161 1113 1744 4162 1105 1744 4163 1105 1745 4164 1113 1745 4165 1117 1745 4166 1105 1746 4167 1117 1746 4168 1100 1746 4169 1100 1747 4170 1117 1747 4171 1132 1747 4172 1132 1748 4173 1117 1748 4174 1133 1748 4175 1133 1749 4176 1117 1749 4177 1122 1749 4178 1133 1750 4179 1139 1750 4180 1187 1750 4181 1133 1751 4182 1122 1751 4183 1139 1751 4184 1085 1752 4185 584 1752 4186 1089 1752 4187 1089 1753 4188 584 1753 4189 1106 1753 4190 1089 177 4191 1106 177 4192 1105 177 4193 583 1754 4194 693 1754 4195 701 1754 4196 584 1755 4197 702 1755 4198 697 1755 4199 706 1756 4200 781 1756 4201 844 1756 4202 584 1757 4203 1042 1757 4204 1033 1757 4205 584 1758 4206 697 1758 4207 583 1758 4208 583 1759 4209 697 1759 4210 693 1759 4211 584 1760 4212 1067 1760 4213 1059 1760 4214 583 1761 4215 701 1761 4216 825 1761 4217 825 1762 4218 701 1762 4219 706 1762 4220 825 1763 4221 706 1763 4222 844 1763 4223 825 1764 4224 844 1764 4225 824 1764 4226 584 1765 4227 1010 1765 4228 1003 1765 4229 584 1757 4230 985 1757 4231 976 1757 4232 584 1766 4233 956 1766 4234 950 1766 4235 702 1767 4236 929 1767 4237 922 1767 4238 702 1768 4239 895 1768 4240 886 1768 4241 702 1769 4242 870 1769 4243 862 1769 4244 1190 1770 4245 1189 1770 4246 584 1770 4247 584 1771 4248 1189 1771 4249 1106 1771 4250 781 1772 4251 702 1772 4252 844 1772 4253 844 1773 4254 702 1773 4255 851 1773 4256 851 1774 4257 702 1774 4258 862 1774 4259 851 177 4260 862 177 4261 850 177 4262 870 177 4263 874 177 4264 869 177 4265 874 1775 4266 870 1775 4267 702 1775 4268 874 1776 4269 702 1776 4270 881 1776 4271 881 1775 4272 702 1775 4273 886 1775 4274 881 177 4275 886 177 4276 880 177 4277 895 1777 4278 902 1777 4279 894 1777 4280 902 1778 4281 895 1778 4282 702 1778 4283 902 1779 4284 702 1779 4285 913 1779 4286 913 1780 4287 702 1780 4288 922 1780 4289 913 1781 4290 922 1781 4291 912 1781 4292 929 1777 4293 935 1777 4294 928 1777 4295 929 1780 4296 702 1780 4297 935 1780 4298 935 1782 4299 702 1782 4300 584 1782 4301 935 177 4302 584 177 4303 942 177 4304 942 177 4305 584 177 4306 950 177 4307 942 1781 4308 950 1781 4309 941 1781 4310 956 1783 4311 962 1783 4312 955 1783 4313 962 177 4314 956 177 4315 584 177 4316 962 1784 4317 584 1784 4318 968 1784 4319 968 177 4320 584 177 4321 976 177 4322 968 1783 4323 976 1783 4324 967 1783 4325 985 1777 4326 991 1777 4327 984 1777 4328 991 1785 4329 985 1785 4330 584 1785 4331 991 177 4332 584 177 4333 998 177 4334 998 177 4335 584 177 4336 1003 177 4337 998 1783 4338 1003 1783 4339 997 1783 4340 1010 1781 4341 1020 1781 4342 1009 1781 4343 1020 177 4344 1010 177 4345 584 177 4346 1020 177 4347 584 177 4348 1027 177 4349 1027 177 4350 584 177 4351 1033 177 4352 1027 177 4353 1033 177 4354 1026 177 4355 1042 1781 4356 1050 1781 4357 1041 1781 4358 1050 177 4359 1042 177 4360 584 177 4361 1050 177 4362 584 177 4363 1056 177 4364 1056 177 4365 584 177 4366 1059 177 4367 1056 1781 4368 1059 1781 4369 1055 1781 4370 1067 177 4371 1070 177 4372 1066 177 4373 1070 177 4374 1067 177 4375 584 177 4376 1070 177 4377 584 177 4378 1082 177 4379 1082 177 4380 584 177 4381 1085 177 4382 1082 1781 4383 1085 1781 4384 1081 1781 4385 604 1688 4386 627 1688 4387 603 1688 4388 684 177 4389 835 177 4390 603 177 4391 604 1683 4392 809 1683 4393 686 1683 4394 686 1786 4395 809 1786 4396 744 1786 4397 686 177 4398 744 177 4399 685 177 4400 686 177 4401 685 177 4402 627 177 4403 627 177 4404 685 177 4405 626 177 4406 627 177 4407 626 177 4408 603 177 4409 603 1787 4410 626 1787 4411 684 1787 4412 743 177 4413 744 177 4414 807 177 4415 807 177 4416 744 177 4417 808 177 4418 808 177 4419 809 177 4420 835 177 4421 808 177 4422 835 177 4423 807 177 4424 685 177 4425 744 177 4426 743 177 4427 685 177 4428 743 177 4429 684 177 4430 684 1788 4431 743 1788 4432 835 1788 4433 835 1789 4434 743 1789 4435 806 1789 4436 835 177 4437 806 177 4438 807 177 4439 1198 1790 4440 1197 1790 4441 1195 1790 4442 1195 1791 4443 1197 1791 4444 1191 1791 4445 1195 1792 4446 1191 1792 4447 1192 1792 4448 1168 1793 4449 1157 1793 4450 1145 1793 4451 1168 1794 4452 1145 1794 4453 1197 1794 4454 1197 1795 4455 1145 1795 4456 1191 1795 4457 1192 1796 4458 1191 1796 4459 1165 1796 4460 1165 1797 4461 1191 1797 4462 1145 1797 4463 1165 1798 4464 1145 1798 4465 1167 1798 4466 1167 177 4467 1145 177 4468 1146 177 4469 1167 1799 4470 1146 1799 4471 1193 1799 4472 1193 1800 4473 1146 1800 4474 1194 1800 4475 1200 1801 4476 1194 1801 4477 1169 1801 4478 1169 1802 4479 1194 1802 4480 1146 1802 4481 1169 1803 4482 1146 1803 4483 1158 1803 4484 1158 1804 4485 1146 1804 4486 1157 1804 4487 1157 1805 4488 1146 1805 4489 1145 1805 4490 1196 1806 4491 1193 1806 4492 1194 1806 4493 1196 1807 4494 1194 1807 4495 1199 1807 4496 1199 1808 4497 1194 1808 4498 1200 1808 4499 1166 453 4500 1165 453 4501 1167 453 4502 1157 1809 4503 1168 1809 4504 1170 1809 4505 1157 1810 4506 1170 1810 4507 1158 1810 4508 1192 1811 4509 1165 1811 4510 1233 1811 4511 1193 578 4512 1234 578 4513 1167 578 4514 1167 578 4515 1234 578 4516 1166 578 4517 1169 1812 4518 1158 1812 4519 1200 1812 4520 1200 1813 4521 1158 1813 4522 1236 1813 4523 1158 1814 4524 1170 1814 4525 1236 1814 4526 1236 15 4527 1170 15 4528 1235 15 4529 1170 1815 4530 1168 1815 4531 1235 1815 4532 1235 1816 4533 1168 1816 4534 1197 1816 4535 1165 1817 4536 1166 1817 4537 1233 1817 4538 1233 177 4539 1166 177 4540 1234 177 4541 1161 1818 4542 1153 1818 4543 1215 1818 4544 1215 1819 4545 1153 1819 4546 1209 1819 4547 1154 1820 4548 1162 1820 4549 1210 1820 4550 1210 1821 4551 1162 1821 4552 1216 1821 4553 1162 1822 4554 1154 1822 4555 1161 1822 4556 1161 1823 4557 1154 1823 4558 1153 1823 4559 1153 1824 4560 1154 1824 4561 1209 1824 4562 1209 1825 4563 1154 1825 4564 1210 1825 4565 1162 1826 4566 1161 1826 4567 1216 1826 4568 1216 1827 4569 1161 1827 4570 1215 1827 4571 1155 1828 4572 1147 1828 4573 1211 1828 4574 1211 1829 4575 1147 1829 4576 1205 1829 4577 1148 1830 4578 1156 1830 4579 1206 1830 4580 1206 1831 4581 1156 1831 4582 1212 1831 4583 1156 1832 4584 1148 1832 4585 1155 1832 4586 1155 1833 4587 1148 1833 4588 1147 1833 4589 1147 1834 4590 1148 1834 4591 1205 1834 4592 1205 1835 4593 1148 1835 4594 1206 1835 4595 1156 1836 4596 1155 1836 4597 1212 1836 4598 1212 1837 4599 1155 1837 4600 1211 1837 4601 1179 453 4602 1180 453 4603 1173 453 4604 1173 1838 4605 1180 1838 4606 1181 1838 4607 1173 453 4608 1181 453 4609 1174 453 4610 1174 453 4611 1181 453 4612 1182 453 4613 852 1839 4614 850 1839 4615 863 1839 4616 842 1840 4617 852 1840 4618 943 1840 4619 943 1841 4620 852 1841 4621 863 1841 4622 880 579 4623 887 579 4624 875 579 4625 875 1842 4626 887 1842 4627 943 1842 4628 875 1843 4629 943 1843 4630 863 1843 4631 875 579 4632 863 579 4633 869 579 4634 912 579 4635 923 579 4636 903 579 4637 903 1844 4638 923 1844 4639 943 1844 4640 903 1845 4641 943 1845 4642 887 1845 4643 903 579 4644 887 579 4645 894 579 4646 941 1846 4647 951 1846 4648 943 1846 4649 936 1847 4650 943 1847 4651 923 1847 4652 936 1848 4653 923 1848 4654 928 1848 4655 951 579 4656 955 579 4657 963 579 4658 963 579 4659 967 579 4660 977 579 4661 977 1849 4662 980 1849 4663 963 1849 4664 963 1850 4665 980 1850 4666 943 1850 4667 963 1851 4668 943 1851 4669 951 1851 4670 977 1852 4671 984 1852 4672 992 1852 4673 977 1853 4674 992 1853 4675 980 1853 4676 1071 579 4677 1081 579 4678 1086 579 4679 980 1854 4680 997 1854 4681 1004 1854 4682 1004 579 4683 1009 579 4684 1021 579 4685 1004 1855 4686 1021 1855 4687 980 1855 4688 1041 579 4689 1051 579 4690 1034 579 4691 1034 1856 4692 1051 1856 4693 980 1856 4694 1034 1856 4695 980 1856 4696 1021 1856 4697 1034 579 4698 1021 579 4699 1026 579 4700 1066 579 4701 1071 579 4702 1060 579 4703 1060 1856 4704 1071 1856 4705 980 1856 4706 1060 1855 4707 980 1855 4708 1051 1855 4709 1060 579 4710 1051 579 4711 1055 579 4712 1088 1857 4713 1092 1857 4714 1086 1857 4715 1086 1858 4716 1092 1858 4717 1094 1858 4718 1086 1859 4719 1094 1859 4720 980 1859 4721 1086 1860 4722 980 1860 4723 1071 1860 4724 1093 1861 4725 989 1861 4726 1016 1861 4727 1093 1862 4728 1016 1862 4729 1062 1862 4730 1093 1863 4731 1062 1863 4732 1084 1863 4733 1054 1864 4734 1002 1864 4735 1094 1864 4736 1002 1865 4737 980 1865 4738 1094 1865 4739 1080 1866 4740 1054 1866 4741 1094 1866 4742 1093 1867 4743 1084 1867 4744 1094 1867 4745 1094 1868 4746 1084 1868 4747 1080 1868 4748 842 1869 4749 943 1869 4750 849 1869 4751 842 1870 4752 849 1870 4753 839 1870 4754 1179 578 4755 1173 578 4756 1111 578 4757 1111 578 4758 1173 578 4759 568 578 4760 1111 578 4761 568 578 4762 572 578 4763 567 454 4764 570 454 4765 603 454 4766 604 1871 4767 603 1871 4768 583 1871 4769 583 1872 4770 603 1872 4771 570 1872 4772 583 454 4773 570 454 4774 584 454 4775 584 1873 4776 570 1873 4777 571 1873 4778 602 1874 4779 601 1874 4780 582 1874 4781 582 1875 4782 601 1875 4783 581 1875 4784 580 1876 4785 598 1876 4786 597 1876 4787 603 454 4788 582 454 4789 567 454 4790 567 454 4791 582 454 4792 566 454 4793 566 1877 4794 582 1877 4795 581 1877 4796 597 1878 4797 579 1878 4798 580 1878 4799 580 454 4800 579 454 4801 566 454 4802 580 454 4803 566 454 4804 581 454 4805 580 1879 4806 581 1879 4807 599 1879 4808 599 1876 4809 581 1876 4810 600 1876 4811 578 1880 4812 594 1880 4813 593 1880 4814 593 454 4815 577 454 4816 578 454 4817 578 454 4818 577 454 4819 566 454 4820 578 454 4821 566 454 4822 579 454 4823 578 1881 4824 579 1881 4825 595 1881 4826 595 1876 4827 579 1876 4828 596 1876 4829 576 1882 4830 590 1882 4831 589 1882 4832 589 454 4833 575 454 4834 576 454 4835 576 454 4836 575 454 4837 566 454 4838 576 454 4839 566 454 4840 577 454 4841 576 454 4842 577 454 4843 591 454 4844 591 1883 4845 577 1883 4846 592 1883 4847 574 1884 4848 586 1884 4849 585 1884 4850 566 454 4851 573 454 4852 569 454 4853 569 454 4854 573 454 4855 572 454 4856 569 454 4857 572 454 4858 568 454 4859 585 454 4860 573 454 4861 574 454 4862 574 454 4863 573 454 4864 566 454 4865 574 454 4866 566 454 4867 575 454 4868 574 454 4869 575 454 4870 587 454 4871 587 1884 4872 575 1884 4873 588 1884 4874 584 1885 4875 571 1885 4876 1178 1885 4877 584 579 4878 1178 579 4879 1190 579 4880 1172 453 4881 1171 453 4882 1177 453 4883 1177 453 4884 1171 453 4885 1176 453 4886 1183 453 4887 1184 453 4888 1175 453 4889 1175 453 4890 1184 453 4891 1185 453 4892 1175 1886 4893 1185 1886 4894 1176 1886 4895 1185 1887 4896 1186 1887 4897 1176 1887 4898 1176 453 4899 1186 453 4900 1187 453 4901 1176 1888 4902 1187 1888 4903 1177 1888 4904 1177 453 4905 1187 453 4906 1188 453 4907 1177 453 4908 1188 453 4909 1178 453 4910 1178 453 4911 1188 453 4912 1189 453 4913 1178 453 4914 1189 453 4915 1190 453 4916 1130 1889 4917 1122 1890 4918 1119 1891 4919 1119 1892 4920 1122 1893 4921 1117 1894 4922 1119 1895 4923 1117 1896 4924 1115 1897 4925 1115 1898 4926 1117 1899 4927 1113 1900 4928 1115 1901 4929 1113 1902 4930 1123 1903 4931 1115 1904 4932 1123 1905 4933 1125 1906 4934 1125 1907 4935 1123 1908 4936 1137 1909 4937 1137 1910 4938 1123 1911 4939 1140 1912 4940 1137 1913 4941 1140 1914 4942 1139 1915 4943 1137 1916 4944 1139 1917 4945 1130 1918 4946 1130 1919 4947 1139 1920 4948 1122 1921 4949 699 1922 4950 701 1923 4951 693 1924 4952 699 1925 4953 693 1926 4954 695 1927 4955 695 1928 4956 693 1929 4957 697 1930 4958 695 1931 4959 697 1932 4960 702 1933 4961 695 1934 4962 702 1935 4963 704 1936 4964 704 1937 4965 702 1938 4966 781 1939 4967 704 1940 4968 781 1941 4969 708 1942 4970 708 1943 4971 781 1944 4972 706 1945 4973 708 1946 4974 706 1947 4975 699 1948 4976 699 1949 4977 706 1950 4978 701 1951 4979 1118 1952 4980 1120 1953 4981 1112 1954 4982 1118 1955 4983 1112 1956 4984 1114 1957 4985 1114 1958 4986 1112 1959 4987 1116 1960 4988 1114 1961 4989 1116 1962 4990 1121 1963 4991 1114 1964 4992 1121 1965 4993 1124 1966 4994 1124 1967 4995 1121 1968 4996 1138 1969 4997 1124 1970 4998 1138 1971 4999 1136 1972 5000 1136 1973 5001 1138 1974 5002 1131 1975 5003 1136 1976 5004 1131 1977 5005 1118 1978 5006 1118 1979 5007 1131 1980 5008 1120 1981 5009 698 1982 5010 700 1983 5011 692 1984 5012 698 1985 5013 692 1986 5014 694 1987 5015 694 1988 5016 692 1989 5017 696 1990 5018 694 1991 5019 696 1992 5020 703 1993 5021 703 1994 5022 696 1995 5023 705 1996 5024 703 1997 5025 705 1998 5026 780 1999 5027 703 2000 5028 780 2001 5029 707 2002 5030 707 2003 5031 780 2004 5032 700 2005 5033 707 2006 5034 700 2007 5035 698 2008 5036 1093 453 5037 1094 453 5038 1091 453 5039 1091 453 5040 1094 453 5041 1092 453 5042 989 2009 5043 1093 2009 5044 1091 2009 5045 836 2010 5046 841 2010 5047 958 2010 5048 836 2011 5049 958 2011 5050 1091 2011 5051 1091 2012 5052 958 2012 5053 989 2012 5054 836 2013 5055 837 2013 5056 838 2013 5057 837 2014 5058 839 2014 5059 838 2014 5060 842 2015 5061 839 2015 5062 837 2015 5063 838 2016 5064 840 2016 5065 836 2016 5066 836 2017 5067 840 2017 5068 841 2017 5069 841 2018 5070 840 2018 5071 868 2018 5072 868 2019 5073 958 2019 5074 841 2019 5075 954 2020 5076 948 2021 5077 911 2022 5078 954 2023 5079 911 2024 5080 917 2025 5081 917 2026 5082 911 2027 5083 885 2028 5084 917 2029 5085 885 2030 5086 884 2031 5087 872 2032 5088 884 2033 5089 885 2034 5090 884 2035 5091 872 2036 5092 866 2037 5093 865 2038 5094 866 2039 5095 872 2040 5096 866 2041 5097 865 2042 5098 856 2043 5099 866 2044 5100 856 2045 5101 857 2046 5102 857 2047 5103 856 2048 5104 854 2049 5105 857 2050 5106 854 2051 5107 858 2052 5108 861 2053 5109 858 2054 5110 854 2055 5111 867 2056 5112 858 2057 5113 861 2058 5114 858 2059 5115 867 2060 5116 877 2061 5117 858 2062 5118 877 2063 5119 879 2064 5120 879 2065 5121 877 2066 5122 907 2067 5123 879 2068 5124 907 2069 5125 910 2070 5126 910 2071 5127 907 2072 5128 940 2073 5129 910 2074 5130 940 2075 5131 947 2076 5132 947 2077 5133 940 2078 5134 979 2079 5135 947 2080 5136 979 2081 5137 981 2082 5138 981 2083 5139 979 2084 5140 1013 2085 5141 981 2086 5142 1013 2087 5143 1017 2088 5144 1017 2089 5145 1013 2090 5146 1047 2091 5147 1017 2092 5148 1047 2093 5149 1053 2094 5150 1065 2095 5151 1053 2096 5152 1047 2097 5153 1053 2098 5154 1065 2099 5155 1074 2100 5156 1078 2101 5157 1074 2102 5158 1065 2103 5159 1074 2104 5160 1078 2105 5161 1075 2106 5162 1074 2107 5163 1075 2108 5164 1076 2109 5165 1076 2110 5166 1075 2111 5167 1063 2112 5168 1076 2113 5169 1063 2114 5170 1064 2115 5171 1064 2116 5172 1063 2117 5173 1040 2118 5174 1064 2119 5175 1040 2120 5176 1044 2121 5177 1044 2122 5178 1040 2123 5179 1007 2124 5180 1044 2125 5181 1007 2126 5182 1008 2127 5183 1008 2128 5184 1007 2129 5185 972 2130 5186 1008 2131 5187 972 2132 5188 954 2133 5189 954 2134 5190 972 2135 5191 948 2136 5192 1046 2137 5193 1076 2137 5194 1036 2137 5195 1036 2138 5196 1076 2138 5197 1064 2138 5198 1036 2139 5199 1064 2139 5200 1014 2139 5201 1014 2140 5202 1064 2140 5203 1044 2140 5204 908 2141 5205 879 2141 5206 931 2141 5207 931 2142 5208 879 2142 5209 910 2142 5210 1014 2143 5211 1044 2143 5212 1008 2143 5213 1014 2144 5214 1008 2144 5215 970 2144 5216 970 2145 5217 1008 2145 5218 954 2145 5219 970 2146 5220 954 2146 5221 945 2146 5222 910 2147 5223 947 2147 5224 931 2147 5225 931 2148 5226 947 2148 5227 971 2148 5228 971 2149 5229 947 2149 5230 981 2149 5231 971 2150 5232 981 2150 5233 1001 2150 5234 1001 2151 5235 981 2151 5236 1017 2151 5237 1001 2152 5238 1017 2152 5239 1023 2152 5240 891 2153 5241 857 2153 5242 892 2153 5243 892 2154 5244 857 2154 5245 858 2154 5246 892 2155 5247 858 2155 5248 908 2155 5249 908 2156 5250 858 2156 5251 879 2156 5252 954 2157 5253 917 2157 5254 945 2157 5255 945 2158 5256 917 2158 5257 918 2158 5258 918 2159 5259 917 2159 5260 884 2159 5261 918 2160 5262 884 2160 5263 891 2160 5264 891 2161 5265 884 2161 5266 866 2161 5267 891 2162 5268 866 2162 5269 857 2162 5270 1017 2163 5271 1053 2163 5272 1023 2163 5273 1023 2164 5274 1053 2164 5275 1074 2164 5276 1023 2165 5277 1074 2165 5278 1046 2165 5279 1046 2166 5280 1074 2166 5281 1076 2166 5282 1001 2167 5283 995 2168 5284 974 2169 5285 1001 2170 5286 974 2171 5287 971 2172 5288 995 2173 5289 1001 2174 5290 1015 2175 5291 1015 2176 5292 1001 2177 5293 1023 2178 5294 1023 2179 5295 1037 2180 5296 1015 2181 5297 1037 2182 5298 1023 2183 5299 1046 2184 5300 1037 2185 5301 1046 2186 5302 1045 2187 5303 1045 2188 5304 1046 2189 5305 1036 2190 5306 1045 2191 5307 1036 2192 5308 1039 2193 5309 1014 2194 5310 1018 2195 5311 1031 2196 5312 1014 2197 5313 1031 2198 5314 1036 2199 5315 1036 2200 5316 1031 2201 5317 1039 2202 5318 1018 2203 5319 1014 2204 5320 994 2205 5321 994 2206 5322 1014 2207 5323 970 2208 5324 970 2209 5325 973 2210 5326 994 2211 5327 945 2212 5328 939 2213 5329 970 2214 5330 970 2215 5331 939 2216 5332 973 2217 5333 918 2218 5334 916 2219 5335 939 2220 5336 918 2221 5337 939 2222 5338 945 2223 5339 916 2224 5340 918 2225 5341 891 2226 5342 916 2227 5343 891 2228 5344 899 2229 5345 891 2230 5346 893 2231 5347 899 2232 5348 893 2233 5349 891 2234 5350 889 2235 5351 889 2236 5352 891 2237 5353 892 2238 5354 889 2239 5355 892 2240 5356 908 2241 5357 889 2242 5358 908 2243 5359 905 2244 5360 931 2245 5361 927 2246 5362 905 2247 5363 931 2248 5364 905 2249 5365 908 2250 5366 927 2251 5367 931 2252 5368 946 2253 5369 971 2254 5370 974 2255 5371 946 2256 5372 971 2257 5373 946 2258 5374 931 2259 5375 919 2260 5376 988 2260 5377 965 2260 5378 919 2261 5379 1012 2261 5380 988 2261 5381 919 2262 5382 960 2262 5383 1012 2262 5384 938 2263 5385 960 2263 5386 919 2263 5387 921 2264 5388 915 2264 5389 919 2264 5390 965 2265 5391 921 2265 5392 919 2265 5393 973 2266 5394 982 2267 5395 994 2268 5396 1045 2269 5397 1038 2270 5398 1037 2271 5399 1030 2272 5400 1012 2273 5401 1019 2274 5402 1037 2275 5403 1030 2276 5404 1015 2277 5405 974 2278 5406 975 2279 5407 946 2280 5408 949 2281 5409 938 2282 5410 933 2283 5411 949 2284 5412 933 2285 5413 946 2286 5414 946 2287 5415 933 2288 5416 927 2289 5417 915 2290 5418 921 2291 5419 898 2292 5420 898 2293 5421 906 2294 5422 893 2295 5423 893 2296 5424 906 2297 5425 899 2298 5426 961 2299 5427 965 2300 5428 982 2301 5429 961 2302 5430 982 2303 5431 973 2304 5432 1000 2305 5433 994 2306 5434 982 2307 5435 1000 2308 5436 982 2309 5437 965 2310 5438 965 2311 5439 988 2312 5440 1006 2313 5441 965 2314 5442 1006 2315 5443 1000 2316 5444 1018 2317 5445 994 2318 5446 1000 2319 5447 1018 2320 5448 1000 2321 5449 1006 2322 5450 1018 2323 5451 1006 2324 5452 1031 2325 5453 1029 2326 5454 1031 2327 5455 1006 2328 5456 1029 2329 5457 1006 2330 5458 988 2331 5459 1039 2332 5460 1031 2333 5461 1029 2334 5462 1025 2335 5463 1029 2336 5464 988 2337 5465 1038 2338 5466 1045 2339 5467 1039 2340 5468 1038 2341 5469 1039 2342 5470 1029 2343 5471 1038 2344 5472 1029 2345 5473 1025 2346 5474 1012 2347 5475 1025 2348 5476 988 2349 5477 1030 2350 5478 1038 2351 5479 1012 2352 5480 1012 2353 5481 1038 2354 5482 1025 2355 5483 1038 2356 5484 1030 2357 5485 1037 2358 5486 1019 2359 5487 1015 2360 5488 1030 2361 5489 987 2362 5490 1019 2363 5491 1012 2364 5492 995 2365 5493 1015 2366 5494 1019 2367 5495 995 2368 5496 1019 2369 5497 987 2370 5498 960 2371 5499 987 2372 5500 1012 2373 5501 987 2374 5502 975 2375 5503 995 2376 5504 995 2377 5505 975 2378 5506 974 2379 5507 949 2380 5508 975 2381 5509 987 2382 5510 949 2383 5511 987 2384 5512 960 2385 5513 946 2386 5514 975 2387 5515 949 2388 5516 938 2389 5517 949 2390 5518 960 2391 5519 938 2392 5520 919 2393 5521 933 2394 5522 933 2395 5523 919 2396 5524 909 2397 5525 933 2398 5526 909 2399 5527 927 2400 5528 927 2401 5529 909 2402 5530 905 2403 5531 900 2404 5532 909 2405 5533 919 2406 5534 909 2407 5535 889 2408 5536 905 2409 5537 900 2410 5538 889 2411 5539 909 2412 5540 915 2413 5541 900 2414 5542 919 2415 5543 897 2416 5544 889 2417 5545 900 2418 5546 893 2419 5547 889 2420 5548 897 2421 5549 898 2422 5550 897 2423 5551 900 2424 5552 898 2425 5553 900 2426 5554 915 2427 5555 897 2428 5556 898 2429 5557 893 2430 5558 921 2431 5559 906 2432 5560 898 2433 5561 906 2434 5562 921 2435 5563 920 2436 5564 906 2437 5565 920 2438 5566 899 2439 5567 899 2440 5568 920 2441 5569 916 2442 5570 934 2443 5571 920 2444 5572 921 2445 5573 934 2446 5574 916 2447 5575 920 2448 5576 934 2449 5577 939 2450 5578 916 2451 5579 961 2452 5580 939 2453 5581 934 2454 5582 961 2455 5583 934 2456 5584 965 2457 5585 965 2458 5586 934 2459 5587 921 2460 5588 939 2461 5589 961 2462 5590 973 2463 5591 848 2464 5592 843 2465 5593 839 2466 5594 843 2467 5595 838 2468 5596 839 2469 5597 856 2470 5598 847 2471 5599 854 2472 5600 854 2473 5601 843 2474 5602 861 2475 5603 861 2476 5604 843 2477 5605 848 2478 5606 861 2479 5607 848 2480 5608 867 2481 5609 867 2482 5610 848 2483 5611 873 2484 5612 867 2485 5613 873 2486 5614 877 2487 5615 877 2488 5616 873 2489 5617 901 2490 5618 877 2491 5619 901 2492 5620 907 2493 5621 907 2494 5622 901 2495 5623 926 2496 5624 907 2497 5625 926 2498 5626 940 2499 5627 940 2500 5628 926 2501 5629 953 2502 5630 940 2503 5631 953 2504 5632 979 2505 5633 979 2506 5634 953 2507 5635 990 2508 5636 979 2509 5637 990 2510 5638 1013 2511 5639 1013 2512 5640 990 2513 5641 1024 2514 5642 1013 2515 5643 1024 2516 5644 1049 2517 5645 1013 2518 5646 1049 2519 5647 1047 2520 5648 1047 2521 5649 1049 2522 5650 1069 2523 5651 1047 2524 5652 1069 2525 5653 1065 2526 5654 1065 2527 5655 1069 2528 5656 1077 2529 5657 1065 2530 5658 1077 2531 5659 1078 2532 5660 1078 2533 5661 1077 2534 5662 1079 2535 5663 1078 2536 5664 1079 2537 5665 1075 2538 5666 1075 2539 5667 1079 2540 5668 1063 2541 5669 1063 2542 5670 1058 2543 5671 1040 2544 5672 1040 2545 5673 1058 2546 5674 1032 2547 5675 1040 2548 5676 1032 2549 5677 1007 2550 5678 1007 2551 5679 1032 2552 5680 996 2553 5681 1007 2554 5682 996 2555 5683 983 2556 5684 1007 2557 5685 983 2558 5686 972 2559 5687 972 2560 5688 983 2561 5689 959 2562 5690 972 2563 5691 959 2564 5692 948 2565 5693 948 2566 5694 959 2567 5695 925 2568 5696 948 2569 5697 925 2570 5698 911 2571 5699 911 2572 5700 925 2573 5701 883 2574 5702 911 2575 5703 883 2576 5704 885 2577 5705 872 2578 5706 859 2579 5707 865 2580 5708 865 2581 5709 859 2582 5710 847 2583 5711 865 2584 5712 847 2585 5713 856 2586 5714 854 2587 5715 847 2588 5716 843 2589 5717 873 2590 5718 878 2591 5719 901 2592 5720 1079 2593 5721 1073 2594 5722 1063 2595 5723 1063 2596 5724 1073 2597 5725 1058 2598 5726 885 2599 5727 883 2600 5728 855 2601 5729 885 2602 5730 855 2603 5731 872 2604 5732 872 2605 5733 855 2606 5734 846 2607 5735 872 2608 5736 846 2609 5737 859 2610 5738 859 2611 5739 846 2612 5740 847 2613 5741 847 2614 5742 838 2615 5743 843 2616 5744 873 2617 5745 848 2618 5746 878 2619 5747 901 2620 5748 878 2621 5749 926 2622 5750 953 2623 5751 926 2624 5752 966 2625 5753 953 2626 5754 966 2627 5755 1002 2628 5756 953 2629 5757 1002 2630 5758 990 2631 5759 990 2632 5760 1002 2633 5761 1024 2634 5762 1024 2635 5763 1054 2636 5764 1049 2637 5765 1069 2638 5766 1049 2639 5767 1080 2640 5768 1069 2641 5769 1080 2642 5770 1077 2643 5771 1077 2644 5772 1080 2645 5773 1084 2646 5774 1077 2647 5775 1084 2648 5776 1079 2649 5777 1079 2650 5778 1084 2651 5779 1073 2652 5780 1073 2653 5781 1048 2654 5782 1058 2655 5783 1058 2656 5784 1048 2657 5785 1032 2658 5786 1032 2659 5787 1048 2660 5788 996 2661 5789 983 2662 5790 996 2663 5791 958 2664 5792 983 2665 5793 958 2666 5794 959 2667 5795 959 2668 5796 958 2669 5797 932 2670 5798 959 2671 5799 932 2672 5800 925 2673 5801 925 2674 5802 932 2675 5803 868 2676 5804 925 2677 5805 868 2678 5806 883 2679 5807 848 2680 5808 839 2681 5809 860 2682 5810 848 2683 5811 860 2684 5812 878 2685 5813 878 2686 5814 860 2687 5815 890 2688 5816 878 2689 5817 890 2690 5818 926 2691 5819 926 2692 5820 890 2693 5821 966 2694 5822 1024 2695 5823 1002 2696 5824 1054 2697 5825 1049 2698 5826 1054 2699 5827 1080 2700 5828 1084 2701 5829 1062 2702 5830 1073 2703 5831 1073 2704 5832 1062 2705 5833 1048 2706 5834 1048 2707 5835 1016 2708 5836 996 2709 5837 996 2710 5838 1016 2711 5839 989 2712 5840 996 2713 5841 989 2714 5842 958 2715 5843 883 2716 5844 868 2717 5845 855 2718 5846 846 2719 5847 855 2720 5848 838 2721 5849 1016 2722 5850 1048 2723 5851 1062 2724 5852 980 2725 5853 1002 2726 5854 966 2727 5855 839 2728 5856 849 2729 5857 860 2730 5858 860 2731 5859 849 2732 5860 890 2733 5861 890 2734 5862 849 2735 5863 943 2736 5864 890 2737 5865 943 2738 5866 966 2739 5867 966 2740 5868 943 2741 5869 980 2742 5870 932 2743 5871 958 2744 5872 868 2745 5873 855 2746 5874 868 2747 5875 840 2748 5876 855 2749 5877 840 2750 5878 838 2751 5879 846 2752 5880 838 2753 5881 847 2754 5882 842 2755 5883 837 2755 5884 845 2755 5885 845 2756 5886 837 2756 5887 844 2756 5888 853 2757 5889 845 2757 5890 851 2757 5891 851 2758 5892 845 2758 5893 844 2758 5894 850 2759 5895 852 2759 5896 851 2759 5897 851 2760 5898 852 2760 5899 853 2760 5900 845 2761 5901 853 2761 5902 842 2761 5903 842 2762 5904 853 2762 5905 852 2762 5906 863 2763 5907 850 2763 5908 864 2763 5909 864 2764 5910 850 2764 5911 862 2764 5912 871 2765 5913 864 2765 5914 870 2765 5915 870 2766 5916 864 2766 5917 862 2766 5918 869 2767 5919 863 2767 5920 870 2767 5921 870 2768 5922 863 2768 5923 871 2768 5924 864 2769 5925 871 2769 5926 863 2769 5927 875 2763 5928 869 2763 5929 876 2763 5930 876 2770 5931 869 2770 5932 874 2770 5933 882 2765 5934 876 2765 5935 881 2765 5936 881 2766 5937 876 2766 5938 874 2766 5939 880 2767 5940 875 2767 5941 881 2767 5942 881 2771 5943 875 2771 5944 882 2771 5945 876 2772 5946 882 2772 5947 875 2772 5948 887 2773 5949 880 2773 5950 888 2773 5951 888 2774 5952 880 2774 5953 886 2774 5954 896 2757 5955 888 2757 5956 895 2757 5957 895 2775 5958 888 2775 5959 886 2775 5960 894 2776 5961 887 2776 5962 895 2776 5963 895 2777 5964 887 2777 5965 896 2777 5966 888 177 5967 896 177 5968 887 177 5969 903 2778 5970 894 2778 5971 904 2778 5972 904 2779 5973 894 2779 5974 902 2779 5975 914 2757 5976 904 2757 5977 913 2757 5978 913 2757 5979 904 2757 5980 902 2757 5981 912 2780 5982 903 2780 5983 913 2780 5984 913 2771 5985 903 2771 5986 914 2771 5987 904 177 5988 914 177 5989 903 177 5990 923 2781 5991 912 2781 5992 924 2781 5993 924 2782 5994 912 2782 5995 922 2782 5996 930 2783 5997 924 2783 5998 929 2783 5999 929 2784 6000 924 2784 6001 922 2784 6002 928 2785 6003 923 2785 6004 929 2785 6005 929 2786 6006 923 2786 6007 930 2786 6008 924 177 6009 930 177 6010 923 177 6011 936 2787 6012 928 2787 6013 937 2787 6014 937 2782 6015 928 2782 6016 935 2782 6017 944 2783 6018 937 2783 6019 942 2783 6020 942 2788 6021 937 2788 6022 935 2788 6023 941 2789 6024 943 2789 6025 942 2789 6026 942 2790 6027 943 2790 6028 944 2790 6029 937 177 6030 944 177 6031 936 177 6032 936 2791 6033 944 2791 6034 943 2791 6035 951 2792 6036 941 2792 6037 952 2792 6038 952 2793 6039 941 2793 6040 950 2793 6041 957 2783 6042 952 2783 6043 956 2783 6044 956 2784 6045 952 2784 6046 950 2784 6047 955 2785 6048 951 2785 6049 956 2785 6050 956 2777 6051 951 2777 6052 957 2777 6053 952 177 6054 957 177 6055 951 177 6056 963 2794 6057 955 2794 6058 964 2794 6059 964 2795 6060 955 2795 6061 962 2795 6062 969 2796 6063 964 2796 6064 968 2796 6065 968 2797 6066 964 2797 6067 962 2797 6068 967 2798 6069 963 2798 6070 968 2798 6071 968 2799 6072 963 2799 6073 969 2799 6074 964 177 6075 969 177 6076 963 177 6077 977 2781 6078 967 2781 6079 978 2781 6080 978 2779 6081 967 2779 6082 976 2779 6083 986 2757 6084 978 2757 6085 985 2757 6086 985 2757 6087 978 2757 6088 976 2757 6089 984 2800 6090 977 2800 6091 985 2800 6092 985 2801 6093 977 2801 6094 986 2801 6095 978 177 6096 986 177 6097 977 177 6098 992 2802 6099 984 2802 6100 993 2802 6101 993 2803 6102 984 2803 6103 991 2803 6104 999 2757 6105 993 2757 6106 998 2757 6107 998 2804 6108 993 2804 6109 991 2804 6110 997 2805 6111 980 2805 6112 998 2805 6113 998 2806 6114 980 2806 6115 999 2806 6116 993 177 6117 999 177 6118 992 177 6119 992 2807 6120 999 2807 6121 980 2807 6122 1004 2781 6123 997 2781 6124 1005 2781 6125 1005 2779 6126 997 2779 6127 1003 2779 6128 1011 2808 6129 1005 2808 6130 1010 2808 6131 1010 2809 6132 1005 2809 6133 1003 2809 6134 1009 2785 6135 1004 2785 6136 1010 2785 6137 1010 2786 6138 1004 2786 6139 1011 2786 6140 1005 177 6141 1011 177 6142 1004 177 6143 1021 2810 6144 1009 2810 6145 1022 2810 6146 1022 2782 6147 1009 2782 6148 1020 2782 6149 1028 2811 6150 1022 2811 6151 1027 2811 6152 1027 2812 6153 1022 2812 6154 1020 2812 6155 1026 2813 6156 1021 2813 6157 1027 2813 6158 1027 2786 6159 1021 2786 6160 1028 2786 6161 1022 177 6162 1028 177 6163 1021 177 6164 1034 2810 6165 1026 2810 6166 1035 2810 6167 1035 2814 6168 1026 2814 6169 1033 2814 6170 1043 2757 6171 1035 2757 6172 1042 2757 6173 1042 2757 6174 1035 2757 6175 1033 2757 6176 1041 2815 6177 1034 2815 6178 1042 2815 6179 1042 2786 6180 1034 2786 6181 1043 2786 6182 1035 177 6183 1043 177 6184 1034 177 6185 1051 2816 6186 1041 2816 6187 1052 2816 6188 1052 2817 6189 1041 2817 6190 1050 2817 6191 1057 2818 6192 1052 2818 6193 1056 2818 6194 1056 2819 6195 1052 2819 6196 1050 2819 6197 1055 2820 6198 1051 2820 6199 1056 2820 6200 1056 2821 6201 1051 2821 6202 1057 2821 6203 1052 177 6204 1057 177 6205 1051 177 6206 1060 2822 6207 1055 2822 6208 1061 2822 6209 1061 2782 6210 1055 2782 6211 1059 2782 6212 1068 2823 6213 1061 2823 6214 1067 2823 6215 1067 2757 6216 1061 2757 6217 1059 2757 6218 1066 2824 6219 1060 2824 6220 1067 2824 6221 1067 2825 6222 1060 2825 6223 1068 2825 6224 1061 2826 6225 1068 2826 6226 1060 2826 6227 1071 2827 6228 1066 2827 6229 1072 2827 6230 1072 2814 6231 1066 2814 6232 1070 2814 6233 1083 2757 6234 1072 2757 6235 1082 2757 6236 1082 2757 6237 1072 2757 6238 1070 2757 6239 1081 2815 6240 1071 2815 6241 1082 2815 6242 1082 2828 6243 1071 2828 6244 1083 2828 6245 1072 177 6246 1083 177 6247 1071 177 6248 1086 2810 6249 1081 2810 6250 1087 2810 6251 1087 2829 6252 1081 2829 6253 1085 2829 6254 1090 2757 6255 1087 2757 6256 1089 2757 6257 1089 2830 6258 1087 2830 6259 1085 2830 6260 1088 2831 6261 1086 2831 6262 1089 2831 6263 1089 2786 6264 1086 2786 6265 1090 2786 6266 1087 177 6267 1090 177 6268 1086 177 6269 1188 2832 6270 1203 2832 6271 1189 2832 6272 1189 2833 6273 1203 2833 6274 1204 2833 6275 1204 2834 6276 1222 2834 6277 1189 2834 6278 1189 579 6279 1222 579 6280 1110 579 6281 1189 2835 6282 1110 2835 6283 1106 2835 6284 1218 453 6285 1222 453 6286 1204 453 6287 1217 2836 6288 1203 2836 6289 1221 2836 6290 1217 453 6291 1221 453 6292 1218 453 6293 1218 453 6294 1221 453 6295 1222 453 6296 1105 2837 6297 1109 2837 6298 1221 2837 6299 1105 2838 6300 1221 2838 6301 1188 2838 6302 1188 2839 6303 1221 2839 6304 1203 2839 6305 1106 2840 6306 1110 2840 6307 1105 2840 6308 1105 2841 6309 1110 2841 6310 1109 2841 6311 1221 177 6312 1109 177 6313 1222 177 6314 1222 177 6315 1109 177 6316 1110 177 6317 1180 15 6318 1201 15 6319 1181 15 6320 1181 15 6321 1201 15 6322 1202 15 6323 1103 2842 6324 1107 2842 6325 1180 2842 6326 1180 578 6327 1107 578 6328 1219 578 6329 1180 578 6330 1219 578 6331 1201 578 6332 1108 454 6333 1107 454 6334 1104 454 6335 1104 454 6336 1107 454 6337 1103 454 6338 1202 579 6339 1220 579 6340 1181 579 6341 1181 579 6342 1220 579 6343 1108 579 6344 1181 2843 6345 1108 2843 6346 1104 2843 6347 1213 453 6348 1219 453 6349 1214 453 6350 1214 453 6351 1219 453 6352 1220 453 6353 1214 453 6354 1220 453 6355 1208 453 6356 1208 453 6357 1220 453 6358 1202 453 6359 1208 453 6360 1202 453 6361 1207 453 6362 1207 453 6363 1202 453 6364 1201 453 6365 1207 453 6366 1201 453 6367 1213 453 6368 1213 453 6369 1201 453 6370 1219 453 6371 1108 177 6372 1220 177 6373 1107 177 6374 1107 177 6375 1220 177 6376 1219 177 6377 1095 454 6378 1096 454 6379 1097 454 6380 1097 454 6381 1096 454 6382 1098 454 6383 1231 578 6384 1095 578 6385 1097 578 6386 1097 578 6387 1174 578 6388 1231 578 6389 1231 2844 6390 1174 2844 6391 1182 2844 6392 1231 2845 6393 1182 2845 6394 1237 2845 6395 1237 2846 6396 1182 2846 6397 1099 2846 6398 1237 578 6399 1099 578 6400 1101 578 6401 1237 2847 6402 1197 2847 6403 1231 2847 6404 1231 2848 6405 1197 2848 6406 1198 2848 6407 1231 2849 6408 1198 2849 6409 1195 2849 6410 1195 2850 6411 1192 2850 6412 1231 2850 6413 1231 2851 6414 1192 2851 6415 1233 2851 6416 1231 453 6417 1233 453 6418 1232 453 6419 1233 453 6420 1234 453 6421 1232 453 6422 1232 2852 6423 1234 2852 6424 1193 2852 6425 1232 2853 6426 1193 2853 6427 1196 2853 6428 1196 2854 6429 1199 2854 6430 1232 2854 6431 1232 2855 6432 1199 2855 6433 1200 2855 6434 1232 2856 6435 1200 2856 6436 1238 2856 6437 1238 2857 6438 1200 2857 6439 1236 2857 6440 1238 2858 6441 1236 2858 6442 1237 2858 6443 1237 453 6444 1236 453 6445 1235 453 6446 1237 2859 6447 1235 2859 6448 1197 2859 6449 1098 579 6450 1096 579 6451 1175 579 6452 1175 579 6453 1096 579 6454 1232 579 6455 1175 579 6456 1232 579 6457 1183 579 6458 1183 579 6459 1232 579 6460 1238 579 6461 1183 2860 6462 1238 2860 6463 1100 2860 6464 1100 2861 6465 1238 2861 6466 1102 2861 6467 1100 454 6468 1102 454 6469 1099 454 6470 1099 2862 6471 1102 2862 6472 1101 2862 6473 1232 15 6474 1096 15 6475 1231 15 6476 1231 15 6477 1096 15 6478 1095 15 6479 1102 177 6480 1238 177 6481 1101 177 6482 1101 177 6483 1238 177 6484 1237 177 6485 1186 15 6486 1223 15 6487 1187 15 6488 1187 15 6489 1223 15 6490 1224 15 6491 1135 579 6492 1133 579 6493 1226 579 6494 1226 579 6495 1133 579 6496 1187 579 6497 1226 579 6498 1187 579 6499 1224 579 6500 1212 2863 6501 1226 2863 6502 1206 2863 6503 1206 2864 6504 1226 2864 6505 1224 2864 6506 1206 2865 6507 1224 2865 6508 1205 2865 6509 1205 2866 6510 1224 2866 6511 1223 2866 6512 1205 2867 6513 1223 2867 6514 1211 2867 6515 1211 2868 6516 1223 2868 6517 1225 2868 6518 1211 2869 6519 1225 2869 6520 1212 2869 6521 1212 2870 6522 1225 2870 6523 1226 2870 6524 1132 578 6525 1134 578 6526 1186 578 6527 1186 578 6528 1134 578 6529 1225 578 6530 1186 578 6531 1225 578 6532 1223 578 6533 1135 454 6534 1134 454 6535 1133 454 6536 1133 454 6537 1134 454 6538 1132 454 6539 1225 177 6540 1134 177 6541 1226 177 6542 1226 177 6543 1134 177 6544 1135 177 6545 1184 15 6546 1227 15 6547 1185 15 6548 1185 15 6549 1227 15 6550 1228 15 6551 1228 579 6552 1230 579 6553 1185 579 6554 1185 579 6555 1230 579 6556 1129 579 6557 1185 579 6558 1129 579 6559 1127 579 6560 1216 2871 6561 1230 2871 6562 1210 2871 6563 1210 2872 6564 1230 2872 6565 1228 2872 6566 1210 2873 6567 1228 2873 6568 1209 2873 6569 1209 2874 6570 1228 2874 6571 1227 2874 6572 1209 2875 6573 1227 2875 6574 1215 2875 6575 1215 2876 6576 1227 2876 6577 1229 2876 6578 1215 2877 6579 1229 2877 6580 1216 2877 6581 1216 2878 6582 1229 2878 6583 1230 2878 6584 1126 578 6585 1128 578 6586 1184 578 6587 1184 578 6588 1128 578 6589 1229 578 6590 1184 578 6591 1229 578 6592 1227 578 6593 1129 454 6594 1128 454 6595 1127 454 6596 1127 454 6597 1128 454 6598 1126 454 6599 1229 177 6600 1128 177 6601 1230 177 6602 1230 177 6603 1128 177 6604 1129 177 6605 1159 579 6606 1151 579 6607 1213 579 6608 1213 579 6609 1151 579 6610 1207 579 6611 1151 177 6612 1152 177 6613 1207 177 6614 1207 177 6615 1152 177 6616 1208 177 6617 1152 578 6618 1160 578 6619 1208 578 6620 1208 578 6621 1160 578 6622 1214 578 6623 1160 15 6624 1159 15 6625 1214 15 6626 1214 15 6627 1159 15 6628 1213 15 6629 1160 453 6630 1152 453 6631 1159 453 6632 1159 453 6633 1152 453 6634 1151 453 6635 1163 579 6636 1149 579 6637 1217 579 6638 1217 2879 6639 1149 2879 6640 1203 2879 6641 1149 2880 6642 1150 2880 6643 1203 2880 6644 1203 2881 6645 1150 2881 6646 1204 2881 6647 1150 2882 6648 1164 2882 6649 1204 2882 6650 1204 2883 6651 1164 2883 6652 1218 2883 6653 1164 15 6654 1163 15 6655 1218 15 6656 1218 15 6657 1163 15 6658 1217 15 6659 1164 453 6660 1150 453 6661 1163 453 6662 1163 453 6663 1150 453 6664 1149 453 6665 603 2884 6666 835 2884 6667 582 2884 6668 582 2885 6669 835 2885 6670 824 2885 6671 809 2886 6672 604 2886 6673 825 2886 6674 825 2887 6675 604 2887 6676 583 2887 6677 824 2888 6678 835 2888 6679 809 2888 6680 824 2889 6681 809 2889 6682 825 2889 6683 779 2890 6684 814 2890 6685 744 2890 6686 744 2891 6687 814 2891 6688 808 2891 6689 814 2892 6690 779 2892 6691 809 2892 6692 809 2893 6693 779 2893 6694 744 2893 6695 808 2894 6696 814 2894 6697 809 2894 6698 778 2895 6699 813 2895 6700 743 2895 6701 743 2896 6702 813 2896 6703 806 2896 6704 813 2897 6705 778 2897 6706 807 2897 6707 807 2898 6708 778 2898 6709 743 2898 6710 806 453 6711 813 453 6712 807 453 6713 661 2899 6714 690 2899 6715 626 2899 6716 626 2900 6717 690 2900 6718 684 2900 6719 690 2901 6720 661 2901 6721 685 2901 6722 685 2902 6723 661 2902 6724 626 2902 6725 684 2903 6726 690 2903 6727 685 2903 6728 662 2904 6729 691 2904 6730 627 2904 6731 627 2905 6732 691 2905 6733 686 2905 6734 604 2906 6735 662 2906 6736 627 2906 6737 691 2907 6738 662 2907 6739 686 2907 6740 686 2908 6741 662 2908 6742 604 2908 6743 601 2884 6744 834 2884 6745 581 2884 6746 581 2885 6747 834 2885 6748 823 2885 6749 805 2909 6750 602 2909 6751 824 2909 6752 824 2910 6753 602 2910 6754 582 2910 6755 834 2888 6756 805 2888 6757 823 2888 6758 823 2911 6759 805 2911 6760 824 2911 6761 599 2912 6762 833 2912 6763 580 2912 6764 580 2913 6765 833 2913 6766 822 2913 6767 803 2914 6768 600 2914 6769 823 2914 6770 823 2915 6771 600 2915 6772 581 2915 6773 833 2888 6774 803 2888 6775 822 2888 6776 822 2911 6777 803 2911 6778 823 2911 6779 597 2916 6780 832 2916 6781 579 2916 6782 579 2913 6783 832 2913 6784 821 2913 6785 801 2914 6786 598 2914 6787 822 2914 6788 822 2915 6789 598 2915 6790 580 2915 6791 832 2888 6792 801 2888 6793 821 2888 6794 821 2911 6795 801 2911 6796 822 2911 6797 595 2916 6798 831 2916 6799 578 2916 6800 578 2917 6801 831 2917 6802 820 2917 6803 799 2918 6804 596 2918 6805 821 2918 6806 821 2915 6807 596 2915 6808 579 2915 6809 831 2919 6810 799 2919 6811 820 2919 6812 820 2920 6813 799 2920 6814 821 2920 6815 593 2921 6816 830 2921 6817 577 2921 6818 577 2885 6819 830 2885 6820 819 2885 6821 797 2914 6822 594 2914 6823 820 2914 6824 820 2922 6825 594 2922 6826 578 2922 6827 830 2919 6828 797 2919 6829 819 2919 6830 819 2911 6831 797 2911 6832 820 2911 6833 591 2923 6834 829 2923 6835 576 2923 6836 576 2924 6837 829 2924 6838 818 2924 6839 795 2914 6840 592 2914 6841 819 2914 6842 819 2925 6843 592 2925 6844 577 2925 6845 829 2926 6846 795 2926 6847 818 2926 6848 818 2927 6849 795 2927 6850 819 2927 6851 589 2923 6852 828 2923 6853 575 2923 6854 575 2928 6855 828 2928 6856 817 2928 6857 793 2929 6858 590 2929 6859 818 2929 6860 818 2910 6861 590 2910 6862 576 2910 6863 828 2926 6864 793 2926 6865 817 2926 6866 817 2930 6867 793 2930 6868 818 2930 6869 587 2923 6870 827 2923 6871 574 2923 6872 574 2928 6873 827 2928 6874 816 2928 6875 790 2931 6876 588 2931 6877 817 2931 6878 817 2932 6879 588 2932 6880 575 2932 6881 827 2926 6882 790 2926 6883 816 2926 6884 816 2933 6885 790 2933 6886 817 2933 6887 585 578 6888 826 578 6889 573 578 6890 573 578 6891 826 578 6892 815 578 6893 787 2931 6894 586 2931 6895 816 2931 6896 816 2932 6897 586 2932 6898 574 2932 6899 826 2934 6900 787 2934 6901 815 2934 6902 815 2935 6903 787 2935 6904 816 2935 6905 777 2936 6906 776 2936 6907 742 2936 6908 742 2937 6909 776 2937 6910 741 2937 6911 805 2938 6912 777 2938 6913 742 2938 6914 776 2939 6915 777 2939 6916 741 2939 6917 741 2940 6918 777 2940 6919 805 2940 6920 775 2941 6921 774 2941 6922 740 2941 6923 740 2937 6924 774 2937 6925 739 2937 6926 804 579 6927 775 579 6928 740 579 6929 774 2942 6930 775 2942 6931 739 2942 6932 739 2943 6933 775 2943 6934 804 2943 6935 658 2944 6936 657 2944 6937 624 2944 6938 624 2945 6939 657 2945 6940 623 2945 6941 682 579 6942 658 579 6943 624 579 6944 657 2946 6945 658 2946 6946 623 2946 6947 623 2947 6948 658 2947 6949 682 2947 6950 625 2948 6951 659 2948 6952 683 2948 6953 660 2949 6954 659 2949 6955 602 2949 6956 602 2950 6957 659 2950 6958 625 2950 6959 683 2951 6960 660 2951 6961 602 2951 6962 659 2952 6963 660 2952 6964 683 2952 6965 773 2936 6966 772 2936 6967 738 2936 6968 738 2953 6969 772 2953 6970 737 2953 6971 803 2954 6972 773 2954 6973 738 2954 6974 772 2955 6975 773 2955 6976 737 2955 6977 737 2956 6978 773 2956 6979 803 2956 6980 771 2957 6981 770 2957 6982 736 2957 6983 736 2937 6984 770 2937 6985 735 2937 6986 802 579 6987 771 579 6988 736 579 6989 770 2942 6990 771 2942 6991 735 2942 6992 735 2958 6993 771 2958 6994 802 2958 6995 599 2959 6996 653 2959 6997 680 2959 6998 654 2960 6999 653 2960 7000 621 2960 7001 621 2961 7002 653 2961 7003 599 2961 7004 653 2962 7005 654 2962 7006 680 2962 7007 680 2963 7008 654 2963 7009 621 2963 7010 656 2964 7011 655 2964 7012 600 2964 7013 600 2965 7014 655 2965 7015 622 2965 7016 681 2966 7017 656 2966 7018 600 2966 7019 655 2967 7020 656 2967 7021 622 2967 7022 622 2968 7023 656 2968 7024 681 2968 7025 769 2969 7026 768 2969 7027 734 2969 7028 734 2937 7029 768 2937 7030 733 2937 7031 801 2954 7032 769 2954 7033 734 2954 7034 768 2939 7035 769 2939 7036 733 2939 7037 733 2940 7038 769 2940 7039 801 2940 7040 767 2957 7041 766 2957 7042 732 2957 7043 732 2953 7044 766 2953 7045 731 2953 7046 800 579 7047 767 579 7048 732 579 7049 766 2970 7050 767 2970 7051 731 2970 7052 731 2958 7053 767 2958 7054 800 2958 7055 597 2971 7056 649 2971 7057 678 2971 7058 650 2960 7059 649 2960 7060 619 2960 7061 619 2961 7062 649 2961 7063 597 2961 7064 649 2972 7065 650 2972 7066 678 2972 7067 678 2963 7068 650 2963 7069 619 2963 7070 652 2964 7071 651 2964 7072 598 2964 7073 598 2965 7074 651 2965 7075 620 2965 7076 679 2966 7077 652 2966 7078 598 2966 7079 651 2973 7080 652 2973 7081 620 2973 7082 620 2974 7083 652 2974 7084 679 2974 7085 765 2957 7086 764 2957 7087 730 2957 7088 730 2937 7089 764 2937 7090 729 2937 7091 799 2975 7092 765 2975 7093 730 2975 7094 764 2942 7095 765 2942 7096 729 2942 7097 729 2976 7098 765 2976 7099 799 2976 7100 763 2941 7101 762 2941 7102 728 2941 7103 728 2937 7104 762 2937 7105 727 2937 7106 798 579 7107 763 579 7108 728 579 7109 762 2942 7110 763 2942 7111 727 2942 7112 727 2943 7113 763 2943 7114 798 2943 7115 595 2971 7116 645 2971 7117 676 2971 7118 646 2977 7119 645 2977 7120 617 2977 7121 617 2978 7122 645 2978 7123 595 2978 7124 645 2962 7125 646 2962 7126 676 2962 7127 676 2979 7128 646 2979 7129 617 2979 7130 648 2980 7131 647 2980 7132 596 2980 7133 596 2981 7134 647 2981 7135 618 2981 7136 677 2982 7137 648 2982 7138 596 2982 7139 647 2946 7140 648 2946 7141 618 2946 7142 618 2983 7143 648 2983 7144 677 2983 7145 761 2957 7146 760 2957 7147 726 2957 7148 726 2953 7149 760 2953 7150 725 2953 7151 797 2975 7152 761 2975 7153 726 2975 7154 760 2970 7155 761 2970 7156 725 2970 7157 725 2976 7158 761 2976 7159 797 2976 7160 759 2957 7161 758 2957 7162 724 2957 7163 724 2937 7164 758 2937 7165 723 2937 7166 796 579 7167 759 579 7168 724 579 7169 758 2942 7170 759 2942 7171 723 2942 7172 723 2958 7173 759 2958 7174 796 2958 7175 642 2984 7176 641 2984 7177 615 2984 7178 615 2945 7179 641 2945 7180 614 2945 7181 674 579 7182 642 579 7183 615 579 7184 641 2946 7185 642 2946 7186 614 2946 7187 614 2983 7188 642 2983 7189 674 2983 7190 616 2948 7191 643 2948 7192 675 2948 7193 644 2985 7194 643 2985 7195 594 2985 7196 594 2986 7197 643 2986 7198 616 2986 7199 675 2987 7200 644 2987 7201 594 2987 7202 643 2988 7203 644 2988 7204 675 2988 7205 757 2989 7206 756 2989 7207 722 2989 7208 722 2990 7209 756 2990 7210 721 2990 7211 795 2954 7212 757 2954 7213 722 2954 7214 756 2942 7215 757 2942 7216 721 2942 7217 721 2991 7218 757 2991 7219 795 2991 7220 755 2957 7221 754 2957 7222 720 2957 7223 720 2992 7224 754 2992 7225 719 2992 7226 794 579 7227 755 579 7228 720 579 7229 754 2993 7230 755 2993 7231 719 2993 7232 719 2958 7233 755 2958 7234 794 2958 7235 638 2984 7236 637 2984 7237 612 2984 7238 612 2994 7239 637 2994 7240 611 2994 7241 672 579 7242 638 579 7243 612 579 7244 637 2995 7245 638 2995 7246 611 2995 7247 611 2983 7248 638 2983 7249 672 2983 7250 613 2948 7251 639 2948 7252 673 2948 7253 640 2996 7254 639 2996 7255 592 2996 7256 592 2997 7257 639 2997 7258 613 2997 7259 673 2998 7260 640 2998 7261 592 2998 7262 639 2999 7263 640 2999 7264 673 2999 7265 753 2957 7266 752 2957 7267 718 2957 7268 718 2992 7269 752 2992 7270 717 2992 7271 793 3000 7272 753 3000 7273 718 3000 7274 752 2993 7275 753 2993 7276 717 2993 7277 717 2991 7278 753 2991 7279 793 2991 7280 751 3001 7281 812 3001 7282 716 3001 7283 716 3002 7284 812 3002 7285 791 3002 7286 812 3003 7287 751 3003 7288 792 3003 7289 792 3004 7290 751 3004 7291 716 3004 7292 791 453 7293 812 453 7294 792 453 7295 634 3005 7296 689 3005 7297 609 3005 7298 609 3006 7299 689 3006 7300 669 3006 7301 689 3007 7302 634 3007 7303 670 3007 7304 670 3008 7305 634 3008 7306 609 3008 7307 669 3009 7308 689 3009 7309 670 3009 7310 636 3010 7311 635 3010 7312 590 3010 7313 590 3011 7314 635 3011 7315 610 3011 7316 671 3012 7317 636 3012 7318 590 3012 7319 635 2995 7320 636 2995 7321 610 2995 7322 610 2983 7323 636 2983 7324 671 2983 7325 750 3013 7326 749 3013 7327 715 3013 7328 715 3014 7329 749 3014 7330 714 3014 7331 790 3015 7332 750 3015 7333 715 3015 7334 749 2993 7335 750 2993 7336 714 2993 7337 714 2991 7338 750 2991 7339 790 2991 7340 748 3016 7341 811 3016 7342 713 3016 7343 713 3002 7344 811 3002 7345 788 3002 7346 811 3003 7347 748 3003 7348 789 3003 7349 789 3017 7350 748 3017 7351 713 3017 7352 788 453 7353 811 453 7354 789 453 7355 631 3018 7356 688 3018 7357 607 3018 7358 607 3006 7359 688 3006 7360 666 3006 7361 688 3007 7362 631 3007 7363 667 3007 7364 667 3019 7365 631 3019 7366 607 3019 7367 666 3009 7368 688 3009 7369 667 3009 7370 633 3010 7371 632 3010 7372 588 3010 7373 588 3011 7374 632 3011 7375 608 3011 7376 668 3020 7377 633 3020 7378 588 3020 7379 632 2995 7380 633 2995 7381 608 2995 7382 608 3021 7383 633 3021 7384 668 3021 7385 747 3013 7386 746 3013 7387 712 3013 7388 712 3014 7389 746 3014 7390 711 3014 7391 787 3015 7392 747 3015 7393 712 3015 7394 746 2993 7395 747 2993 7396 711 2993 7397 711 2991 7398 747 2991 7399 787 2991 7400 745 3022 7401 810 3022 7402 709 3022 7403 709 3023 7404 810 3023 7405 786 3023 7406 710 3024 7407 745 3024 7408 709 3024 7409 810 3025 7410 745 3025 7411 786 3025 7412 786 3026 7413 745 3026 7414 710 3026 7415 628 3005 7416 687 3005 7417 605 3005 7418 605 3027 7419 687 3027 7420 663 3027 7421 687 3007 7422 628 3007 7423 664 3007 7424 664 3019 7425 628 3019 7426 605 3019 7427 663 3009 7428 687 3009 7429 664 3009 7430 630 3010 7431 629 3010 7432 586 3010 7433 586 3011 7434 629 3011 7435 606 3011 7436 665 3020 7437 630 3020 7438 586 3020 7439 629 2995 7440 630 2995 7441 606 2995 7442 606 3021 7443 630 3021 7444 665 3021 7445 567 579 7446 783 579 7447 570 579 7448 570 579 7449 783 579 7450 785 579 7451 782 578 7452 566 578 7453 784 578 7454 784 578 7455 566 578 7456 569 578 7457 783 453 7458 782 453 7459 785 453 7460 785 453 7461 782 453 7462 784 453 7463 566 15 7464 782 15 7465 567 15 7466 567 15 7467 782 15 7468 783 15 7469 1171 578 7470 1141 578 7471 1176 578 7472 1176 578 7473 1141 578 7474 1143 578 7475 1142 579 7476 1172 579 7477 1144 579 7478 1144 579 7479 1172 579 7480 1177 579 7481 1141 454 7482 1142 454 7483 1143 454 7484 1143 454 7485 1142 454 7486 1144 454 7487 1172 15 7488 1142 15 7489 1171 15 7490 1171 15 7491 1142 15 7492 1141 15 7493</p>
        </triangles>
        <triangles material="Shape_013-material" count="64">
          <input semantic="VERTEX" source="#Shape_IndexedFaceSet-mesh-vertices" offset="0"/>
          <input semantic="NORMAL" source="#Shape_IndexedFaceSet-mesh-normals" offset="1"/>
          <input semantic="TEXCOORD" source="#Shape_IndexedFaceSet-mesh-map-0" offset="2" set="0"/>
          <p>1260 3028 7494 1241 3028 7495 1261 3028 7496 1261 3029 7497 1241 3029 7498 1242 3029 7499 1271 3030 7500 1260 3030 7501 1272 3030 7502 1272 3031 7503 1260 3031 7504 1261 3031 7505 1269 3032 7506 1271 3033 7507 1270 3034 7508 1270 3035 7509 1271 3036 7510 1272 3037 7511 1257 3038 7512 1269 3038 7513 1258 3038 7514 1258 3039 7515 1269 3039 7516 1270 3039 7517 1239 3040 7518 1257 3040 7519 1240 3040 7520 1240 3041 7521 1257 3041 7522 1258 3041 7523 1241 3042 7524 1239 3042 7525 1242 3042 7526 1242 3043 7527 1239 3043 7528 1240 3043 7529 1269 3044 7530 1267 3044 7531 1271 3044 7532 1271 3045 7533 1267 3045 7534 1264 3045 7535 1241 15 7536 1244 15 7537 1239 15 7538 1257 15 7539 1259 15 7540 1269 15 7541 1271 3046 7542 1264 3046 7543 1260 3046 7544 1260 15 7545 1264 15 7546 1251 15 7547 1260 15 7548 1251 15 7549 1241 15 7550 1241 15 7551 1251 15 7552 1244 15 7553 1250 15 7554 1259 15 7555 1257 15 7556 1259 15 7557 1267 15 7558 1269 15 7559 1239 15 7560 1244 15 7561 1250 15 7562 1239 3047 7563 1250 3047 7564 1257 3047 7565 1258 177 7566 1254 177 7567 1247 177 7568 1258 177 7569 1247 177 7570 1240 177 7571 1240 177 7572 1247 177 7573 1242 177 7574 1256 177 7575 1266 177 7576 1272 177 7577 1272 177 7578 1266 177 7579 1270 177 7580 1266 3048 7581 1254 3048 7582 1270 3048 7583 1270 3049 7584 1254 3049 7585 1258 3049 7586 1242 3050 7587 1247 3050 7588 1249 3050 7589 1261 177 7590 1256 177 7591 1272 177 7592 1242 3051 7593 1249 3051 7594 1261 3051 7595 1261 177 7596 1249 177 7597 1256 177 7598 1253 3052 7599 1266 3053 7600 1265 3054 7601 1265 3055 7602 1266 3056 7603 1256 3057 7604 1265 3058 7605 1256 3059 7606 1255 3060 7607 1255 3061 7608 1256 3062 7609 1246 3063 7610 1246 3064 7611 1256 3065 7612 1249 3066 7613 1246 3067 7614 1249 3068 7615 1247 3069 7616 1246 3070 7617 1247 3071 7618 1248 3072 7619 1248 3073 7620 1247 3074 7621 1253 3075 7622 1253 3076 7623 1247 3077 7624 1254 3078 7625 1253 3079 7626 1254 3080 7627 1266 3081 7628 1253 3082 7629 1255 3082 7630 1246 3082 7631 1253 3083 7632 1265 3083 7633 1255 3083 7634 1253 3084 7635 1246 3084 7636 1248 3084 7637 1267 3085 7638 1263 3086 7639 1268 3087 7640 1267 3088 7641 1268 3089 7642 1264 3090 7643 1264 3091 7644 1268 3092 7645 1262 3093 7646 1264 3094 7647 1262 3095 7648 1251 3096 7649 1251 3097 7650 1262 3098 7651 1245 3099 7652 1251 3100 7653 1245 3101 7654 1244 3102 7655 1244 3103 7656 1245 3104 7657 1243 3105 7658 1244 3106 7659 1243 3107 7660 1250 3108 7661 1250 3109 7662 1243 3110 7663 1252 3111 7664 1250 3112 7665 1252 3113 7666 1259 3114 7667 1259 3115 7668 1252 3116 7669 1263 3117 7670 1259 3118 7671 1263 3119 7672 1267 3120 7673 1252 3121 7674 1243 3121 7675 1245 3121 7676 1252 3122 7677 1268 3122 7678 1263 3122 7679 1262 15 7680 1268 15 7681 1252 15 7682 1252 15 7683 1245 15 7684 1262 15 7685</p>
        </triangles>
        <triangles material="Shape_014-material" count="60">
          <input semantic="VERTEX" source="#Shape_IndexedFaceSet-mesh-vertices" offset="0"/>
          <input semantic="NORMAL" source="#Shape_IndexedFaceSet-mesh-normals" offset="1"/>
          <input semantic="TEXCOORD" source="#Shape_IndexedFaceSet-mesh-map-0" offset="2" set="0"/>
          <p>1287 3123 7686 1273 3124 7687 1288 3125 7688 1288 3126 7689 1273 3126 7690 1274 3126 7691 1301 3127 7692 1287 3127 7693 1302 3127 7694 1302 3128 7695 1287 3128 7696 1288 3128 7697 1303 3129 7698 1301 3129 7699 1304 3129 7700 1304 3130 7701 1301 3130 7702 1302 3130 7703 1296 3131 7704 1303 3132 7705 1297 3133 7706 1297 3134 7707 1303 3135 7708 1304 3136 7709 1275 3137 7710 1296 3138 7711 1276 3139 7712 1276 3140 7713 1296 3141 7714 1297 3142 7715 1273 3143 7716 1275 3143 7717 1274 3143 7718 1274 3144 7719 1275 3145 7720 1276 3146 7721 1287 15 7722 1292 15 7723 1278 15 7724 1275 15 7725 1279 15 7726 1296 15 7727 1296 15 7728 1279 15 7729 1290 15 7730 1290 3147 7731 1300 3147 7732 1303 3147 7733 1273 3148 7734 1278 3148 7735 1275 3148 7736 1275 3149 7737 1278 3149 7738 1279 3149 7739 1301 15 7740 1292 15 7741 1287 15 7742 1287 3150 7743 1278 3150 7744 1273 3150 7745 1303 15 7746 1300 15 7747 1301 15 7748 1300 15 7749 1292 15 7750 1301 15 7751 1296 15 7752 1290 15 7753 1303 15 7754 1276 177 7755 1297 177 7756 1285 177 7757 1295 177 7758 1298 177 7759 1304 177 7760 1302 3151 7761 1288 3151 7762 1286 3151 7763 1286 177 7764 1295 177 7765 1302 177 7766 1302 177 7767 1295 177 7768 1304 177 7769 1285 177 7770 1282 177 7771 1276 177 7772 1276 177 7773 1282 177 7774 1274 177 7775 1304 3152 7776 1298 3152 7777 1297 3152 7778 1297 177 7779 1298 177 7780 1285 177 7781 1274 177 7782 1282 177 7783 1288 177 7784 1288 3153 7785 1282 3153 7786 1286 3153 7787 1293 3154 7788 1298 3155 7789 1294 3156 7790 1294 3157 7791 1298 3158 7792 1295 3159 7793 1294 3160 7794 1295 3161 7795 1286 3162 7796 1294 3163 7797 1286 3164 7798 1283 3165 7799 1283 3166 7800 1286 3167 7801 1282 3168 7802 1283 3169 7803 1282 3170 7804 1281 3171 7805 1281 3172 7806 1282 3173 7807 1284 3174 7808 1284 3175 7809 1282 3176 7810 1285 3177 7811 1284 3178 7812 1285 3179 7813 1293 3180 7814 1293 3181 7815 1285 3182 7816 1298 3183 7817 1283 177 7818 1281 177 7819 1284 177 7820 1284 177 7821 1294 177 7822 1283 177 7823 1284 177 7824 1293 177 7825 1294 177 7826 1300 3184 7827 1299 3185 7828 1291 3186 7829 1300 3187 7830 1291 3188 7831 1292 3189 7832 1292 3190 7833 1291 3191 7834 1280 3192 7835 1292 3193 7836 1280 3194 7837 1278 3195 7838 1278 3196 7839 1280 3197 7840 1277 3198 7841 1278 3199 7842 1277 3200 7843 1279 3201 7844 1279 3202 7845 1277 3203 7846 1289 3204 7847 1279 3205 7848 1289 3206 7849 1290 3207 7850 1290 3208 7851 1289 3209 7852 1299 3210 7853 1290 3211 7854 1299 3212 7855 1300 3213 7856 1277 3214 7857 1280 3214 7858 1289 3214 7859 1289 15 7860 1291 15 7861 1299 15 7862 1289 3215 7863 1280 3215 7864 1291 3215 7865</p>
        </triangles>
        <triangles material="Shape_015-material" count="602">
          <input semantic="VERTEX" source="#Shape_IndexedFaceSet-mesh-vertices" offset="0"/>
          <input semantic="NORMAL" source="#Shape_IndexedFaceSet-mesh-normals" offset="1"/>
          <input semantic="TEXCOORD" source="#Shape_IndexedFaceSet-mesh-map-0" offset="2" set="0"/>
          <p>1427 3216 7866 1424 3216 7867 1430 3216 7868 1427 3217 7869 1430 3217 7870 1429 3217 7871 1424 3218 7872 1427 3218 7873 1417 3218 7874 1417 3219 7875 1427 3219 7876 1433 3219 7877 1462 3220 7878 1449 3220 7879 1458 3220 7880 1458 3221 7881 1466 3221 7882 1462 3221 7883 1462 3222 7884 1466 3222 7885 1461 3222 7886 1461 3223 7887 1466 3223 7888 1465 3223 7889 1463 3224 7890 1467 3224 7891 1459 3224 7892 1463 3225 7893 1459 3225 7894 1460 3225 7895 1467 3226 7896 1463 3226 7897 1468 3226 7898 1468 3227 7899 1463 3227 7900 1464 3227 7901 1428 3228 7902 1432 3228 7903 1431 3228 7904 1431 3229 7905 1425 3229 7906 1428 3229 7907 1428 3230 7908 1425 3230 7909 1434 3230 7910 1434 3231 7911 1425 3231 7912 1435 3231 7913 1522 177 7914 1508 177 7915 1553 177 7916 1406 3232 7917 1424 3232 7918 1417 3232 7919 1524 177 7920 1554 177 7921 1553 177 7922 1554 3233 7923 1524 3233 7924 1502 3233 7925 1554 3234 7926 1502 3234 7927 1418 3234 7928 1553 177 7929 1554 177 7930 1475 177 7931 1479 177 7932 1489 177 7933 1520 177 7934 1489 177 7935 1479 177 7936 1485 177 7937 1485 3235 7938 1479 3235 7939 1418 3235 7940 1502 3236 7941 1485 3236 7942 1418 3236 7943 1475 177 7944 1488 177 7945 1519 177 7946 1488 177 7947 1465 177 7948 1484 177 7949 1484 177 7950 1465 177 7951 1476 177 7952 1552 177 7953 1523 177 7954 1476 177 7955 1476 177 7956 1523 177 7957 1501 177 7958 1476 177 7959 1501 177 7960 1484 177 7961 1519 177 7962 1552 177 7963 1475 177 7964 1359 3237 7965 1353 3237 7966 1393 3237 7967 1418 3238 7968 1402 3238 7969 1314 3238 7970 1314 3239 7971 1402 3239 7972 1377 3239 7973 1414 3240 7974 1402 3240 7975 1418 3240 7976 1377 3241 7977 1342 3241 7978 1314 3241 7979 1314 3242 7980 1342 3242 7981 1353 3242 7982 1356 3243 7983 1376 3243 7984 1341 3243 7985 1356 3244 7986 1401 3244 7987 1376 3244 7988 1417 3245 7989 1392 3245 7990 1413 3245 7991 1417 177 7992 1413 177 7993 1401 177 7994 1313 3246 7995 1375 3246 7996 1392 3246 7997 1314 3247 7998 1341 3247 7999 1352 3247 8000 1314 177 8001 1352 177 8002 1313 177 8003 1425 177 8004 1420 177 8005 1407 177 8006 1407 177 8007 1420 177 8008 1406 177 8009 1406 3248 8010 1420 3248 8011 1422 3248 8012 1424 177 8013 1406 177 8014 1422 177 8015 1425 3249 8016 1407 3249 8017 1414 3249 8018 1425 177 8019 1414 177 8020 1435 177 8021 1435 3250 8022 1414 3250 8023 1418 3250 8024 1435 3251 8025 1418 3251 8026 1468 3251 8027 1466 3252 8028 1473 3252 8029 1477 3252 8030 1477 3253 8031 1473 3253 8032 1474 3253 8033 1477 3254 8034 1474 3254 8035 1478 3254 8036 1478 3255 8037 1474 3255 8038 1467 3255 8039 1468 3256 8040 1418 3256 8041 1479 3256 8042 1468 3257 8043 1479 3257 8044 1478 3257 8045 1468 3258 8046 1478 3258 8047 1467 3258 8048 1466 3259 8049 1477 3259 8050 1476 3259 8051 1466 177 8052 1476 177 8053 1465 177 8054 1475 3260 8055 1552 3260 8056 1510 3260 8057 1475 3261 8058 1510 3261 8059 1546 3261 8060 1475 3262 8061 1546 3262 8062 1553 3262 8063 1520 177 8064 1553 177 8065 1479 177 8066 1479 177 8067 1553 177 8068 1508 177 8069 1546 3263 8070 1511 3263 8071 1547 3263 8072 1478 3264 8073 1495 3264 8074 1511 3264 8075 1546 3265 8076 1547 3265 8077 1553 3265 8078 1553 3266 8079 1547 3266 8080 1522 3266 8081 1478 3267 8082 1479 3267 8083 1495 3267 8084 1477 177 8085 1494 177 8086 1510 177 8087 1511 3268 8088 1546 3268 8089 1478 3268 8090 1478 3269 8091 1546 3269 8092 1507 3269 8093 1478 3270 8094 1507 3270 8095 1493 3270 8096 1478 3271 8097 1493 3271 8098 1477 3271 8099 1477 3272 8100 1493 3272 8101 1494 3272 8102 1552 177 8103 1509 177 8104 1545 177 8105 1510 177 8106 1521 177 8107 1506 177 8108 1510 177 8109 1506 177 8110 1477 177 8111 1552 3273 8112 1545 3273 8113 1510 3273 8114 1510 3274 8115 1545 3274 8116 1521 3274 8117 1476 177 8118 1509 177 8119 1552 177 8120 1465 3275 8121 1488 3275 8122 1475 3275 8123 1465 177 8124 1475 177 8125 1417 177 8126 1417 177 8127 1475 177 8128 1313 177 8129 1417 177 8130 1313 177 8131 1392 177 8132 1393 3276 8133 1414 3276 8134 1359 3276 8135 1359 3277 8136 1414 3277 8137 1398 3277 8138 1359 3278 8139 1398 3278 8140 1382 3278 8141 1407 177 8142 1385 177 8143 1408 177 8144 1358 3279 8145 1368 3279 8146 1385 3279 8147 1407 177 8148 1408 177 8149 1414 177 8150 1414 177 8151 1408 177 8152 1398 177 8153 1359 3280 8154 1382 3280 8155 1365 3280 8156 1359 3281 8157 1365 3281 8158 1358 3281 8159 1358 3282 8160 1365 3282 8161 1368 3282 8162 1385 3283 8163 1407 3283 8164 1358 3283 8165 1358 3284 8166 1407 3284 8167 1397 3284 8168 1358 3285 8169 1397 3285 8170 1381 3285 8171 1367 3286 8172 1384 3286 8173 1357 3286 8174 1357 3287 8175 1384 3287 8176 1406 3287 8177 1406 177 8178 1384 177 8179 1407 177 8180 1358 3288 8181 1381 3288 8182 1364 3288 8183 1358 3289 8184 1364 3289 8185 1357 3289 8186 1357 3290 8187 1364 3290 8188 1367 3290 8189 1380 3291 8190 1357 3291 8191 1396 3291 8192 1396 3292 8193 1357 3292 8194 1406 3292 8195 1357 3293 8196 1380 3293 8197 1363 3293 8198 1383 177 8199 1406 177 8200 1401 177 8201 1366 3294 8202 1383 3294 8203 1356 3294 8204 1356 3295 8205 1383 3295 8206 1401 3295 8207 1417 3296 8208 1401 3296 8209 1406 3296 8210 1357 3297 8211 1363 3297 8212 1356 3297 8213 1356 3298 8214 1363 3298 8215 1366 3298 8216 1341 3299 8217 1314 3299 8218 1356 3299 8219 1356 3300 8220 1314 3300 8221 1357 3300 8222 1357 3301 8223 1314 3301 8224 1358 3301 8225 1358 3300 8226 1314 3300 8227 1359 3300 8228 1359 3302 8229 1314 3302 8230 1353 3302 8231 1352 177 8232 1375 177 8233 1313 177 8234 1574 15 8235 1453 15 8236 1452 15 8237 1439 15 8238 1400 15 8239 1337 15 8240 1439 15 8241 1337 15 8242 1452 15 8243 1452 15 8244 1337 15 8245 1534 15 8246 1452 15 8247 1534 15 8248 1574 15 8249 1574 3303 8250 1534 3303 8251 1560 3303 8252 1574 15 8253 1560 15 8254 1573 15 8255 1560 15 8256 1533 15 8257 1573 15 8258 1345 3304 8259 1573 3304 8260 1531 3304 8261 1533 15 8262 1532 15 8263 1559 15 8264 1559 15 8265 1531 15 8266 1573 15 8267 1533 3305 8268 1559 3305 8269 1573 3305 8270 1399 15 8271 1438 15 8272 1343 15 8273 1421 3306 8274 1437 3306 8275 1345 3306 8276 1343 15 8277 1438 15 8278 1527 15 8279 1527 3307 8280 1438 3307 8281 1451 3307 8282 1529 15 8283 1572 15 8284 1558 15 8285 1436 3308 8286 1423 3308 8287 1335 3308 8288 1335 3309 8289 1423 3309 8290 1419 3309 8291 1530 3310 8292 1558 3310 8293 1446 3310 8294 1446 3311 8295 1558 3311 8296 1572 3311 8297 1527 15 8298 1451 15 8299 1450 15 8300 1527 15 8301 1450 15 8302 1572 15 8303 1530 3312 8304 1446 3312 8305 1335 3312 8306 1335 3313 8307 1446 3313 8308 1436 3313 8309 1419 3314 8310 1421 3314 8311 1345 3314 8312 1528 15 8313 1557 15 8314 1529 15 8315 1529 15 8316 1557 15 8317 1572 15 8318 1572 3315 8319 1557 3315 8320 1527 3315 8321 1345 3316 8322 1437 3316 8323 1447 3316 8324 1345 3317 8325 1447 3317 8326 1573 3317 8327 1573 3318 8328 1447 3318 8329 1471 3318 8330 1472 15 8331 1470 15 8332 1572 15 8333 1573 3319 8334 1471 3319 8335 1472 3319 8336 1573 15 8337 1472 15 8338 1572 15 8339 1470 3320 8340 1446 3320 8341 1572 3320 8342 1345 15 8343 1306 15 8344 1335 15 8345 1335 15 8346 1419 15 8347 1345 15 8348 1399 15 8349 1343 15 8350 1305 15 8351 1343 3321 8352 1322 3321 8353 1305 3321 8354 1323 15 8355 1335 15 8356 1306 15 8357 1528 15 8358 1529 15 8359 1334 15 8360 1334 15 8361 1529 15 8362 1344 15 8363 1305 15 8364 1322 15 8365 1306 15 8366 1306 3322 8367 1322 3322 8368 1334 3322 8369 1334 15 8370 1323 15 8371 1306 15 8372 1334 15 8373 1344 15 8374 1323 15 8375 1325 3323 8376 1337 3323 8377 1307 3323 8378 1324 15 8379 1336 15 8380 1325 15 8381 1307 15 8382 1337 15 8383 1400 15 8384 1325 3324 8385 1336 3324 8386 1346 3324 8387 1306 3325 8388 1345 3325 8389 1324 3325 8390 1532 15 8391 1533 15 8392 1336 15 8393 1336 15 8394 1533 15 8395 1346 15 8396 1306 15 8397 1324 15 8398 1325 15 8399 1306 15 8400 1325 15 8401 1307 15 8402 1456 177 8403 1457 177 8404 1577 177 8405 1330 3326 8406 1455 3326 8407 1441 3326 8408 1575 177 8409 1454 177 8410 1455 177 8411 1455 3327 8412 1330 3327 8413 1535 3327 8414 1455 3328 8415 1535 3328 8416 1575 3328 8417 1575 3329 8418 1535 3329 8419 1561 3329 8420 1562 3330 8421 1538 3330 8422 1576 3330 8423 1318 177 8424 1354 177 8425 1333 177 8426 1333 177 8427 1354 177 8428 1415 177 8429 1415 177 8430 1469 177 8431 1538 177 8432 1469 177 8433 1480 177 8434 1538 177 8435 1538 177 8436 1480 177 8437 1555 177 8438 1575 177 8439 1561 177 8440 1576 177 8441 1576 177 8442 1561 177 8443 1536 177 8444 1327 3331 8445 1338 3331 8446 1347 3331 8447 1327 3332 8448 1347 3332 8449 1326 3332 8450 1330 177 8451 1308 177 8452 1326 177 8453 1536 177 8454 1537 177 8455 1562 177 8456 1536 177 8457 1562 177 8458 1576 177 8459 1441 177 8460 1440 177 8461 1330 177 8462 1330 177 8463 1440 177 8464 1308 177 8465 1512 177 8466 1448 177 8467 1576 177 8468 1576 3333 8469 1448 3333 8470 1319 3333 8471 1448 177 8472 1426 177 8473 1319 177 8474 1319 3334 8475 1426 3334 8476 1416 3334 8477 1319 177 8478 1416 177 8479 1355 177 8480 1415 177 8481 1538 177 8482 1333 177 8483 1347 177 8484 1338 177 8485 1536 177 8486 1536 177 8487 1338 177 8488 1537 177 8489 1333 177 8490 1327 177 8491 1318 177 8492 1318 3335 8493 1327 3335 8494 1326 3335 8495 1576 177 8496 1565 177 8497 1512 177 8498 1319 3336 8499 1355 3336 8500 1316 3336 8501 1538 3337 8502 1555 3337 8503 1567 3337 8504 1538 3338 8505 1567 3338 8506 1576 3338 8507 1576 3339 8508 1567 3339 8509 1569 3339 8510 1576 3340 8511 1569 3340 8512 1565 3340 8513 1332 177 8514 1348 177 8515 1328 177 8516 1349 177 8517 1329 177 8518 1309 177 8519 1576 3341 8520 1539 3341 8521 1563 3341 8522 1563 177 8523 1577 177 8524 1576 177 8525 1329 177 8526 1332 177 8527 1319 177 8528 1332 177 8529 1328 177 8530 1319 177 8531 1319 3342 8532 1328 3342 8533 1331 3342 8534 1564 177 8535 1577 177 8536 1563 177 8537 1564 177 8538 1563 177 8539 1540 177 8540 1577 3343 8541 1564 3343 8542 1542 3343 8543 1577 3344 8544 1542 3344 8545 1456 3344 8546 1456 177 8547 1542 177 8548 1349 177 8549 1456 177 8550 1349 177 8551 1442 177 8552 1442 3345 8553 1349 3345 8554 1309 3345 8555 1442 177 8556 1309 177 8557 1443 177 8558 1540 177 8559 1541 177 8560 1564 177 8561 1541 177 8562 1540 177 8563 1332 177 8564 1332 177 8565 1540 177 8566 1348 177 8567 1319 177 8568 1331 177 8569 1576 177 8570 1576 3346 8571 1331 3346 8572 1539 3346 8573 1309 3347 8574 1316 3347 8575 1315 3347 8576 1309 177 8577 1315 177 8578 1308 177 8579 1308 177 8580 1315 177 8581 1318 177 8582 1308 177 8583 1318 177 8584 1326 177 8585 1309 3348 8586 1329 3348 8587 1319 3348 8588 1309 3349 8589 1319 3349 8590 1316 3349 8591 1575 578 8592 1572 578 8593 1454 578 8594 1454 578 8595 1572 578 8596 1450 578 8597 1400 579 8598 1443 579 8599 1309 579 8600 1400 579 8601 1309 579 8602 1307 579 8603 1449 3350 8604 1469 3351 8605 1415 3352 8606 1449 3353 8607 1415 3354 8608 1429 3355 8609 1429 3356 8610 1415 3357 8611 1427 3358 8612 1427 3359 8613 1415 3360 8614 1394 3361 8615 1394 3362 8616 1415 3363 8617 1354 3364 8618 1394 3365 8619 1354 3366 8620 1320 3367 8621 1320 3368 8622 1354 3369 8623 1318 3370 8624 1320 3371 8625 1318 3372 8626 1317 3373 8627 1317 3374 8628 1318 3375 8629 1315 3376 8630 1317 3377 8631 1315 3378 8632 1311 3379 8633 1311 3380 8634 1315 3381 8635 1316 3382 8636 1311 3383 8637 1316 3384 8638 1321 3385 8639 1321 3386 8640 1316 3387 8641 1355 3388 8642 1321 3389 8643 1355 3390 8644 1395 3391 8645 1395 3392 8646 1355 3393 8647 1416 3394 8648 1395 3395 8649 1416 3396 8650 1426 3397 8651 1395 3398 8652 1426 3399 8653 1428 3400 8654 1569 3401 8655 1566 3402 8656 1565 3403 8657 1565 3404 8658 1566 3405 8659 1513 3406 8660 1565 3407 8661 1513 3408 8662 1512 3409 8663 1512 3410 8664 1513 3411 8665 1463 3412 8666 1512 3413 8667 1463 3414 8668 1448 3415 8669 1448 3416 8670 1463 3417 8671 1460 3418 8672 1448 3419 8673 1460 3420 8674 1432 3421 8675 1448 3422 8676 1432 3423 8677 1426 3424 8678 1426 3425 8679 1432 3426 8680 1428 3427 8681 1449 3428 8682 1462 3429 8683 1469 3430 8684 1469 3431 8685 1462 3432 8686 1481 3433 8687 1469 3434 8688 1481 3435 8689 1480 3436 8690 1480 3437 8691 1481 3438 8692 1556 3439 8693 1480 3440 8694 1556 3441 8695 1555 3442 8696 1555 3443 8697 1556 3444 8698 1568 3445 8699 1555 3446 8700 1568 3447 8701 1567 3448 8702 1567 3449 8703 1568 3450 8704 1569 3451 8705 1569 3452 8706 1568 3453 8707 1566 3454 8708 1572 453 8709 1575 453 8710 1573 453 8711 1573 453 8712 1575 453 8713 1576 453 8714 1573 3455 8715 1576 3455 8716 1574 3455 8717 1574 453 8718 1576 453 8719 1577 453 8720 1440 578 8721 1399 578 8722 1308 578 8723 1308 578 8724 1399 578 8725 1305 578 8726 1307 3456 8727 1309 3456 8728 1306 3456 8729 1306 454 8730 1309 454 8731 1305 454 8732 1305 454 8733 1309 454 8734 1308 454 8735 1453 579 8736 1574 579 8737 1457 579 8738 1457 579 8739 1574 579 8740 1577 579 8741 1337 3457 8742 1349 3457 8743 1542 3457 8744 1337 3458 8745 1542 3458 8746 1534 3458 8747 1534 3459 8748 1542 3460 8749 1560 3461 8750 1560 3462 8751 1542 3463 8752 1564 3464 8753 1560 3465 8754 1564 3466 8755 1533 1023 8756 1533 3467 8757 1564 3468 8758 1541 3469 8759 1533 3470 8760 1541 3470 8761 1346 3470 8762 1346 3471 8763 1541 3471 8764 1332 3471 8765 1346 3472 8766 1332 3473 8767 1325 3474 8768 1325 3475 8769 1332 3476 8770 1329 3477 8771 1325 3478 8772 1329 3479 8773 1337 3480 8774 1337 3481 8775 1329 3482 8776 1349 3483 8777 1336 3484 8778 1348 3484 8779 1540 3484 8780 1336 3485 8781 1540 3485 8782 1532 3485 8783 1532 3486 8784 1540 3487 8785 1559 3488 8786 1559 3489 8787 1540 3490 8788 1563 3491 8789 1559 3492 8790 1563 3493 8791 1531 3494 8792 1531 3495 8793 1563 3496 8794 1539 3497 8795 1531 3498 8796 1539 3498 8797 1345 3498 8798 1345 3499 8799 1539 3499 8800 1331 3499 8801 1345 3500 8802 1331 3501 8803 1324 3502 8804 1324 3503 8805 1331 3504 8806 1328 3505 8807 1324 3506 8808 1328 3507 8809 1336 3508 8810 1336 3509 8811 1328 3510 8812 1348 3511 8813 1530 3512 8814 1538 3513 8815 1558 3514 8816 1558 3515 8817 1538 3516 8818 1562 3517 8819 1558 3518 8820 1562 3519 8821 1529 3520 8822 1529 3521 8823 1562 3522 8824 1537 3523 8825 1529 3524 8826 1537 3524 8827 1344 3524 8828 1344 3525 8829 1537 3525 8830 1338 3525 8831 1344 3526 8832 1338 3527 8833 1323 3528 8834 1323 3529 8835 1338 3530 8836 1327 3531 8837 1323 3532 8838 1327 3533 8839 1333 3534 8840 1323 3535 8841 1333 3536 8842 1335 3537 8843 1335 3538 8844 1333 3538 8845 1538 3538 8846 1335 3539 8847 1538 3539 8848 1530 3539 8849 1334 3540 8850 1347 3540 8851 1536 3540 8852 1334 3541 8853 1536 3541 8854 1528 3541 8855 1343 3542 8856 1330 3543 8857 1322 3544 8858 1322 3545 8859 1330 3546 8860 1326 3547 8861 1322 3548 8862 1326 3549 8863 1334 3550 8864 1334 3551 8865 1326 3552 8866 1347 3553 8867 1527 3554 8868 1535 3554 8869 1343 3554 8870 1343 3555 8871 1535 3555 8872 1330 3555 8873 1528 3556 8874 1536 3557 8875 1557 3558 8876 1557 3559 8877 1536 3560 8878 1561 3561 8879 1557 3562 8880 1561 3563 8881 1527 3564 8882 1527 3565 8883 1561 3566 8884 1535 3567 8885 1421 3568 8886 1431 3569 8887 1437 3570 8888 1437 3571 8889 1431 3572 8890 1445 3573 8891 1437 3574 8892 1445 3575 8893 1447 3576 8894 1447 3577 8895 1445 3578 8896 1459 3579 8897 1447 3580 8898 1459 3581 8899 1471 3582 8900 1470 3583 8901 1458 3584 8902 1446 3585 8903 1446 3586 8904 1458 3587 8905 1444 3588 8906 1446 3589 8907 1444 3590 8908 1436 3591 8909 1436 3592 8910 1444 3593 8911 1430 3594 8912 1436 3595 8913 1430 3596 8914 1423 3597 8915 1466 3598 8916 1458 3599 8917 1470 3600 8918 1466 3601 8919 1470 3602 8920 1473 3603 8921 1473 3604 8922 1470 3605 8923 1472 3606 8924 1473 3607 8925 1472 3608 8926 1474 3609 8927 1474 3610 8928 1472 3611 8929 1471 3612 8930 1474 3613 8931 1471 3614 8932 1467 3615 8933 1467 3616 8934 1471 3617 8935 1459 3618 8936 1425 3619 8937 1431 3620 8938 1421 3621 8939 1425 3622 8940 1421 3623 8941 1420 3624 8942 1420 3625 8943 1421 3626 8944 1419 3627 8945 1420 3628 8946 1419 3629 8947 1422 3630 8948 1422 3631 8949 1419 3632 8950 1423 3633 8951 1422 3634 8952 1423 3635 8953 1424 3636 8954 1424 3637 8955 1423 3638 8956 1430 3639 8957 1429 3640 8958 1430 3640 8959 1444 3640 8960 1429 3641 8961 1444 3641 8962 1449 3641 8963 1449 3642 8964 1444 3642 8965 1458 3642 8966 1460 3643 8967 1459 3643 8968 1445 3643 8969 1460 3644 8970 1445 3644 8971 1432 3644 8972 1432 3645 8973 1445 3645 8974 1431 3645 8975 1475 3646 8976 1568 3646 8977 1570 3646 8978 1568 3647 8979 1475 3647 8980 1571 3647 8981 1571 3648 8982 1475 3648 8983 1554 3648 8984 1554 3649 8985 1418 3649 8986 1571 3649 8987 1571 579 8988 1418 579 8989 1312 579 8990 1312 3650 8991 1418 3650 8992 1314 3650 8993 1379 15 8994 1391 15 8995 1362 15 8996 1434 3651 8997 1379 3651 8998 1404 3651 8999 1374 3652 9000 1410 3652 9001 1434 3652 9002 1379 15 9003 1412 15 9004 1391 15 9005 1505 3653 9006 1518 3653 9007 1492 3653 9008 1428 3654 9009 1404 3654 9010 1390 3654 9011 1428 3655 9012 1390 3655 9013 1395 3655 9014 1395 15 9015 1390 15 9016 1321 15 9017 1321 15 9018 1390 15 9019 1371 15 9020 1321 15 9021 1371 15 9022 1311 15 9023 1312 3656 9024 1340 3656 9025 1374 3656 9026 1571 3657 9027 1500 3657 9028 1549 3657 9029 1513 15 9030 1566 15 9031 1517 15 9032 1351 15 9033 1311 15 9034 1362 15 9035 1351 15 9036 1362 15 9037 1391 15 9038 1312 3658 9039 1311 3658 9040 1351 3658 9041 1312 3659 9042 1351 3659 9043 1340 3659 9044 1412 3660 9045 1379 3660 9046 1434 3660 9047 1412 3661 9048 1434 3661 9049 1410 3661 9050 1434 3662 9051 1404 3662 9052 1428 3662 9053 1463 3663 9054 1487 3663 9055 1464 3663 9056 1464 3664 9057 1487 3664 9058 1483 3664 9059 1312 3665 9060 1374 3665 9061 1434 3665 9062 1312 3666 9063 1434 3666 9064 1571 3666 9065 1571 3667 9066 1434 3667 9067 1464 3667 9068 1571 3668 9069 1464 3668 9070 1500 3668 9071 1500 3669 9072 1464 3669 9073 1483 3669 9074 1571 3670 9075 1549 3670 9076 1551 3670 9077 1311 3671 9078 1371 3671 9079 1362 3671 9080 1513 15 9081 1517 15 9082 1463 15 9083 1463 3672 9084 1517 3672 9085 1498 3672 9086 1498 3673 9087 1492 3673 9088 1463 3673 9089 1525 3674 9090 1571 3674 9091 1505 3674 9092 1505 3675 9093 1571 3675 9094 1551 3675 9095 1505 3676 9096 1551 3676 9097 1518 3676 9098 1525 3677 9099 1544 3677 9100 1571 3677 9101 1571 3678 9102 1544 3678 9103 1566 3678 9104 1571 3679 9105 1566 3679 9106 1568 3679 9107 1566 15 9108 1544 15 9109 1517 15 9110 1487 3680 9111 1463 3680 9112 1492 3680 9113 1487 15 9114 1492 15 9115 1518 15 9116 1314 3681 9117 1311 3681 9118 1312 3681 9119 1311 3682 9120 1314 3682 9121 1310 3682 9122 1310 454 9123 1314 454 9124 1313 454 9125 1310 3683 9126 1313 3683 9127 1570 3683 9128 1570 3684 9129 1313 3684 9130 1475 3684 9131 1515 3685 9132 1570 3685 9133 1550 3685 9134 1570 3686 9135 1461 3686 9136 1310 3686 9137 1310 3687 9138 1461 3687 9139 1433 3687 9140 1405 3688 9141 1389 3688 9142 1433 3688 9143 1310 3689 9144 1388 3689 9145 1350 3689 9146 1482 3690 9147 1516 3690 9148 1497 3690 9149 1427 3691 9150 1372 3691 9151 1403 3691 9152 1570 3692 9153 1543 3692 9154 1516 3692 9155 1515 3693 9156 1486 3693 9157 1570 3693 9158 1570 3694 9159 1486 3694 9160 1461 3694 9161 1568 3695 9162 1504 3695 9163 1543 3695 9164 1516 3696 9165 1482 3696 9166 1499 3696 9167 1427 3697 9168 1403 3697 9169 1433 3697 9170 1433 3698 9171 1403 3699 9172 1405 3700 9173 1389 3701 9174 1339 3701 9175 1373 3701 9176 1389 15 9177 1373 15 9178 1409 15 9179 1482 3702 9180 1497 3702 9181 1461 3702 9182 1482 3703 9183 1461 3703 9184 1486 3703 9185 1461 3704 9186 1497 3704 9187 1491 3704 9188 1461 3705 9189 1491 3705 9190 1462 3705 9191 1570 3706 9192 1568 3706 9193 1543 3706 9194 1499 15 9195 1548 15 9196 1516 15 9197 1389 3707 9198 1409 3707 9199 1433 3707 9200 1409 3708 9201 1411 3708 9202 1433 3708 9203 1411 3709 9204 1388 3709 9205 1433 3709 9206 1433 3710 9207 1388 3710 9208 1310 3710 9209 1310 3711 9210 1350 3711 9211 1339 3711 9212 1372 15 9213 1394 15 9214 1320 15 9215 1462 3712 9216 1491 3712 9217 1504 3712 9218 1462 15 9219 1504 15 9220 1481 15 9221 1481 3713 9222 1504 3713 9223 1556 3713 9224 1556 15 9225 1504 15 9226 1568 15 9227 1516 3714 9228 1548 3714 9229 1570 3714 9230 1570 3715 9231 1548 3715 9232 1550 3715 9233 1370 3716 9234 1310 3716 9235 1339 3716 9236 1370 15 9237 1339 15 9238 1389 15 9239 1317 3717 9240 1311 3717 9241 1310 3717 9242 1372 15 9243 1427 15 9244 1394 15 9245 1372 15 9246 1320 15 9247 1317 15 9248 1372 15 9249 1317 15 9250 1361 15 9251 1370 3718 9252 1361 3718 9253 1310 3718 9254 1310 3719 9255 1361 3719 9256 1317 3719 9257 1400 453 9258 1439 453 9259 1443 453 9260 1443 453 9261 1439 453 9262 1442 453 9263 1439 579 9264 1452 579 9265 1442 579 9266 1442 579 9267 1452 579 9268 1456 579 9269 1452 454 9270 1453 454 9271 1456 454 9272 1456 454 9273 1453 454 9274 1457 454 9275 1450 454 9276 1451 454 9277 1454 454 9278 1454 454 9279 1451 454 9280 1455 454 9281 1451 578 9282 1438 578 9283 1455 578 9284 1455 578 9285 1438 578 9286 1441 578 9287 1438 453 9288 1399 453 9289 1441 453 9290 1441 453 9291 1399 453 9292 1440 453 9293 1499 3720 9294 1501 3721 9295 1523 3722 9296 1499 3723 9297 1523 3724 9298 1548 3725 9299 1548 3726 9300 1523 3727 9301 1552 3728 9302 1548 3729 9303 1552 3730 9304 1550 3731 9305 1550 3732 9306 1552 3733 9307 1515 3734 9308 1515 3735 9309 1552 3736 9310 1519 3737 9311 1515 3738 9312 1519 3739 9313 1486 3740 9314 1486 3741 9315 1519 3742 9316 1488 3743 9317 1486 3744 9318 1488 3745 9319 1482 3746 9320 1482 3747 9321 1488 3748 9322 1484 3749 9323 1482 3750 9324 1484 3751 9325 1499 3752 9326 1499 3753 9327 1484 3754 9328 1501 3755 9329 1504 3756 9330 1506 3757 9331 1521 3758 9332 1504 3759 9333 1521 3760 9334 1543 3761 9335 1543 3762 9336 1521 3763 9337 1545 3764 9338 1543 3765 9339 1545 3766 9340 1516 3767 9341 1516 3768 9342 1545 3769 9343 1509 3770 9344 1516 3771 9345 1509 3772 9346 1497 3773 9347 1497 3774 9348 1509 3775 9349 1476 3776 9350 1497 3777 9351 1476 3778 9352 1491 3779 9353 1491 3780 9354 1476 3781 9355 1477 3782 9356 1491 3783 9357 1477 3784 9358 1504 3785 9359 1504 3786 9360 1477 3787 9361 1506 3788 9362 1373 3789 9363 1376 3790 9364 1401 3791 9365 1373 3792 9366 1401 3793 9367 1409 3794 9368 1409 3795 9369 1401 3796 9370 1413 3797 9371 1409 3798 9372 1413 3799 9373 1411 3800 9374 1411 3801 9375 1413 3802 9376 1388 3803 9377 1388 3804 9378 1413 3805 9379 1392 3806 9380 1388 3807 9381 1392 3808 9382 1350 3809 9383 1350 3810 9384 1392 3811 9385 1375 3812 9386 1350 3813 9387 1375 3814 9388 1352 3815 9389 1350 3816 9390 1352 3817 9391 1339 3818 9392 1339 3819 9393 1352 3820 9394 1341 3821 9395 1339 3822 9396 1341 3823 9397 1373 3824 9398 1373 3825 9399 1341 3826 9400 1376 3827 9401 1372 3828 9402 1380 3829 9403 1396 3830 9404 1372 3831 9405 1396 3832 9406 1403 3833 9407 1403 3834 9408 1396 3835 9409 1406 3836 9410 1403 3837 9411 1406 3838 9412 1405 3839 9413 1405 3840 9414 1406 3841 9415 1389 3842 9416 1389 3843 9417 1406 3844 9418 1383 3845 9419 1389 3846 9420 1383 3847 9421 1370 3848 9422 1370 3849 9423 1383 3850 9424 1366 3851 9425 1370 3852 9426 1366 3853 9427 1361 3854 9428 1361 3855 9429 1366 3856 9430 1363 3857 9431 1361 3858 9432 1363 3859 9433 1372 3860 9434 1372 3861 9435 1363 3862 9436 1380 3863 9437 1379 3864 9438 1382 3865 9439 1398 3866 9440 1379 3867 9441 1398 3868 9442 1404 3869 9443 1404 3870 9444 1398 3871 9445 1408 3872 9446 1404 3873 9447 1408 3874 9448 1390 3875 9449 1390 3876 9450 1408 3877 9451 1385 3878 9452 1390 3879 9453 1385 3880 9454 1371 3881 9455 1371 3882 9456 1385 3883 9457 1368 3884 9458 1371 3885 9459 1368 3886 9460 1362 3887 9461 1362 3888 9462 1368 3889 9463 1365 3890 9464 1362 3891 9465 1365 3892 9466 1379 3893 9467 1379 3894 9468 1365 3895 9469 1382 3896 9470 1374 3897 9471 1377 3898 9472 1402 3899 9473 1374 3900 9474 1402 3901 9475 1410 3902 9476 1410 3903 9477 1402 3904 9478 1414 3905 9479 1410 3906 9480 1414 3907 9481 1412 3908 9482 1412 3909 9483 1414 3910 9484 1391 3911 9485 1391 3912 9486 1414 3913 9487 1393 3914 9488 1391 3915 9489 1393 3916 9490 1351 3917 9491 1351 3918 9492 1393 3919 9493 1353 3920 9494 1351 3921 9495 1353 3922 9496 1340 3923 9497 1340 3924 9498 1353 3925 9499 1342 3926 9500 1340 3927 9501 1342 3928 9502 1374 3929 9503 1374 3930 9504 1342 3931 9505 1377 3932 9506 1500 3933 9507 1502 3934 9508 1524 3935 9509 1500 3936 9510 1524 3937 9511 1549 3938 9512 1549 3939 9513 1524 3940 9514 1553 3941 9515 1549 3942 9516 1553 3943 9517 1551 3944 9518 1551 3945 9519 1553 3946 9520 1518 3947 9521 1518 3948 9522 1553 3949 9523 1520 3950 9524 1518 3951 9525 1520 3952 9526 1487 3953 9527 1487 3954 9528 1520 3955 9529 1489 3956 9530 1487 3957 9531 1489 3958 9532 1483 3959 9533 1483 3960 9534 1489 3961 9535 1485 3962 9536 1483 3963 9537 1485 3964 9538 1500 3965 9539 1500 3966 9540 1485 3967 9541 1502 3968 9542 1505 3969 9543 1508 3970 9544 1522 3971 9545 1505 3972 9546 1522 3973 9547 1525 3974 9548 1525 3975 9549 1522 3976 9550 1547 3977 9551 1525 3978 9552 1547 3979 9553 1544 3980 9554 1544 3981 9555 1547 3982 9556 1517 3983 9557 1517 3984 9558 1547 3985 9559 1511 3986 9560 1517 3987 9561 1511 3988 9562 1498 3989 9563 1498 3990 9564 1511 3991 9565 1495 3992 9566 1498 3993 9567 1495 3994 9568 1492 3995 9569 1492 3996 9570 1495 3997 9571 1479 3998 9572 1492 3999 9573 1479 4000 9574 1505 4001 9575 1505 4002 9576 1479 4003 9577 1508 4004 9578 1378 4005 9579 1381 4006 9580 1397 4007 9581 1378 4008 9582 1397 4009 9583 1387 4010 9584 1387 4011 9585 1397 4012 9586 1407 4013 9587 1387 4014 9588 1407 4015 9589 1386 4016 9590 1386 4017 9591 1407 4018 9592 1384 4019 9593 1386 4020 9594 1384 4021 9595 1369 4022 9596 1369 4023 9597 1384 4024 9598 1367 4025 9599 1369 4026 9600 1367 4027 9601 1360 4028 9602 1360 4029 9603 1367 4030 9604 1364 4031 9605 1360 4032 9606 1364 4033 9607 1378 4034 9608 1378 4035 9609 1364 4036 9610 1381 4037 9611 1387 4038 9612 1360 4038 9613 1378 4038 9614 1369 4039 9615 1360 4039 9616 1387 4039 9617 1387 4040 9618 1386 4040 9619 1369 4040 9620 1503 4041 9621 1507 4042 9622 1526 4043 9623 1526 4044 9624 1507 4045 9625 1546 4046 9626 1526 4047 9627 1546 4048 9628 1514 4049 9629 1514 4050 9630 1546 4051 9631 1510 4052 9632 1514 4053 9633 1510 4054 9634 1496 4055 9635 1496 4056 9636 1510 4057 9637 1494 4058 9638 1496 4059 9639 1494 4060 9640 1490 4061 9641 1490 4062 9642 1494 4063 9643 1493 4064 9644 1490 4065 9645 1493 4066 9646 1503 4067 9647 1503 4068 9648 1493 4069 9649 1507 4070 9650 1503 177 9651 1514 177 9652 1496 177 9653 1503 177 9654 1526 177 9655 1514 177 9656 1496 177 9657 1490 177 9658 1503 177 9659 1434 578 9660 1435 578 9661 1464 578 9662 1464 578 9663 1435 578 9664 1468 578 9665 1417 579 9666 1433 579 9667 1465 579 9668 1465 579 9669 1433 579 9670 1461 579 9671</p>
        </triangles>
      </mesh>
    </geometry>
  </library_geometries>
  <library_visual_scenes>
    <visual_scene id="Scene" name="Scene">
      <node id="Shape_IndexedFaceSet" name="Shape_IndexedFaceSet" type="NODE">
        <matrix sid="transform">1 0 0 -0.02823 0 7.54979e-8 -1 0.06556001 0 1 7.54979e-8 -0.03499 0 0 0 1</matrix>
        <instance_geometry url="#Shape_IndexedFaceSet-mesh" name="Shape_IndexedFaceSet">
          <bind_material>
            <technique_common>
              <instance_material symbol="Shape-material" target="#Shape-material">
                <bind_vertex_input semantic="UVMap" input_semantic="TEXCOORD" input_set="0"/>
              </instance_material>
              <instance_material symbol="Shape_001-material" target="#Shape_001-material">
                <bind_vertex_input semantic="UVMap" input_semantic="TEXCOORD" input_set="0"/>
              </instance_material>
              <instance_material symbol="Shape_002-material" target="#Shape_002-material">
                <bind_vertex_input semantic="UVMap" input_semantic="TEXCOORD" input_set="0"/>
              </instance_material>
              <instance_material symbol="Shape_003-material" target="#Shape_003-material">
                <bind_vertex_input semantic="UVMap" input_semantic="TEXCOORD" input_set="0"/>
              </instance_material>
              <instance_material symbol="Shape_004-material" target="#Shape_004-material">
                <bind_vertex_input semantic="UVMap" input_semantic="TEXCOORD" input_set="0"/>
              </instance_material>
              <instance_material symbol="Shape_005-material" target="#Shape_005-material">
                <bind_vertex_input semantic="UVMap" input_semantic="TEXCOORD" input_set="0"/>
              </instance_material>
              <instance_material symbol="Shape_006-material" target="#Shape_006-material">
                <bind_vertex_input semantic="UVMap" input_semantic="TEXCOORD" input_set="0"/>
              </instance_material>
              <instance_material symbol="Shape_007-material" target="#Shape_007-material">
                <bind_vertex_input semantic="UVMap" input_semantic="TEXCOORD" input_set="0"/>
              </instance_material>
              <instance_material symbol="Shape_008-material" target="#Shape_008-material">
                <bind_vertex_input semantic="UVMap" input_semantic="TEXCOORD" input_set="0"/>
              </instance_material>
              <instance_material symbol="Shape_009-material" target="#Shape_009-material">
                <bind_vertex_input semantic="UVMap" input_semantic="TEXCOORD" input_set="0"/>
              </instance_material>
              <instance_material symbol="Shape_010-material" target="#Shape_010-material">
                <bind_vertex_input semantic="UVMap" input_semantic="TEXCOORD" input_set="0"/>
              </instance_material>
              <instance_material symbol="Shape_011-material" target="#Shape_011-material">
                <bind_vertex_input semantic="UVMap" input_semantic="TEXCOORD" input_set="0"/>
              </instance_material>
              <instance_material symbol="Shape_012-material" target="#Shape_012-material">
                <bind_vertex_input semantic="UVMap" input_semantic="TEXCOORD" input_set="0"/>
              </instance_material>
              <instance_material symbol="Shape_013-material" target="#Shape_013-material">
                <bind_vertex_input semantic="UVMap" input_semantic="TEXCOORD" input_set="0"/>
              </instance_material>
              <instance_material symbol="Shape_014-material" target="#Shape_014-material">
                <bind_vertex_input semantic="UVMap" input_semantic="TEXCOORD" input_set="0"/>
              </instance_material>
              <instance_material symbol="Shape_015-material" target="#Shape_015-material">
                <bind_vertex_input semantic="UVMap" input_semantic="TEXCOORD" input_set="0"/>
              </instance_material>
            </technique_common>
          </bind_material>
        </instance_geometry>
      </node>
      <node id="Camera" name="Camera" type="NODE">
        <matrix sid="transform">0.6859207 -0.3240135 0.6515582 7.358891 0.7276763 0.3054208 -0.6141704 -6.925791 0 0.8953956 0.4452714 4.958309 0 0 0 1</matrix>
        <instance_camera url="#Camera-camera"/>
      </node>
      <node id="Light" name="Light" type="NODE">
        <matrix sid="transform">-0.2908646 -0.7711008 0.5663932 4.076245 0.9551712 -0.1998834 0.2183912 1.005454 -0.05518906 0.6045247 0.7946723 5.903862 0 0 0 1</matrix>
        <instance_light url="#Light-light"/>
      </node>
    </visual_scene>
  </library_visual_scenes>
  <scene>
    <instance_visual_scene url="#Scene"/>
  </scene>
</COLLADA>