<?xml version="1.0" encoding="utf-8"?>
<COLLADA xmlns="http://www.collada.org/2005/11/COLLADASchema" version="1.4.1" xmlns:xsi="http://www.w3.org/2001/XMLSchema-instance">
  <asset>
    <contributor>
      <author>Blender User</author>
      <authoring_tool>Blender 4.4.0 commit date:2025-03-17, commit time:17:00, hash:05377985c527</authoring_tool>
    </contributor>
    <created>2026-05-14T21:01:07</created>
    <modified>2026-05-14T21:01:07</modified>
    <unit name="meter" meter="1"/>
    <up_axis>Z_UP</up_axis>
  </asset>
  <library_cameras>
    <camera id="Camera_003-camera" name="Camera.003">
      <optics>
        <technique_common>
          <perspective>
            <xfov sid="xfov">39.59775</xfov>
            <aspect_ratio>1.777778</aspect_ratio>
            <znear sid="znear">0.1</znear>
            <zfar sid="zfar">100</zfar>
          </perspective>
        </technique_common>
      </optics>
      <extra>
        <technique profile="blender">
          <shiftx sid="shiftx" type="float">0</shiftx>
          <shifty sid="shifty" type="float">0</shifty>
          <dof_distance sid="dof_distance" type="float">10</dof_distance>
        </technique>
      </extra>
    </camera>
    <camera id="Camera_002-camera" name="Camera.002">
      <optics>
        <technique_common>
          <perspective>
            <xfov sid="xfov">39.59775</xfov>
            <aspect_ratio>1.777778</aspect_ratio>
            <znear sid="znear">0.1</znear>
            <zfar sid="zfar">100</zfar>
          </perspective>
        </technique_common>
      </optics>
      <extra>
        <technique profile="blender">
          <shiftx sid="shiftx" type="float">0</shiftx>
          <shifty sid="shifty" type="float">0</shifty>
          <dof_distance sid="dof_distance" type="float">10</dof_distance>
        </technique>
      </extra>
    </camera>
    <camera id="Camera_001-camera" name="Camera.001">
      <optics>
        <technique_common>
          <perspective>
            <xfov sid="xfov">39.59775</xfov>
            <aspect_ratio>1.777778</aspect_ratio>
            <znear sid="znear">0.1</znear>
            <zfar sid="zfar">100</zfar>
          </perspective>
        </technique_common>
      </optics>
      <extra>
        <technique profile="blender">
          <shiftx sid="shiftx" type="float">0</shiftx>
          <shifty sid="shifty" type="float">0</shifty>
          <dof_distance sid="dof_distance" type="float">10</dof_distance>
        </technique>
      </extra>
    </camera>
    <camera id="Camera-camera" name="Camera">
      <optics>
        <technique_common>
          <perspective>
            <xfov sid="xfov">39.59775</xfov>
            <aspect_ratio>1.777778</aspect_ratio>
            <znear sid="znear">0.1</znear>
            <zfar sid="zfar">100</zfar>
          </perspective>
        </technique_common>
      </optics>
      <extra>
        <technique profile="blender">
          <shiftx sid="shiftx" type="float">0</shiftx>
          <shifty sid="shifty" type="float">0</shifty>
          <dof_distance sid="dof_distance" type="float">10</dof_distance>
        </technique>
      </extra>
    </camera>
  </library_cameras>
  <library_lights>
    <light id="Light_003-light" name="Light.003">
      <technique_common>
        <point>
          <color sid="color">1000 1000 1000</color>
          <constant_attenuation>1</constant_attenuation>
          <linear_attenuation>0</linear_attenuation>
          <quadratic_attenuation>0</quadratic_attenuation>
        </point>
      </technique_common>
      <extra>
        <technique profile="blender">
          <type sid="type" type="int">0</type>
          <flag sid="flag" type="int">0</flag>
          <mode sid="mode" type="int">2097153</mode>
          <red sid="red" type="float">1</red>
          <green sid="green" type="float">1</green>
          <blue sid="blue" type="float">1</blue>
          <energy sid="blender_energy" type="float">1000</energy>
          <spotsize sid="spotsize" type="float">75</spotsize>
          <spotblend sid="spotblend" type="float">0.15</spotblend>
          <clipsta sid="clipsta" type="float">0.04999995</clipsta>
          <clipend sid="clipend" type="float">40</clipend>
          <radius sid="radius" type="float">0.1</radius>
          <area_shape sid="area_shape" type="int">1</area_shape>
          <area_size sid="area_size" type="float">0.1</area_size>
          <area_sizey sid="area_sizey" type="float">0.1</area_sizey>
          <area_sizez sid="area_sizez" type="float">1</area_sizez>
        </technique>
      </extra>
    </light>
    <light id="Light_002-light" name="Light.002">
      <technique_common>
        <point>
          <color sid="color">1000 1000 1000</color>
          <constant_attenuation>1</constant_attenuation>
          <linear_attenuation>0</linear_attenuation>
          <quadratic_attenuation>0</quadratic_attenuation>
        </point>
      </technique_common>
      <extra>
        <technique profile="blender">
          <type sid="type" type="int">0</type>
          <flag sid="flag" type="int">0</flag>
          <mode sid="mode" type="int">2097153</mode>
          <red sid="red" type="float">1</red>
          <green sid="green" type="float">1</green>
          <blue sid="blue" type="float">1</blue>
          <energy sid="blender_energy" type="float">1000</energy>
          <spotsize sid="spotsize" type="float">75</spotsize>
          <spotblend sid="spotblend" type="float">0.15</spotblend>
          <clipsta sid="clipsta" type="float">0.04999995</clipsta>
          <clipend sid="clipend" type="float">40</clipend>
          <radius sid="radius" type="float">0.1</radius>
          <area_shape sid="area_shape" type="int">1</area_shape>
          <area_size sid="area_size" type="float">0.1</area_size>
          <area_sizey sid="area_sizey" type="float">0.1</area_sizey>
          <area_sizez sid="area_sizez" type="float">1</area_sizez>
        </technique>
      </extra>
    </light>
    <light id="Light_001-light" name="Light.001">
      <technique_common>
        <point>
          <color sid="color">1000 1000 1000</color>
          <constant_attenuation>1</constant_attenuation>
          <linear_attenuation>0</linear_attenuation>
          <quadratic_attenuation>0</quadratic_attenuation>
        </point>
      </technique_common>
      <extra>
        <technique profile="blender">
          <type sid="type" type="int">0</type>
          <flag sid="flag" type="int">0</flag>
          <mode sid="mode" type="int">2097153</mode>
          <red sid="red" type="float">1</red>
          <green sid="green" type="float">1</green>
          <blue sid="blue" type="float">1</blue>
          <energy sid="blender_energy" type="float">1000</energy>
          <spotsize sid="spotsize" type="float">75</spotsize>
          <spotblend sid="spotblend" type="float">0.15</spotblend>
          <clipsta sid="clipsta" type="float">0.04999995</clipsta>
          <clipend sid="clipend" type="float">40</clipend>
          <radius sid="radius" type="float">0.1</radius>
          <area_shape sid="area_shape" type="int">1</area_shape>
          <area_size sid="area_size" type="float">0.1</area_size>
          <area_sizey sid="area_sizey" type="float">0.1</area_sizey>
          <area_sizez sid="area_sizez" type="float">1</area_sizez>
        </technique>
      </extra>
    </light>
    <light id="Light-light" name="Light">
      <technique_common>
        <point>
          <color sid="color">1000 1000 1000</color>
          <constant_attenuation>1</constant_attenuation>
          <linear_attenuation>0</linear_attenuation>
          <quadratic_attenuation>0</quadratic_attenuation>
        </point>
      </technique_common>
      <extra>
        <technique profile="blender">
          <type sid="type" type="int">0</type>
          <flag sid="flag" type="int">0</flag>
          <mode sid="mode" type="int">2097153</mode>
          <red sid="red" type="float">1</red>
          <green sid="green" type="float">1</green>
          <blue sid="blue" type="float">1</blue>
          <energy sid="blender_energy" type="float">1000</energy>
          <spotsize sid="spotsize" type="float">75</spotsize>
          <spotblend sid="spotblend" type="float">0.15</spotblend>
          <clipsta sid="clipsta" type="float">0.04999995</clipsta>
          <clipend sid="clipend" type="float">40</clipend>
          <radius sid="radius" type="float">0.1</radius>
          <area_shape sid="area_shape" type="int">1</area_shape>
          <area_size sid="area_size" type="float">0.1</area_size>
          <area_sizey sid="area_sizey" type="float">0.1</area_sizey>
          <area_sizez sid="area_sizez" type="float">1</area_sizez>
        </technique>
      </extra>
    </light>
  </library_lights>
  <library_effects>
    <effect id="Shape_901-effect">
      <profile_COMMON>
        <technique sid="common">
          <lambert>
            <emission>
              <color sid="emission">0 0 0 1</color>
            </emission>
            <diffuse>
              <color sid="diffuse">0.450196 0.43098 0.42 1</color>
            </diffuse>
            <index_of_refraction>
              <float sid="ior">1.5</float>
            </index_of_refraction>
          </lambert>
        </technique>
      </profile_COMMON>
    </effect>
    <effect id="Shape_902-effect">
      <profile_COMMON>
        <technique sid="common">
          <lambert>
            <emission>
              <color sid="emission">0 0 0 1</color>
            </emission>
            <diffuse>
              <color sid="diffuse">0.450196 0.43098 0.42 1</color>
            </diffuse>
            <index_of_refraction>
              <float sid="ior">1.5</float>
            </index_of_refraction>
          </lambert>
        </technique>
      </profile_COMMON>
    </effect>
    <effect id="Shape_903-effect">
      <profile_COMMON>
        <technique sid="common">
          <lambert>
            <emission>
              <color sid="emission">0 0 0 1</color>
            </emission>
            <diffuse>
              <color sid="diffuse">0.450196 0.43098 0.42 1</color>
            </diffuse>
            <index_of_refraction>
              <float sid="ior">1.5</float>
            </index_of_refraction>
          </lambert>
        </technique>
      </profile_COMMON>
    </effect>
    <effect id="Shape_904-effect">
      <profile_COMMON>
        <technique sid="common">
          <lambert>
            <emission>
              <color sid="emission">0 0 0 1</color>
            </emission>
            <diffuse>
              <color sid="diffuse">0.792157 0.819608 0.933333 1</color>
            </diffuse>
            <index_of_refraction>
              <float sid="ior">1.5</float>
            </index_of_refraction>
          </lambert>
        </technique>
      </profile_COMMON>
    </effect>
    <effect id="Shape_905-effect">
      <profile_COMMON>
        <technique sid="common">
          <lambert>
            <emission>
              <color sid="emission">0 0 0 1</color>
            </emission>
            <diffuse>
              <color sid="diffuse">0.450196 0.43098 0.42 1</color>
            </diffuse>
            <index_of_refraction>
              <float sid="ior">1.5</float>
            </index_of_refraction>
          </lambert>
        </technique>
      </profile_COMMON>
    </effect>
    <effect id="Shape_906-effect">
      <profile_COMMON>
        <technique sid="common">
          <lambert>
            <emission>
              <color sid="emission">0 0 0 1</color>
            </emission>
            <diffuse>
              <color sid="diffuse">0.792157 0.819608 0.933333 1</color>
            </diffuse>
            <index_of_refraction>
              <float sid="ior">1.5</float>
            </index_of_refraction>
          </lambert>
        </technique>
      </profile_COMMON>
    </effect>
    <effect id="Shape_907-effect">
      <profile_COMMON>
        <technique sid="common">
          <lambert>
            <emission>
              <color sid="emission">0 0 0 1</color>
            </emission>
            <diffuse>
              <color sid="diffuse">0.450196 0.43098 0.42 1</color>
            </diffuse>
            <index_of_refraction>
              <float sid="ior">1.5</float>
            </index_of_refraction>
          </lambert>
        </technique>
      </profile_COMMON>
    </effect>
    <effect id="Shape_908-effect">
      <profile_COMMON>
        <technique sid="common">
          <lambert>
            <emission>
              <color sid="emission">0 0 0 1</color>
            </emission>
            <diffuse>
              <color sid="diffuse">0.450196 0.43098 0.42 1</color>
            </diffuse>
            <index_of_refraction>
              <float sid="ior">1.5</float>
            </index_of_refraction>
          </lambert>
        </technique>
      </profile_COMMON>
    </effect>
    <effect id="Shape_909-effect">
      <profile_COMMON>
        <technique sid="common">
          <lambert>
            <emission>
              <color sid="emission">0 0 0 1</color>
            </emission>
            <diffuse>
              <color sid="diffuse">0.792157 0.819608 0.933333 1</color>
            </diffuse>
            <index_of_refraction>
              <float sid="ior">1.5</float>
            </index_of_refraction>
          </lambert>
        </technique>
      </profile_COMMON>
    </effect>
    <effect id="Shape_910-effect">
      <profile_COMMON>
        <technique sid="common">
          <lambert>
            <emission>
              <color sid="emission">0 0 0 1</color>
            </emission>
            <diffuse>
              <color sid="diffuse">0.450196 0.43098 0.42 1</color>
            </diffuse>
            <index_of_refraction>
              <float sid="ior">1.5</float>
            </index_of_refraction>
          </lambert>
        </technique>
      </profile_COMMON>
    </effect>
    <effect id="Shape_911-effect">
      <profile_COMMON>
        <technique sid="common">
          <lambert>
            <emission>
              <color sid="emission">0 0 0 1</color>
            </emission>
            <diffuse>
              <color sid="diffuse">0.792157 0.819608 0.933333 1</color>
            </diffuse>
            <index_of_refraction>
              <float sid="ior">1.5</float>
            </index_of_refraction>
          </lambert>
        </technique>
      </profile_COMMON>
    </effect>
    <effect id="Shape_912-effect">
      <profile_COMMON>
        <technique sid="common">
          <lambert>
            <emission>
              <color sid="emission">0 0 0 1</color>
            </emission>
            <diffuse>
              <color sid="diffuse">0.450196 0.43098 0.42 1</color>
            </diffuse>
            <index_of_refraction>
              <float sid="ior">1.5</float>
            </index_of_refraction>
          </lambert>
        </technique>
      </profile_COMMON>
    </effect>
    <effect id="Shape_913-effect">
      <profile_COMMON>
        <technique sid="common">
          <lambert>
            <emission>
              <color sid="emission">0 0 0 1</color>
            </emission>
            <diffuse>
              <color sid="diffuse">0.450196 0.43098 0.42 1</color>
            </diffuse>
            <index_of_refraction>
              <float sid="ior">1.5</float>
            </index_of_refraction>
          </lambert>
        </technique>
      </profile_COMMON>
    </effect>
    <effect id="Shape_914-effect">
      <profile_COMMON>
        <technique sid="common">
          <lambert>
            <emission>
              <color sid="emission">0 0 0 1</color>
            </emission>
            <diffuse>
              <color sid="diffuse">0.450196 0.43098 0.42 1</color>
            </diffuse>
            <index_of_refraction>
              <float sid="ior">1.5</float>
            </index_of_refraction>
          </lambert>
        </technique>
      </profile_COMMON>
    </effect>
    <effect id="Shape_915-effect">
      <profile_COMMON>
        <technique sid="common">
          <lambert>
            <emission>
              <color sid="emission">0 0 0 1</color>
            </emission>
            <diffuse>
              <color sid="diffuse">0.450196 0.43098 0.42 1</color>
            </diffuse>
            <index_of_refraction>
              <float sid="ior">1.5</float>
            </index_of_refraction>
          </lambert>
        </technique>
      </profile_COMMON>
    </effect>
    <effect id="Shape_916-effect">
      <profile_COMMON>
        <technique sid="common">
          <lambert>
            <emission>
              <color sid="emission">0 0 0 1</color>
            </emission>
            <diffuse>
              <color sid="diffuse">0.450196 0.43098 0.42 1</color>
            </diffuse>
            <index_of_refraction>
              <float sid="ior">1.5</float>
            </index_of_refraction>
          </lambert>
        </technique>
      </profile_COMMON>
    </effect>
    <effect id="Shape_917-effect">
      <profile_COMMON>
        <technique sid="common">
          <lambert>
            <emission>
              <color sid="emission">0 0 0 1</color>
            </emission>
            <diffuse>
              <color sid="diffuse">0.792157 0.819608 0.933333 1</color>
            </diffuse>
            <index_of_refraction>
              <float sid="ior">1.5</float>
            </index_of_refraction>
          </lambert>
        </technique>
      </profile_COMMON>
    </effect>
  </library_effects>
  <library_images/>
  <library_materials>
    <material id="Shape_901-material" name="Shape.901">
      <instance_effect url="#Shape_901-effect"/>
    </material>
    <material id="Shape_902-material" name="Shape.902">
      <instance_effect url="#Shape_902-effect"/>
    </material>
    <material id="Shape_903-material" name="Shape.903">
      <instance_effect url="#Shape_903-effect"/>
    </material>
    <material id="Shape_904-material" name="Shape.904">
      <instance_effect url="#Shape_904-effect"/>
    </material>
    <material id="Shape_905-material" name="Shape.905">
      <instance_effect url="#Shape_905-effect"/>
    </material>
    <material id="Shape_906-material" name="Shape.906">
      <instance_effect url="#Shape_906-effect"/>
    </material>
    <material id="Shape_907-material" name="Shape.907">
      <instance_effect url="#Shape_907-effect"/>
    </material>
    <material id="Shape_908-material" name="Shape.908">
      <instance_effect url="#Shape_908-effect"/>
    </material>
    <material id="Shape_909-material" name="Shape.909">
      <instance_effect url="#Shape_909-effect"/>
    </material>
    <material id="Shape_910-material" name="Shape.910">
      <instance_effect url="#Shape_910-effect"/>
    </material>
    <material id="Shape_911-material" name="Shape.911">
      <instance_effect url="#Shape_911-effect"/>
    </material>
    <material id="Shape_912-material" name="Shape.912">
      <instance_effect url="#Shape_912-effect"/>
    </material>
    <material id="Shape_913-material" name="Shape.913">
      <instance_effect url="#Shape_913-effect"/>
    </material>
    <material id="Shape_914-material" name="Shape.914">
      <instance_effect url="#Shape_914-effect"/>
    </material>
    <material id="Shape_915-material" name="Shape.915">
      <instance_effect url="#Shape_915-effect"/>
    </material>
    <material id="Shape_916-material" name="Shape.916">
      <instance_effect url="#Shape_916-effect"/>
    </material>
    <material id="Shape_917-material" name="Shape.917">
      <instance_effect url="#Shape_917-effect"/>
    </material>
  </library_materials>
  <library_geometries>
    <geometry id="Shape_IndexedFaceSet_865-mesh" name="Shape_IndexedFaceSet.865">
      <mesh>
        <source id="Shape_IndexedFaceSet_865-mesh-positions">
          <float_array id="Shape_IndexedFaceSet_865-mesh-positions-array" count="4875">-0.01283299 -0.086434 0.004999995 -0.01283299 -0.086434 0.01499998 -0.01265799 -0.08326297 0.004999995 -0.01265799 -0.08326297 0.01499998 -0.01141124 -0.08439493 0 -0.01153892 -0.08525049 0.004999995 -0.01136428 -0.08575505 0 -0.01112043 -0.08394974 0.004999995 -0.01119077 -0.08566987 0.008989334 -0.01114571 -0.08574956 0.01499998 -0.01066988 -0.08380913 0.008989334 -0.01074951 -0.08385425 0.01499998 -0.0106002 -0.08643996 0.004999995 -0.01038867 -0.08348977 0 -0.009760856 -0.08660048 0 -0.009695112 -0.08344304 0.004999995 -0.01017498 -0.088171 0.004999995 -0.01017498 -0.088171 0.01499998 -0.009330093 -0.08619081 0.008989334 -0.009250402 -0.08614569 0.01499998 -0.00999999 -0.08499997 0.008248984 -0.009824991 -0.08182895 0.004999995 -0.009824991 -0.08182895 0.01499998 -0.009244084 -0.08633798 0.004999995 -0.008809149 -0.08433008 0.008989334 -0.008854269 -0.08425045 0.01499998 -0.009059548 -0.08378422 0 -0.008384764 -0.08490037 0.004999995 -0.008421719 -0.08516418 0 -0.00734198 -0.08673697 0.004999995 -0.00734198 -0.08673697 0.01499998 -0.007166981 -0.083566 0.004999995 -0.007166981 -0.083566 0.01499998 -0.01283299 0.083566 0.004999995 -0.01283299 0.083566 0.01499998 -0.01265799 0.08673697 0.004999995 -0.01265799 0.08673697 0.01499998 -0.01141124 0.08560502 0 -0.01153892 0.08474946 0.004999995 -0.01136428 0.0842449 0 -0.01112043 0.08605027 0.004999995 -0.01119077 0.08433008 0.008989334 -0.01114571 0.08425045 0.01499998 -0.01066988 0.08619081 0.008989334 -0.01074951 0.08614569 0.01499998 -0.0106002 0.08355998 0.004999995 -0.01038861 0.08651018 0 -0.009760916 0.08339953 0 -0.009695112 0.08655691 0.004999995 -0.01017498 0.08182895 0.004999995 -0.01017498 0.08182895 0.01499998 -0.009330093 0.08380913 0.008989334 -0.009250402 0.08385425 0.01499998 -0.00999999 0.08499997 0.008248984 -0.009824991 0.088171 0.004999995 -0.009824991 0.088171 0.01499998 -0.009244024 0.08366197 0.004999995 -0.008809149 0.08566987 0.008989334 -0.008854269 0.08574956 0.01499998 -0.009059548 0.08621573 0 -0.008384764 0.08509957 0.004999995 -0.008421719 0.08483576 0 -0.00734198 0.08326297 0.004999995 -0.00734198 0.08326297 0.01499998 -0.007166981 0.086434 0.004999995 -0.007166981 0.086434 0.01499998 0.007166981 -0.086434 0.004999995 0.007166981 -0.086434 0.01499998 0.00734198 -0.08326297 0.004999995 0.00734198 -0.08326297 0.01499998 0.008588731 -0.08439493 0 0.008461058 -0.08525049 0.004999995 0.00863564 -0.08575505 0 0.008879542 -0.08394974 0.004999995 0.008809149 -0.08566987 0.008989334 0.008854269 -0.08574956 0.01499998 0.009330093 -0.08380913 0.008989334 0.009250402 -0.08385425 0.01499998 0.009399771 -0.08643996 0.004999995 0.009611308 -0.08348977 0 0.01023906 -0.08660048 0 0.0103048 -0.08344304 0.004999995 0.009824991 -0.088171 0.004999995 0.009824991 -0.088171 0.01499998 0.01066988 -0.08619081 0.008989334 0.01074951 -0.08614569 0.01499998 0.00999999 -0.08499997 0.008248984 0.01017498 -0.08182895 0.004999995 0.01017498 -0.08182895 0.01499998 0.01075589 -0.08633798 0.004999995 0.01119077 -0.08433008 0.008989334 0.01114571 -0.08425045 0.01499998 0.01094043 -0.08378422 0 0.01161515 -0.08490037 0.004999995 0.01157826 -0.08516418 0 0.01265799 -0.08673697 0.004999995 0.01265799 -0.08673697 0.01499998 0.01283299 -0.083566 0.004999995 0.01283299 -0.083566 0.01499998 -0.01749998 -0.09499996 0 -0.01749998 -0.09499996 0.004999995 -0.01749998 -0.0575 0 -0.01749998 -0.0575 0.004999995 -0.01749998 0.09499996 0 -0.01749998 0.09499996 0.004999995 -0.01156127 -0.08557766 0 -0.01156127 -0.08442234 0.004999995 -0.01156121 -0.06557762 0 -0.01156127 -0.0644223 0.004999995 -0.01156127 0.0644223 0 -0.01156121 0.06557762 0.004999995 -0.01156127 0.08442234 0 -0.01156127 0.08557766 0.004999995 -0.01100265 -0.08645081 0.004999995 -0.01100265 -0.08354914 0 -0.01100265 -0.06645083 0.004999995 -0.01100265 -0.06354916 0 -0.01100265 0.06354916 0.004999995 -0.01100265 0.06645083 0 -0.01100265 0.08354914 0.004999995 -0.01100265 0.08645081 0 -0.01047986 -0.08656674 0 -0.01047986 -0.08343321 0.004999995 -0.01047986 -0.06656676 0 -0.01047986 -0.06343322 0.004999995 -0.01047986 0.06343322 0 -0.01047986 0.06656676 0.004999995 -0.01047986 0.08343321 0 -0.01047986 0.08656674 0.004999995 -0.002883076 -0.0510559 0 -0.003033876 -0.05054426 0.004999995 -0.002921164 0.0509184 0 -0.002898156 0.05102181 0.004999995 -0.002077639 -0.05156123 0.004999995 -0.001312971 0.05164998 0 -0.001022577 0.05159062 0.004999995 -9.22344e-4 -0.05156123 0 -1.5557e-4 -0.05108636 0.004999995 5.03107e-5 -0.05051213 0 1.79372e-4 0.05024284 0 1.497e-4 0.05014616 0.004999995 0.01105594 -0.0863831 0 0.01054424 -0.0865339 0.004999995 0.01054424 -0.08346605 0 0.01105594 -0.08361685 0.004999995 0.01105594 -0.06638306 0 0.01054424 -0.06653392 0.004999995 0.01054424 -0.06346607 0 0.01105594 -0.06361687 0.004999995 0.0106548 0.06348073 0 0.01054424 0.06346607 0.004999995 0.01054424 0.06653392 0 0.01105594 0.06638306 0.004999995 0.01105594 0.08361685 0 0.01054424 0.08346605 0.004999995 0.01054424 0.0865339 0 0.01105594 0.0863831 0.004999995 0.01156127 -0.08557766 0.004999995 0.01156127 -0.08442234 0 0.01156121 -0.06557762 0.004999995 0.01156127 -0.0644223 0 0.01156127 0.0644223 0.004999995 0.01156127 0.08442234 0.004999995 0.01156127 0.08557766 0 0.01174283 0.06515568 0 0.01749998 -0.09499996 0 0.01749998 -0.09499996 0.004999995 0.01749998 -0.0575 0 0.01749998 -0.0575 0.004999995 0.01749998 0.09499996 0 0.01749998 0.09499996 0.004999995 0.007166981 0.083566 0.004999995 0.007166981 0.083566 0.01499998 0.00734198 0.08673697 0.004999995 0.00734198 0.08673697 0.01499998 0.008588671 0.08560502 0 0.008461058 0.08474946 0.004999995 0.00863564 0.0842449 0 0.008879542 0.08605027 0.004999995 0.008809149 0.08433008 0.008989334 0.008854269 0.08425045 0.01499998 0.009330093 0.08619081 0.008989334 0.009250402 0.08614569 0.01499998 0.009399771 0.08355998 0.004999995 0.009611308 0.08651018 0 0.01023906 0.08339953 0 0.0103048 0.08655691 0.004999995 0.009824991 0.08182895 0.004999995 0.009824991 0.08182895 0.01499998 0.01066988 0.08380913 0.008989334 0.01074951 0.08385425 0.01499998 0.00999999 0.08499997 0.008248984 0.01017498 0.088171 0.004999995 0.01017498 0.088171 0.01499998 0.01075589 0.08366197 0.004999995 0.01119077 0.08566987 0.008989334 0.01114571 0.08574956 0.01499998 0.01094043 0.08621573 0 0.01161515 0.08509957 0.004999995 0.01157826 0.08483576 0 0.01265799 0.08326297 0.004999995 0.01265799 0.08326297 0.01499998 0.01283299 0.086434 0.004999995 0.01283299 0.086434 0.01499998 -0.03249996 -0.04149997 0.01499998 -0.03249996 -0.04149997 0.01999998 -0.03249996 0.007874965 0.01499998 -0.03249996 -0.007874965 0.01999998 -0.03249996 0.04149997 0.01499998 -0.03249996 0.04149997 0.01999998 -0.02619391 -0.03877598 0.01499998 -0.02607357 -0.03774487 0.01999998 -0.02607357 0.03774487 0.01499998 -0.02607357 0.03925508 0.01999998 -0.02575504 -0.03957355 0.01999998 -0.02575504 -0.03742635 0.01499998 -0.02575504 0.03742635 0.01999998 -0.02575504 0.03957355 0.01499998 -0.0256505 -0.03953874 0.01499998 -0.0242449 -0.03957355 0.01499998 -0.0242449 -0.03742635 0.01999998 -0.0242449 0.03742635 0.01499998 -0.0242449 0.03957355 0.01999998 -0.02392637 -0.03925508 0.01999998 -0.02392637 -0.03774487 0.01499998 -0.02392637 0.03774487 0.01999998 -0.02392637 0.03925508 0.01499998 -0.01899999 -0.034958 0.01499998 -0.01899999 -0.034958 0.01999998 -0.01899999 0.03495699 0.01499998 -0.01899999 0.03495699 0.01999998 -0.01749998 0.04149997 0.01499998 -0.01749998 0.04149997 0.01999998 -0.01749998 -0.09499996 0.01499998 -0.01749998 -0.09499996 0.01999998 -0.01749998 -0.04149997 0.01499998 -0.01749998 -0.04149997 0.01999998 -0.01749998 0.09499996 0.01499998 -0.01749998 0.09499996 0.01999998 -0.01529997 -0.07499998 0.01499998 -0.01529997 -0.07499998 0.01999998 -0.01105594 -0.06361687 0.01499998 -0.01529997 -0.0575 0.01999998 -0.003099977 -0.034958 0.01499998 -0.003099977 -0.034958 0.01999998 -0.01529997 0.0575 0.01499998 -0.01105594 0.06638306 0.01499998 -0.01105594 0.08361685 0.01999998 -0.01156127 -0.08557766 0.01499998 -0.01156127 -0.08442234 0.01999998 -0.01156121 -0.06557762 0.01499998 -0.01156127 -0.0644223 0.01999998 -0.01156127 0.0644223 0.01499998 -0.01156121 0.06557762 0.01999998 -0.01156127 0.08442234 0.01499998 -0.01156127 0.08557766 0.01999998 -0.01105594 -0.0863831 0.01999998 -0.01105594 -0.08361685 0.01499998 -0.01105594 -0.06638306 0.01999998 -0.01105594 0.06361687 0.01999998 -0.01105594 0.0863831 0.01499998 -0.01054424 -0.0865339 0.01499998 -0.01054424 -0.08346605 0.01999998 -0.01054424 -0.06653392 0.01499998 -0.01054424 -0.06346607 0.01999998 -0.01054424 0.06346607 0.01499998 -0.01054424 0.06653392 0.01999998 -0.01054424 0.08346605 0.01499998 -0.01054424 0.0865339 0.01999998 -0.002883076 -0.0510559 0.01499998 -0.003033876 -0.05054426 0.01999998 -0.003099977 0.03495699 0.01499998 -0.003099977 0.03495699 0.01999998 -0.002989351 0.05084878 0.01499998 -0.003054499 0.05058574 0.01999998 -0.002077639 -0.05156123 0.01999998 -0.001854479 0.05162227 0.01999998 -0.001312971 0.05164998 0.01499998 -9.22344e-4 -0.05156123 0.01499998 -1.5557e-4 -0.05108636 0.01999998 -2.33848e-4 0.05109161 0.01999998 5.03107e-5 -0.05051213 0.01499998 1.4921e-4 0.0502597 0.01499998 6.66667e-5 0.04999995 0.01999998 10e-5 -0.034958 0.01499998 10e-5 -0.034958 0.01999998 10e-5 0.03495699 0.01499998 10e-5 0.03495699 0.01999998 0.006099998 -0.034958 0.01499998 0.006099998 -0.034958 0.01999998 0.006099998 0.03495699 0.01499998 0.006099998 0.03495699 0.01999998 0.01749998 -0.09499996 0.01499998 0.01749998 -0.09499996 0.01999998 0.01100265 -0.08645081 0.01499998 0.01047986 -0.08656674 0.01999998 0.01047986 -0.08343321 0.01499998 0.01100265 -0.08354914 0.01999998 0.01214998 -0.07499998 0.01499998 0.01060676 -0.06655091 0.01499998 0.01047986 -0.06656676 0.01999998 0.01047986 -0.06343322 0.01499998 0.01100265 -0.06354916 0.01999998 0.01214998 -0.0575 0.01999998 0.0194264 0.02374488 0.01499998 0.0194264 -0.02374488 0.01999998 0.01214998 0.051575 0.01499998 0.01047986 0.06343322 0.01999998 0.01100265 0.06354916 0.01499998 0.01047986 0.06656676 0.01499998 0.01100265 0.06645083 0.01999998 0.01100265 0.08354914 0.01499998 0.01214998 0.07499998 0.01999998 0.01047986 0.08343321 0.01999998 0.01047986 0.08656674 0.01499998 0.01100265 0.08645081 0.01999998 0.01749998 0.09499996 0.01499998 0.01749998 0.09499996 0.01999998 0.01156127 -0.08557766 0.01999998 0.01156127 -0.08442234 0.01499998 0.01156121 -0.06557762 0.01999998 0.01156127 0.0644223 0.01999998 0.01156121 0.06557762 0.01499998 0.01156127 0.08442234 0.01999998 0.01156127 0.08557766 0.01499998 0.01174283 -0.06484425 0.01499998 0.01749998 -0.02949994 0.01499998 0.01749998 -0.02949994 0.01999998 0.01749998 0.02949994 0.01499998 0.01749998 0.02949994 0.01999998 0.0194264 -0.02525508 0.01499998 0.0194264 0.02525508 0.01999998 0.01974487 -0.02557355 0.01999998 0.01974487 -0.02342635 0.01499998 0.01974487 0.02342635 0.01999998 0.01974487 0.02557355 0.01499998 0.02125507 -0.02557355 0.01499998 0.02125507 -0.02342635 0.01999998 0.02125507 0.02342635 0.01499998 0.02125507 0.02557355 0.01999998 0.0215736 -0.02525508 0.01999998 0.0215736 -0.02374488 0.01499998 0.0215736 0.02374488 0.01999998 0.0215736 0.02525508 0.01499998 0.02549999 -0.02949994 0.01499998 0.02549999 -0.02949994 0.01999998 0.02549999 0 0.01499998 0.02549999 0 0.01999998 0.02549999 0.02949994 0.01499998 0.02549999 0.02949994 0.01999998 0.006950974 -0.08411097 0.03999996 0.006950974 -0.08411097 0.04499995 0.007705986 -0.08719599 0.03999996 0.007705986 -0.08719599 0.04499995 0.008355438 -0.08496421 0.03499996 0.00859481 -0.084145 0.03999996 0.009031891 -0.08628809 0.03999996 0.008759737 -0.08539909 0.03999996 0.008824348 -0.0856148 0.04499995 0.009115099 -0.08401131 0.03999996 0.008918702 -0.08430969 0.04499995 0.01003575 -0.08335548 0.03499996 0.009964227 -0.08664447 0.03499996 0.009244978 -0.08191597 0.03999996 0.009244978 -0.08191597 0.04499995 0.009602725 -0.08621978 0.03999996 0.009917438 -0.08370006 0.04499995 0.01008248 -0.08629989 0.04499995 0.01085495 -0.08359485 0.03999996 0.01039725 -0.08378016 0.03999996 0.01063984 -0.08639496 0.03999996 0.01088482 -0.08598864 0.03999996 0.01117563 -0.08438515 0.04499995 0.010755 -0.08808398 0.03999996 0.010755 -0.08808398 0.04499995 0.01108121 -0.08569031 0.04499995 0.01124018 -0.08460086 0.03999996 0.01164448 -0.08503574 0.03499996 0.01150524 -0.08539366 0.03999996 0.01229399 -0.08280396 0.03999996 0.01229399 -0.08280396 0.04499995 0.01304894 -0.08588898 0.03999996 0.01304894 -0.08588898 0.04499995 0.007194995 0.08351099 0.03999996 0.007194995 0.08351099 0.04499995 0.007307946 0.086685 0.03999996 0.007307946 0.086685 0.04499995 0.008547663 0.08422738 0.03499996 0.008376538 0.0847367 0.03999996 0.009227395 0.0864523 0.03499996 0.008753061 0.08454567 0.03999996 0.00871694 0.08500576 0.04499995 0.009014725 0.08582222 0.03999996 0.009231567 0.08394819 0.04499995 0.009736657 0.08662343 0.03999996 0.009337365 0.08614963 0.04499995 0.01026326 0.08337652 0.03999996 0.009909749 0.08370029 0.03999996 0.01009017 0.08629971 0.03999996 0.01077252 0.08354765 0.03499996 0.00988698 0.08182698 0.03999996 0.00988698 0.08182698 0.04499995 0.01066261 0.08385032 0.04499995 0.010113 0.08817297 0.03999996 0.010113 0.08817297 0.04499995 0.01076835 0.08605176 0.04499995 0.01145225 0.08577257 0.03499996 0.01098519 0.08417779 0.03999996 0.01124691 0.08545428 0.03999996 0.01162344 0.08526331 0.03999996 0.01128298 0.08499425 0.04499995 0.01269197 0.08331495 0.03999996 0.01269197 0.08331495 0.04499995 0.01280498 0.08648896 0.03999996 0.01280498 0.08648896 0.04499995 -0.08712291 -0.001661419 0.04999995 -0.08696198 0.00257796 0.07499998 -0.08604305 -0.01377189 0.07499998 -0.08507579 0.01884597 0.04999995 -0.08545303 0.01705414 0.07499998 -0.08429366 -0.02208274 0.04999995 -0.08040142 -0.03359609 0.07499998 -0.07827019 0.03830087 0.04999995 -0.08062195 0.03269696 0.07499998 -0.07674729 -0.04126757 0.04999995 -0.074171 0.04573613 0.07499998 -0.07026088 -0.05154287 0.07499998 -0.06708186 0.05561596 0.04999995 -0.06755799 -0.05481797 0.04999995 -0.06135016 0.06188148 0.07499998 -0.05757522 -0.06540817 0.04999995 -0.05618816 -0.06660348 0.07499998 -0.05679595 0.065903 0.04999995 -0.04352098 0.0754919 0.04999995 -0.04509752 0.07456076 0.07499998 -0.04060018 -0.07710272 0.04999995 -0.03897118 -0.07793879 0.07499998 -0.030294 0.08155596 0.04999995 -0.030294 0.08155596 0.07499998 -0.02135688 -0.084481 0.04999995 -0.01957696 -0.08491104 0.07499998 -0.01451307 0.08592134 0.04999995 -0.01631516 0.08559745 0.07499998 -0.01499998 0 0.04999995 -0.01499998 0 0.07499998 -0.01409655 -0.005450189 0.04999995 -0.0138235 -0.006109476 0.07499998 -0.0138235 0.006109476 0.04999995 -0.01409655 0.005450189 0.07499998 -0.010607 -0.010607 0.04999995 -0.010607 -0.010607 0.07499998 -0.010607 0.010607 0.04999995 -0.010607 0.010607 0.07499998 -0.006109476 -0.0138235 0.04999995 -0.005450189 -0.01409655 0.07499998 -0.005450189 0.01409655 0.04999995 -0.006109476 0.0138235 0.07499998 -7.92908e-4 -0.08714187 0.04999995 7.92971e-4 -0.08714187 0.07499998 0 -0.01499998 0.04999995 0 -0.01499998 0.07499998 0 0.01499998 0.04999995 0 0.01499998 0.07499998 0 0.08699995 0.04999995 0 0.08699995 0.07499998 0.005450189 -0.01409655 0.04999995 0.006109476 -0.0138235 0.07499998 0.006109476 0.0138235 0.04999995 0.005450189 0.01409655 0.07499998 0.01631516 0.08559745 0.04999995 0.01451301 0.08592134 0.07499998 0.010607 -0.010607 0.04999995 0.010607 -0.010607 0.07499998 0.010607 0.010607 0.04999995 0.010607 0.010607 0.07499998 0.0138235 -0.006109476 0.04999995 0.01409655 -0.005450189 0.07499998 0.01409655 0.005450189 0.04999995 0.0138235 0.006109476 0.07499998 0.01499998 0 0.04999995 0.01499998 0 0.07499998 0.01957696 -0.0849111 0.04999995 0.02135688 -0.084481 0.07499998 0.030294 0.08155596 0.04999995 0.030294 0.08155596 0.07499998 0.03897118 -0.07793879 0.04999995 0.04060018 -0.07710272 0.07499998 0.04509752 0.07456076 0.04999995 0.04352098 0.0754919 0.07499998 0.05618816 -0.06660348 0.04999995 0.05757522 -0.06540817 0.07499998 0.06135016 0.06188148 0.04999995 0.05679595 0.065903 0.07499998 0.06708186 0.05561596 0.07499998 0.07026088 -0.05154287 0.04999995 0.06755799 -0.05481797 0.07499998 0.074171 0.04573613 0.04999995 0.07674729 -0.04126751 0.07499998 0.07827019 0.03830087 0.07499998 0.08040142 -0.03359609 0.04999995 0.08062195 0.03269696 0.04999995 0.08429366 -0.0220828 0.07499998 0.08545303 0.01705414 0.04999995 0.08507579 0.01884597 0.07499998 0.08604305 -0.01377189 0.04999995 0.08712291 -0.001661419 0.07499998 0.08696198 0.00257796 0.04999995 -0.01304495 0.08589899 0.01999998 -0.01304495 0.08589899 0.03999996 -0.01230198 0.08281195 0.01999998 -0.01230198 0.08281195 0.03999996 -0.01154357 0.08443659 0.01499998 -0.01131099 0.08400923 0.01999998 -0.01099073 0.08631098 0.01999998 -0.01056337 0.08654361 0.01499998 -0.0113011 0.0847848 0.02899527 -0.01134884 0.08467787 0.03999996 -0.0107811 0.08603078 0.02899736 -0.0103141 0.08631414 0.03999996 -0.01040303 0.08377152 0.02899742 -0.01074397 0.08808696 0.01999998 -0.01074397 0.08808696 0.03999996 -0.009685873 0.08368581 0.03999996 -0.009436607 0.08345639 0.01499998 -0.009009242 0.08368897 0.01999998 -0.009596884 0.08622843 0.02899742 -0.00999999 0.08499997 0.02824896 -0.009218811 0.08396917 0.02899736 -0.008688986 0.08599072 0.01999998 -0.008456349 0.08556336 0.01499998 -0.009255945 0.08191299 0.01999998 -0.009255945 0.08191299 0.03999996 -0.008651077 0.08532208 0.03999996 -0.00869888 0.08521521 0.02899527 -0.007697999 0.087188 0.01999998 -0.007697999 0.087188 0.03999996 -0.006954967 0.08410096 0.01999998 -0.006954967 0.08410096 0.03999996 -0.02799999 -0.04099994 0.01999998 -0.02799999 -0.04099994 0.0212 -0.02799999 -0.03708297 0.0212 -0.02799999 -0.03708297 0.02219998 -0.02799999 -0.0345 0.01859998 -0.02799999 -0.0345 0.01999998 -0.02799999 -0.03098362 0.0212 -0.02799999 -0.03098398 0.02219998 -0.02799999 -0.03098297 0.02219998 -0.02799999 -0.02488362 0.0212 -0.02783328 -0.02548199 0.02219998 -0.02766662 -0.02464896 0.02219998 -0.02799999 -0.01878362 0.0212 -0.02783328 -0.01938199 0.02219998 -0.02766662 -0.01854896 0.02219998 -0.02799999 -0.01268362 0.0212 -0.02783328 -0.013282 0.02219998 -0.02799999 -0.01268297 0.02219998 -0.02799999 -0.006583631 0.0212 -0.02799999 -0.006583988 0.02219998 -0.02766662 -0.006348967 0.02219998 -0.02799999 -4.83667e-4 0.0212 -0.02783328 -0.001081943 0.02219998 -0.02766662 -2.49e-4 0.02219998 -0.02799999 0.005616307 0.0212 -0.02799999 0.005615949 0.02219998 -0.02766662 0.00585097 0.02219998 -0.02799999 0.0117163 0.0212 -0.02783328 0.01111799 0.02219998 -0.02799999 0.01171696 0.02219998 -0.02799999 0.0178163 0.0212 -0.02783328 0.01721799 0.02219998 -0.02799999 0.01781696 0.02219998 -0.02799999 0.023916 0.0212 -0.02783328 0.02331799 0.02219998 -0.02799999 0.03549998 0.01859998 -0.02799999 0.03549998 0.01999998 -0.02799999 0.04099994 0.01999998 -0.02799999 0.04099994 0.0212 -0.02749997 -0.03571432 0.02219998 -0.02749997 -0.03604763 0.0302 -0.02749997 -0.03221428 0.02219998 -0.02749997 -0.03254765 0.0302 -0.02749997 -0.02961432 0.02219998 -0.02749997 -0.02994763 0.0302 -0.02749997 -0.02678096 0.02219998 -0.02749997 -0.02644765 0.0302 -0.02749997 -0.02384763 0.0302 -0.02749997 -0.02318096 0.02219998 -0.02716666 -0.02068096 0.02219998 -0.02749997 -0.02034765 0.0302 -0.02749997 -0.01774764 0.0302 -0.02749997 -0.01708096 0.02219998 -0.02749997 -0.01458096 0.02219998 -0.02749997 -0.01424765 0.0302 -0.02716666 -0.01198095 0.02219998 -0.02683329 -0.01198095 0.0302 -0.02749997 -0.01098096 0.02219998 -0.02716666 -0.01098096 0.0302 -0.02749997 -0.007814288 0.02219998 -0.02749997 -0.008147656 0.0302 -0.02749997 -0.005547642 0.0302 -0.02749997 -0.004880964 0.02219998 -0.02716666 -0.002380967 0.02219998 -0.02683329 -0.002380967 0.0302 -0.02716666 -0.00138098 0.0302 -0.02749997 5.52333e-4 0.0302 -0.02749997 0.001218974 0.02219998 -0.02749997 0.00438565 0.02219998 -0.02749997 0.004052281 0.0302 -0.02683329 0.006318986 0.0302 -0.02749997 0.007318973 0.02219998 -0.02716666 0.007318973 0.0302 -0.02716666 0.009818971 0.02219998 -0.02683329 0.009818971 0.0302 -0.02716666 0.01081895 0.0302 -0.02716666 0.01241898 0.02219998 -0.02683329 0.01241898 0.0302 -0.02749997 0.01341897 0.02219998 -0.02716666 0.01341897 0.0302 -0.02749997 0.01591897 0.02219998 -0.02749997 0.01625233 0.0302 -0.02749997 0.01918566 0.02219998 -0.02683329 0.01851898 0.0302 -0.02716666 0.01951897 0.0302 -0.02749997 0.02201896 0.02219998 -0.02749997 0.02235233 0.0302 -0.02649998 -0.03638094 0.02219998 -0.02649998 -0.03571432 0.0302 -0.02649998 -0.03538095 0.02219998 -0.02649998 -0.03288096 0.02219998 -0.02649998 -0.03221428 0.0302 -0.02649998 -0.03188097 0.02219998 -0.02649998 -0.03028094 0.02219998 -0.02649998 -0.02961432 0.0302 -0.02649998 -0.02928096 0.02219998 -0.02649998 -0.02644765 0.02219998 -0.02649998 -0.02611428 0.0302 -0.02649998 -0.02384763 0.02219998 -0.02649998 -0.02351433 0.0302 -0.02649998 -0.02001428 0.0302 -0.02649998 -0.01968097 0.02219998 -0.02649998 -0.01774764 0.02219998 -0.02649998 -0.01741433 0.0302 -0.02649998 -0.01424765 0.02219998 -0.02649998 -0.01391428 0.0302 -0.02649998 -0.01098096 0.02219998 -0.02649998 -0.008480966 0.02219998 -0.02649998 -0.007814288 0.0302 -0.02649998 -0.007480978 0.02219998 -0.02649998 -0.005547642 0.02219998 -0.02649998 -0.005214333 0.0302 -0.02649998 -0.00138098 0.02219998 -0.02649998 5.52333e-4 0.02219998 -0.02649998 8.85667e-4 0.0302 -0.02649998 0.003718972 0.02219998 -0.02649998 0.00438565 0.0302 -0.02649998 0.004718959 0.02219998 -0.02649998 0.006652295 0.02219998 -0.02649998 0.01081895 0.02219998 -0.02649998 0.01341897 0.02219998 -0.02649998 0.01625233 0.02219998 -0.02649998 0.01658564 0.0302 -0.02649998 0.01851898 0.02219998 -0.02649998 0.01951897 0.02219998 -0.02649998 0.02235233 0.02219998 -0.02649998 0.02268564 0.0302 -0.02602988 -0.03793132 0.02118331 -0.0261929 0.03831833 0.02117902 -0.02618563 -0.03829354 0.01999998 -0.02618563 0.03870642 0.01999998 -0.02571457 -0.03947085 0.02117854 -0.02545988 0.03955578 0.02118647 -0.02520638 -0.0396856 0.01999998 -0.02520638 0.03731435 0.01999998 -0.02497708 0.03732246 0.02118438 -0.02479356 -0.03731435 0.01999998 -0.02479356 0.0396856 0.01999998 -0.02456146 -0.03737616 0.02117973 -0.02442133 -0.03947246 0.02118921 -0.02405899 0.03925335 0.02117854 -0.02401125 0.03794807 0.02119016 -0.02414798 -0.03571432 0.02219998 -0.02414798 -0.03604763 0.0302 -0.02414798 -0.03288096 0.02219998 -0.02414798 -0.03254765 0.0302 -0.02414798 -0.03188097 0.02219998 -0.02414798 -0.02961432 0.02219998 -0.02414798 -0.02994763 0.0302 -0.02414798 -0.02611428 0.02219998 -0.02414798 -0.02644765 0.0302 -0.02414798 -0.02351433 0.02219998 -0.02414798 -0.02384763 0.0302 -0.02414798 -0.02001428 0.02219998 -0.02414798 -0.02034765 0.0302 -0.02414798 -0.01808094 0.02219998 -0.0234813 -0.01808094 0.0302 -0.0234813 -0.01708096 0.02219998 -0.02381461 -0.01708096 0.0302 -0.02414798 -0.01391428 0.02219998 -0.0234813 -0.01458096 0.0302 -0.02381461 -0.01358097 0.0302 -0.02414798 -0.01198095 0.02219998 -0.0234813 -0.01198095 0.0302 -0.0234813 -0.01098096 0.02219998 -0.02381461 -0.01098096 0.0302 -0.02414798 -0.007814288 0.02219998 -0.02414798 -0.008147656 0.0302 -0.02414798 -0.005214333 0.02219998 -0.02414798 -0.005547642 0.0302 -0.02414798 -0.001714289 0.02219998 -0.0234813 -0.002380967 0.0302 -0.02381461 -0.00138098 0.0302 -0.02414798 8.85667e-4 0.02219998 -0.02414798 5.52333e-4 0.0302 -0.02414798 0.00438565 0.02219998 -0.02414798 0.004052281 0.0302 -0.02414798 0.006318986 0.02219998 -0.0234813 0.006318986 0.0302 -0.0234813 0.007318973 0.02219998 -0.02381461 0.007318973 0.0302 -0.02414798 0.009818971 0.02219998 -0.0234813 0.009818971 0.0302 -0.0234813 0.01081895 0.02219998 -0.02381461 0.01081895 0.0302 -0.02414798 0.01241898 0.02219998 -0.02414798 0.01275229 0.0302 -0.0234813 0.01341897 0.02219998 -0.02414798 0.01591897 0.02219998 -0.0234813 0.01591897 0.0302 -0.0234813 0.01691895 0.02219998 -0.02381461 0.01691895 0.0302 -0.02414798 0.01851898 0.02219998 -0.0234813 0.01851898 0.0302 -0.0234813 0.01951897 0.02219998 -0.02381461 0.01951897 0.0302 -0.02414798 0.02268564 0.02219998 -0.02414798 0.02235233 0.0302 -0.02385079 -0.03863257 0.02119624 -0.02381432 -0.03870642 0.01999998 -0.02381432 0.03829354 0.01999998 -0.02399998 -0.0345 0.01859998 -0.02399998 -0.0345 0.01999998 -0.02399998 0.03549998 0.01859998 -0.02399998 0.03549998 0.01999998 -0.02281796 -0.03661495 0.02219998 -0.023148 -0.03571432 0.0302 -0.023148 -0.03538095 0.02219998 -0.023148 -0.03254765 0.02219998 -0.023148 -0.03221428 0.0302 -0.02281796 -0.03051495 0.02219998 -0.023148 -0.02961432 0.0302 -0.023148 -0.02928096 0.02219998 -0.023148 -0.02678096 0.02219998 -0.023148 -0.02611428 0.0302 -0.02298295 -0.02518296 0.02219998 -0.02281796 -0.02441495 0.02219998 -0.023148 -0.02351433 0.0302 -0.023148 -0.02318096 0.02219998 -0.023148 -0.02068096 0.02219998 -0.023148 -0.02001428 0.0302 -0.02298295 -0.01908296 0.02219998 -0.02281796 -0.01831495 0.02219998 -0.023148 -0.01458096 0.02219998 -0.023148 -0.01358097 0.02219998 -0.02281796 -0.01221495 0.02219998 -0.023148 -0.008480966 0.02219998 -0.023148 -0.007814288 0.0302 -0.023148 -0.007480978 0.02219998 -0.02281796 -0.006114959 0.02219998 -0.023148 -0.005214333 0.0302 -0.023148 -0.004880964 0.02219998 -0.023148 -0.002380967 0.02219998 -0.02298295 -7.83e-4 0.02219998 -0.02281796 -1.5e-5 0.02219998 -0.023148 8.85667e-4 0.0302 -0.023148 0.001218974 0.02219998 -0.023148 0.003718972 0.02219998 -0.023148 0.00438565 0.0302 -0.02298295 0.005316972 0.02219998 -0.02281796 0.006084978 0.02219998 -0.023148 0.009818971 0.02219998 -0.02281796 0.01218497 0.02219998 -0.023148 0.01308566 0.0302 -0.023148 0.01591897 0.02219998 -0.02281796 0.01828497 0.02219998 -0.023148 0.02201896 0.02219998 -0.023148 0.02268564 0.0302 -0.023148 0.02301895 0.02219998 -0.02265298 -0.03708297 0.0212 -0.02265298 -0.03098332 0.0212 -0.02265298 -0.03098398 0.02219998 -0.02265298 -0.02488332 0.0212 -0.02265298 -0.01878333 0.0212 -0.02265298 -0.01268333 0.0212 -0.02265298 -0.01268398 0.02219998 -0.02265298 -0.006583333 0.0212 -0.02265298 -0.006583988 0.02219998 -0.02265298 -4.83333e-4 0.0212 -0.02265298 0.005616664 0.0212 -0.02265298 0.01171666 0.0212 -0.02265298 0.01171594 0.02219998 -0.02265298 0.01781666 0.0212 -0.02265298 0.01781594 0.02219998 -0.02265298 0.023916 0.0212 -0.02265298 0.023916 0.02219998 -0.0217213 -0.000999987 0.0212 -0.02162295 -0.000999987 0.03145384 -0.02179545 0.01027518 0.0315082 -0.02175462 0.01412063 0.03135675 -0.02181023 0.0195533 0.03125953 -0.02179998 0.03599995 0.0212 -0.02179998 0.03599995 0.03149998 -0.02144598 -0.03755795 0.0212 -0.02144598 -0.03755795 0.03119999 -0.01846629 0.02912694 0.0314427 -0.02009743 0.02472198 0.03108775 -0.02057045 0.01898211 0.03033733 -0.02047431 0.01538372 0.03033888 -0.02045798 -0.03755795 0.0212 -0.02045798 -0.03755795 0.03119999 -0.01978331 -0.000999987 0.0212 -0.02045798 -0.000999987 0.03119999 -0.01961565 0.0234006 0.03033566 -0.01930093 0.01107197 0.03033411 -0.01996701 0.0197764 0.02906131 -0.01961821 0.008946418 0.03129589 -0.01981198 0.01454561 0.02905923 -0.01994937 0.01950138 0.0212 -0.0193783 0.01267898 0.02119988 -0.01944595 -0.03755795 0.0212 -0.01944595 -0.03755795 0.03119999 -0.01878732 -0.000999987 0.03119999 -0.01841086 0.02477258 0.02906775 -0.01844555 0.02458328 0.02120006 -0.01797378 0.009620428 0.0292769 -0.01845794 -0.03755795 0.0212 -0.01845794 -0.03755795 0.03119999 -0.01778328 -0.000999987 0.0212 -0.01708269 0.02818518 0.03063374 -0.01678353 0.006178617 0.03089547 -0.01452451 0.001563727 0.03149878 -0.01555573 0.003492653 0.03139472 -0.01744598 -0.03755795 0.0212 -0.01744598 -0.03755795 0.03119999 -0.01678729 -0.000999987 0.03119999 -0.01593899 0.006982028 0.02120006 -0.01531147 0.02898877 0.02906918 -0.01645797 -0.03755795 0.0212 -0.01645797 -0.03755795 0.03119999 -0.0157833 -0.000999987 0.0212 -0.01532381 0.006252467 0.02944171 -0.01533997 0.02888536 0.02120006 -0.01183515 0.03430312 0.03143858 -0.01544594 -0.03755795 0.0212 -0.01544594 -0.03755795 0.03119999 -0.01478731 -0.000999987 0.03119999 -0.01441282 0.01657098 0.02941751 -0.01435804 0.01551985 0.02120006 -0.01416778 0.02089422 0.0212 -0.01428407 0.01958334 0.02940613 -0.014458 -0.03755795 0.0212 -0.014458 -0.03755795 0.03119999 -0.01378333 -0.000999987 0.0212 -0.01239591 0.00294584 0.03076767 -0.01347696 0.01312518 0.02935451 -0.01297205 0.02303236 0.02937024 -0.01332545 0.01655501 0.03090363 -0.01314431 0.01986366 0.0309078 -0.01189422 0.00367701 0.02942907 -0.01344597 -0.03755795 0.0212 -0.01344597 -0.03755795 0.03119999 -0.01278728 -0.000999987 0.03119999 -0.01295441 0.03177517 0.03063333 -0.01271939 0.01170092 0.0212 -0.01237857 0.01296228 0.0307787 -0.01178145 0.003728687 0.02120006 -0.01100498 0.03196889 0.02907472 -0.01245796 -0.03755795 0.0212 -0.01245796 -0.03755795 0.03119999 -0.0117833 -0.000999987 0.0212 -0.01189953 0.0153985 0.03145503 -0.01111412 0.0236144 0.0309863 -0.01173686 0.02061927 0.03144329 -0.01098293 0.03191882 0.02120012 -0.01069426 0.009588897 0.02906507 -0.0110526 0.02539575 0.02120006 -0.01090776 0.02478224 0.03027909 -0.01144599 -0.03755795 0.0212 -0.01144599 -0.03755795 0.03119999 -0.0107873 -0.000999987 0.03119999 -0.01069706 0.01038163 0.0303443 -0.009835064 0.02627426 0.02905732 -0.007647335 5.86417e-5 0.03132981 -0.009203612 0.01095163 0.03139221 -0.01045799 -0.03755795 0.0212 -0.01045799 -0.03755795 0.03119999 -0.009783327 -0.000999987 0.0212 -0.008580625 0.008132815 0.0212 -0.00792706 0.03418153 0.0308963 -0.00729835 0.03319782 0.02941662 -0.009445965 -0.03755795 0.0212 -0.009445965 -0.03755795 0.03119999 -0.008787333 -0.000999987 0.03119999 -0.007536649 0.00866872 0.0306192 -0.007979035 0.001114726 0.03089869 -0.006943881 0.00195688 0.0294249 -0.008457958 -0.03755795 0.0212 -0.008457958 -0.03755795 0.03119999 -0.007783293 -0.000999987 0.0212 -0.007512271 0.02674424 0.03044533 -0.006741821 0.007641255 0.02908349 -0.007428407 0.02743142 0.02120006 -0.006759226 0.002026081 0.02120006 -0.007306575 0.02531301 0.03143012 -0.007445991 -0.03755795 0.0212 -0.007445991 -0.03755795 0.03119999 -0.0067873 -0.000999987 0.03119999 -0.004458248 -9.9973e-4 0.03146886 -0.006433606 0.02764207 0.02902561 -0.004535734 0.03352868 0.02119994 -0.004701256 0.009735286 0.03145444 -0.003844678 0.0258392 0.03142142 -0.006457984 -0.03755795 0.0212 -0.006457984 -0.03755795 0.03119999 -0.005783319 -0.000999987 0.0212 -0.004752218 0.03598648 0.03148102 -0.005445957 -0.03755795 0.0212 -0.005445957 -0.03755795 0.03119999 -0.005445957 -0.000999987 0.03119999 -0.004279136 0.00126183 0.03033936 -0.003567814 0.008122146 0.03062397 -0.00445795 -0.03755795 0.0212 -0.00445795 -0.03755795 0.03119999 -0.003783285 -0.000999987 0.0212 -0.003228724 0.007367789 0.02120006 -0.002880275 0.007451176 0.02898955 0.003410935 0.01638174 0.03148794 -0.003011465 0.02730536 0.03027844 -0.003363907 0.02783167 0.02904784 -0.002031207 0.0277965 0.0212 -0.003439962 0.0334599 0.02945101 -0.002350866 0.0344721 0.03089648 -0.003445982 -0.03755795 0.0212 -0.003445982 -0.03755795 0.03119999 -0.002787292 -0.000999987 0.03119999 -0.001648664 0.001994431 0.0290656 -7.24841e-4 3.02453e-4 0.03130078 -0.001451551 0.002082586 0.02120006 0.001606047 0.01232874 0.0314756 -9.41729e-4 0.009869337 0.03132116 -0.002457976 -0.03755795 0.0212 -0.002457976 -0.03755795 0.03119999 -0.001783311 -0.000999987 0.0212 -0.001598119 0.03593331 0.03147161 -3.78193e-4 0.02609294 0.03079175 -7.00464e-4 0.001656711 0.03033906 6.46306e-4 0.03271532 0.02931469 -0.001445949 -0.03755795 0.0212 -0.001445949 -0.03755795 0.03119999 -7.87333e-4 -0.000999987 0.03119999 -5.18923e-4 0.02714824 0.02906775 -1.199e-4 0.008874714 0.03034478 8.74691e-4 0.00873965 0.02930492 -4.58e-4 -0.03755795 0.0212 -4.58e-4 -0.03755795 0.03119999 2.16667e-4 -0.000999987 0.0212 0.003146648 0.0211929 0.03143429 7.22006e-4 0.00859183 0.02120006 0.001640498 0.02353453 0.03134018 5.54e-4 -0.03755795 0.0212 5.54e-4 -0.03755795 0.03119999 0.001212656 -0.000999987 0.03119999 0.005431711 0.001222729 0.03149878 0.001899302 0.03277236 0.03033822 0.002143204 0.03205382 0.0212 0.002369761 0.01132071 0.03090816 0.001769363 0.02580541 0.02949225 0.001541972 -0.03755795 0.0212 0.001541972 -0.03755795 0.03119999 0.002216637 -0.000999987 0.0212 0.003262341 0.003631174 0.0294193 0.002746403 0.025186 0.0212 0.003542125 0.002799689 0.03074866 0.00373423 0.02306818 0.03044563 0.003532648 0.003891289 0.0212 0.003730177 0.02408879 0.02906322 0.002553999 -0.03755795 0.0212 0.002553999 -0.03755795 0.03119999 0.00321263 -0.000999987 0.03119999 0.003504455 0.01104038 0.02944076 0.004710733 0.01232993 0.0212 0.00790143 0.03121817 0.03138923 0.005296289 0.03030949 0.02943068 0.004493892 0.01431149 0.03076672 0.003541946 -0.03755795 0.0212 0.003541946 -0.03755795 0.03119999 0.004216611 -0.000999987 0.0212 0.006955981 0.03040355 0.0308907 0.005198955 0.01866883 0.03062355 0.004553973 -0.03755795 0.0212 0.004553973 -0.03755795 0.03119999 0.005212664 -0.000999987 0.03119999 0.005389869 0.01420575 0.02937614 0.005234837 0.0216394 0.02120006 0.005443453 0.02088284 0.02904611 0.00554198 -0.03755795 0.0212 0.00554198 -0.03755795 0.03119999 0.006216645 -0.000999987 0.0212 0.009969055 0.03028285 0.03149878 0.006444811 0.003582417 0.03129523 0.006558954 0.02911716 0.02120006 0.005988538 0.01789379 0.02899694 0.006034553 0.01756262 0.02120006 0.007393658 0.0069049 0.02904891 0.007775485 0.006494462 0.03033602 0.006553947 -0.03755795 0.0212 0.006553947 -0.03755795 0.03119999 0.007212638 -0.000999987 0.03119999 0.008683621 0.008406639 0.02119988 0.007679581 0.02801632 0.02943277 0.007541954 -0.03755795 0.0212 0.007541954 -0.03755795 0.03119999 0.008216619 -0.000999987 0.0212 0.01029497 0.007643699 0.0312879 0.008553981 -0.03755795 0.0212 0.008553981 -0.03755795 0.03119999 0.009212613 -0.000999987 0.03119999 0.009869396 0.02477735 0.02906817 0.009754478 0.02488446 0.02120006 0.01037597 0.0249986 0.03033608 0.0098477 0.01051014 0.02907639 0.009541988 -0.03755795 0.0212 0.009541988 -0.03755795 0.03119999 0.01021665 -0.000999987 0.0212 0.01032328 0.01022893 0.0303387 0.01177096 0.02473908 0.03123563 0.01055395 -0.03755795 0.0212 0.01055395 -0.03755795 0.03119999 0.01121264 -0.000999987 0.03119999 0.01127868 0.01454514 0.02907413 0.01121872 0.01452612 0.02120006 0.01295971 0.009721219 0.03149938 0.01129084 0.02066659 0.02943658 0.0113669 0.01983803 0.02120006 0.01158523 0.01359236 0.03033846 0.01158058 0.01743268 0.02945792 0.01274651 0.01291596 0.0312879 0.01154196 -0.03755795 0.0212 0.01154196 -0.03755795 0.03119999 0.01221662 -0.000999987 0.0212 0.01268416 0.01803523 0.0308963 0.01255398 -0.03755795 0.0212 0.01255398 -0.03755795 0.03119999 0.01321262 -0.000999987 0.03119999 0.01381379 0.01994615 0.03144747 0.01354199 -0.03755795 0.0212 0.01354199 -0.03755795 0.03119999 0.01354199 -0.000999987 0.0212 0.01519995 -0.000999987 0.0212 0.01519995 -0.000999987 0.03149998 0.01519995 0.03599995 0.0212 0.01519995 0.03599995 0.03149998 0.01681596 0.00634998 0.01719999 0.01681596 0.00634998 0.01999998 0.01681596 0.00634998 0.0212 0.01681596 0.00634998 0.02719998 0.01681596 0.020805 0.01719999 0.01681596 0.020805 0.01999998 0.01681596 0.020805 0.0212 0.01681596 0.020805 0.02719998 0.01684695 -0.03957295 0.0212 0.01684695 -0.03957295 0.02719998 0.01684695 -0.02810394 0.0212 0.01684695 -0.02810394 0.02719998 0.01684695 0.02810394 0.0212 0.01684695 0.02810394 0.02719998 0.01684695 0.03957295 0.0212 0.01684695 0.03957295 0.02719998 0.02849996 -0.04099994 0.0212 0.01728796 0.04099994 0.0212 0.01944434 -0.02495998 0.02118647 0.01940369 0.02477931 0.02118825 0.01931434 -0.02429354 0.01999998 0.01931434 0.02470642 0.01999998 0.01974594 -0.02355849 0.02118021 0.01978546 0.02352941 0.02117842 0.02003991 0.02555608 0.02118742 0.02029353 -0.0256856 0.01999998 0.02029353 0.02331435 0.01999998 0.02022063 -0.02559626 0.02118825 0.02070641 -0.02331435 0.01999998 0.02070641 0.0256856 0.01999998 0.02043598 -0.01061099 0.0212 0.02043598 -0.01061099 0.02719998 0.02043598 0.003592967 0.0212 0.02043598 0.003592967 0.02719998 0.02134788 -0.02531576 0.02118396 0.0214414 -0.02374613 0.02117949 0.02134811 0.02368426 0.02118402 0.02144062 0.02525347 0.02117842 0.02085298 -0.02239197 0.0212 0.02085298 -0.02239197 0.02419996 0.02085298 -0.01453799 0.0212 0.02085298 -0.01453799 0.02419996 0.0216856 -0.02470642 0.01999998 0.0216856 0.02429354 0.01999998 0.02149999 -0.01999998 0.01859998 0.02149999 -0.01999998 0.01999998 0.02149999 -0.01519995 0.01859998 0.02149999 -0.01519995 0.01999998 0.02221494 -0.03872096 0.02169096 0.02221494 -0.03872096 0.026537 0.02221494 -0.02902895 0.02169096 0.02221494 -0.02902895 0.026537 0.02226299 -0.02144771 0.02150297 0.02227497 -0.02150577 0.02355098 0.02227497 -0.01554757 0.02150684 0.02226299 -0.01558744 0.02357649 0.02231276 -0.009248733 0.02195197 0.02233719 -0.009322345 0.02626985 0.02233719 0.00251019 0.02195495 0.02231276 0.002407729 0.02627044 0.02221494 0.007582962 0.01868796 0.02221494 0.01939898 0.01868796 0.02234697 0.01939898 0.02585697 0.02221494 0.02912098 0.02195894 0.02221494 0.02912098 0.02626895 0.02221494 0.03891396 0.02195894 0.02221494 0.03891396 0.02626895 0.02243494 0.00748676 0.02118897 0.02240353 0.007390558 0.02602469 0.02243494 0.01075297 0.01783895 0.02243494 0.01075297 0.01868796 0.02243494 0.01637196 0.01847571 0.02243494 0.01969379 0.02118897 0.02243494 0.02013599 0.026528 0.02849996 -0.04099994 0.01999998 0.02849996 -0.03957295 0.0212 0.02849996 -0.02810394 0.0212 0.02849996 -0.02239197 0.0212 0.02849996 -0.01999998 0.01859998 0.02849996 -0.01999998 0.01999998 0.02849996 -0.01519995 0.01859998 0.02849996 -0.01519995 0.01999998 0.02849996 -0.01453799 0.0212 0.02849996 -0.01061099 0.0212 0.02849996 0.003592967 0.0212 0.02849996 0.00634998 0.01999998 0.02849996 0.00634998 0.0212 0.02849996 0.020805 0.01999998 0.02849996 0.020805 0.0212 0.02849996 0.02810394 0.0212 0.02849996 0.03957295 0.0212 0.02849996 0.04099994 0.01999998 0.02849996 0.04099994 0.0212 0.03021496 -0.03900498 0.02144545 0.03021496 -0.03957295 0.02719998 0.03021496 -0.03872096 0.026537 0.03021496 -0.02856647 0.02144545 0.03021496 -0.02902895 0.026537 0.03021496 -0.02810394 0.02719998 0.03025496 -0.02144771 0.02150297 0.03025496 -0.02140623 0.0236122 0.03025496 -0.01561599 0.02149754 0.03025496 -0.01558744 0.02357649 0.0302965 -0.009248733 0.02195197 0.0302965 -0.009196102 0.0262714 0.0302965 0.002334535 0.0219478 0.0302965 0.002407729 0.02627044 0.03021496 0.007582962 0.01868796 0.03037995 0.007262289 0.02118897 0.030303 0.009911954 0.01919299 0.03032499 0.009911954 0.02118897 0.030303 0.01075297 0.01899099 0.03026998 0.01637196 0.01906675 0.03030925 0.01721298 0.01919299 0.03036165 0.01721298 0.02118897 0.03021496 0.01939898 0.01868796 0.03034698 0.01964461 0.02118897 0.03021496 0.02810394 0.0212 0.03021496 0.02810394 0.02719998 0.03021496 0.02912098 0.02195894 0.03021496 0.02912098 0.02626895 0.03021496 0.03891396 0.02195894 0.03021496 0.03891396 0.02626895 0.03021496 0.03957295 0.0212 0.03021496 0.03957295 0.02719998 0.03029495 -0.02239197 0.0212 0.03029495 -0.02239197 0.02419996 0.03029495 -0.01453799 0.0212 0.03029495 -0.01453799 0.02419996 0.03037798 -0.01061099 0.0212 0.03037798 -0.01061099 0.02719998 0.03037798 0.003592967 0.0212 0.03037798 0.003592967 0.02719998 0.03043496 0.00634998 0.01719999 0.03043496 0.00634998 0.02719998 0.03043496 0.007101953 0.026528 0.03043496 0.01075297 0.01783895 0.03043496 0.01637196 0.01783895 0.03043496 0.02053737 0.02686399 0.03043496 0.020805 0.01719999 0.006974995 -0.08403295 0.01999998 0.006974995 -0.08403295 0.03999996 0.007649958 -0.08713597 0.01999998 0.007649958 -0.08713597 0.03999996 0.008443772 -0.08552742 0.01499998 0.008358597 -0.0849201 0.01999998 0.009472548 -0.08344376 0.01499998 0.008846759 -0.08423715 0.02898567 0.008728265 -0.08494997 0.03999996 0.009255468 -0.08612483 0.02899158 0.009216606 -0.08606189 0.03999996 0.00928539 -0.08389121 0.03999996 0.00992012 -0.08664137 0.01999998 0.01007986 -0.08335858 0.01999998 0.009324967 -0.08189696 0.01999998 0.009324967 -0.08189696 0.03999996 0.01052737 -0.08655619 0.01499998 0.01074451 -0.08387511 0.02899158 0.00999999 -0.08499997 0.02824896 0.01071459 -0.08610874 0.03999996 0.01078337 -0.08393806 0.03999996 0.01115322 -0.08576285 0.02898567 0.01067495 -0.08810299 0.01999998 0.01067495 -0.08810299 0.03999996 0.0115562 -0.08447253 0.01499998 0.01127165 -0.08504998 0.03999996 0.01164138 -0.08507984 0.01999998 0.01234996 -0.08286398 0.01999998 0.01234996 -0.08286398 0.03999996 0.01302498 -0.085967 0.01999998 0.01302498 -0.085967 0.03999996 0.007166981 0.083566 0.01999998 0.007166981 0.083566 0.03999996 0.00734198 0.08673697 0.01999998 0.00734198 0.08673697 0.03999996 0.008379876 0.08527249 0.01499998 0.008592784 0.08584851 0.01999998 0.009151458 0.08359277 0.01999998 0.008706927 0.08500498 0.02899736 0.008670091 0.08523815 0.03999996 0.009727478 0.08337992 0.01499998 0.009396195 0.08617228 0.02899527 0.009261548 0.08393895 0.02899736 0.009756922 0.08363431 0.03999996 0.0102725 0.08662009 0.01499998 0.01024305 0.08636564 0.03999996 0.009824991 0.08182895 0.01999998 0.009824991 0.08182895 0.03999996 0.01084852 0.08640718 0.01999998 0.00999999 0.08499997 0.02824896 0.01060372 0.08382767 0.02899527 0.01017498 0.088171 0.01999998 0.01017498 0.088171 0.03999996 0.01073843 0.086061 0.02899736 0.01140719 0.08415144 0.01999998 0.01132982 0.08476179 0.03999996 0.01162004 0.08472746 0.01499998 0.01129299 0.08499503 0.02899736 0.01265799 0.08326297 0.01999998 0.01265799 0.08326297 0.03999996 0.01283299 0.086434 0.01999998 0.01283299 0.086434 0.03999996 -0.01304799 0.08589196 0.03999996 -0.01304799 0.08589196 0.04499995 -0.01229596 0.082807 0.03999996 -0.01229596 0.082807 0.04499995 -0.01132762 0.08402884 0.03999996 -0.01088452 0.08638662 0.03499996 -0.01097112 0.08632761 0.03999996 -0.01107084 0.08578336 0.03999996 -0.01121336 0.08560234 0.04499995 -0.01117324 0.0844804 0.03999996 -0.010616 0.08375805 0.04499995 -0.01138663 0.08411538 0.03499996 -0.01075196 0.08808499 0.03999996 -0.01075196 0.08808499 0.04499995 -0.0102759 0.08372664 0.03999996 -0.00972408 0.08627331 0.03999996 -0.009383916 0.0862419 0.04499995 -0.009115397 0.08361333 0.03499996 -0.009028851 0.08367234 0.03999996 -0.008929073 0.08421659 0.03999996 -0.008613288 0.08588457 0.03499996 -0.008672356 0.08597111 0.03999996 -0.008786559 0.08439761 0.04499995 -0.009247958 0.08191496 0.03999996 -0.009247958 0.08191496 0.04499995 -0.008826673 0.08551955 0.03999996 -0.007703959 0.08719295 0.03999996 -0.007703959 0.08719295 0.04499995 -0.006951987 0.08410799 0.03999996 -0.006951987 0.08410799 0.04499995 -0.01283299 -0.086434 0.01999998 -0.01283299 -0.086434 0.03999996 -0.01265799 -0.08326297 0.01999998 -0.01265799 -0.08326297 0.03999996 -0.01162004 -0.08472746 0.01499998 -0.01140719 -0.08415144 0.01999998 -0.01084852 -0.08640718 0.01999998 -0.01129299 -0.08499503 0.02899736 -0.01132982 -0.08476179 0.03999996 -0.0102725 -0.08662009 0.01499998 -0.01060372 -0.08382767 0.02899527 -0.01073843 -0.086061 0.02899736 -0.01024305 -0.08636564 0.03999996 -0.009727478 -0.08337992 0.01499998 -0.009756922 -0.08363431 0.03999996 -0.01017498 -0.088171 0.01999998 -0.01017498 -0.088171 0.03999996 -0.009151458 -0.08359277 0.01999998 -0.008379876 -0.08527249 0.01499998 -0.00999999 -0.08499997 0.02824896 -0.009396195 -0.08617228 0.02899527 -0.009824991 -0.08182895 0.01999998 -0.009824991 -0.08182895 0.03999996 -0.009261548 -0.08393895 0.02899736 -0.008592784 -0.08584851 0.01999998 -0.008670091 -0.08523815 0.03999996 -0.008706927 -0.08500498 0.02899736 -0.00734198 -0.08673697 0.01999998 -0.00734198 -0.08673697 0.03999996 -0.007166981 -0.083566 0.01999998 -0.007166981 -0.083566 0.03999996 -0.01317399 -0.084908 0.03999996 -0.01317399 -0.084908 0.04499995 -0.01166695 -0.08770298 0.03999996 -0.01166695 -0.08770298 0.04499995 -0.01150697 -0.08220499 0.03999996 -0.01150697 -0.08220499 0.04499995 -0.01160025 -0.08537995 0.03499996 -0.01157259 -0.08548104 0.03999996 -0.01115387 -0.08423203 0.03999996 -0.01118868 -0.08553284 0.04499995 -0.01048111 -0.08342725 0.03999996 -0.0109905 -0.08411711 0.04499995 -0.01074886 -0.08612883 0.03999996 -0.01038008 -0.08339959 0.03499996 -0.01026785 -0.08625441 0.04499995 -0.009619832 -0.08660036 0.03499996 -0.009518802 -0.08657276 0.03999996 -0.009251058 -0.08387118 0.03999996 -0.009732127 -0.08374553 0.04499995 -0.008846044 -0.08576792 0.03999996 -0.00900942 -0.08588284 0.04499995 -0.008811295 -0.08446711 0.04499995 -0.008399546 -0.08461987 0.03499996 -0.008427202 -0.08451884 0.03999996 -0.008492946 -0.08779495 0.03999996 -0.008492946 -0.08779495 0.04499995 -0.008332967 -0.08229696 0.03999996 -0.008332967 -0.08229696 0.04499995 -0.006825983 -0.085092 0.03999996 -0.006825983 -0.085092 0.04499995 -0.01749998 -0.09499996 0.04499995 -0.01749998 -0.09499996 0.04999995 -0.01749998 -0.03419995 0.04499995 -0.01749998 0.09499996 0.04499995 -0.01749998 0.09499996 0.04999995 -0.01449996 -0.04499995 0.105 -0.01449996 -0.04499995 0.11 -0.01449829 -0.001054704 0.105 -0.01449996 0.04499995 0.11 -0.01449996 0.04499995 0.105 -0.01427268 -0.002889335 0.04999995 -0.01442098 0.001515984 0.04999995 -0.01413959 0.003351211 0.105 -0.01319748 -0.00617516 0.105 -0.01319748 0.00617516 0.04999995 -0.01304996 -0.03894996 0.04999995 -0.01194596 -0.00834304 0.04999995 -0.01194596 0.00834304 0.105 -0.01156127 -0.08557766 0.04499995 -0.01156127 -0.08442234 0.04999995 -0.01156121 -0.06557762 0.04499995 -0.01156127 -0.0644223 0.04999995 -0.01156127 0.0644223 0.04499995 -0.01156121 0.06557762 0.04999995 -0.01156127 0.08442234 0.04499995 -0.01156127 0.08557766 0.04999995 -0.01105594 -0.0863831 0.04999995 -0.01101624 -0.08356648 0.04499995 -0.01105594 -0.06638306 0.04999995 -0.0110163 -0.0635665 0.04499995 -0.01105594 0.06361687 0.04999995 -0.0110163 0.06643348 0.04499995 -0.01128071 0.08393633 0.04999995 -0.0110163 0.08643347 0.04499995 -0.01083898 -0.034235 0.105 -0.01083898 -0.03326493 0.11 -0.01083898 0.03326493 0.105 -0.01083898 0.034235 0.11 -0.01047986 -0.08656674 0.04499995 -0.01051217 -0.08344966 0.04999995 -0.01047986 -0.06656676 0.04499995 -0.01051211 -0.06344968 0.04999995 -0.01047986 0.06343322 0.04499995 -0.01051217 0.06655031 0.04999995 -0.01047986 0.08343321 0.04499995 -0.01051217 0.08655029 0.04999995 -0.01057022 -0.03488445 0.11 -0.01057022 -0.03261548 0.105 -0.01057022 0.03261548 0.11 -0.01057022 0.03488445 0.105 -0.01077598 -0.009701967 0.105 -0.009544849 0.01101011 0.04999995 -0.01059997 -0.027875 0.11 -0.009756684 -0.001431345 0.11 -0.01018136 0.001006722 0.11 -0.01018136 0.0235067 0.11 -0.01027542 0.08341825 0.04999995 -0.01018136 -0.0235067 0.105 -0.01018136 -0.02149325 0.11 -0.01018136 -0.001006722 0.1 -0.01045197 0.02256935 0.105 -0.009756684 -0.02393138 0.11 -0.009756684 -0.02106857 0.105 -0.009756684 0.001431345 0.1 -0.009756684 0.02106857 0.11 -0.009884417 -0.0355702 0.105 -0.009884476 -0.03192973 0.11 -0.009884476 0.03192973 0.105 -0.009884417 0.0355702 0.11 -0.009612679 0.02111238 0.105 -0.00932765 0.02406126 0.105 -0.009234964 -0.03583902 0.11 -0.009234964 -0.03166097 0.105 -0.009234964 0.03166097 0.11 -0.009234964 0.03583902 0.105 -0.008264958 -0.03583902 0.105 -0.008264958 -0.03166097 0.11 -0.007743239 -0.02393138 0.105 -0.007743239 -0.02106857 0.11 -0.007743239 -0.001431345 0.1 -0.007743239 0.001431345 0.11 -0.007743239 0.02106857 0.105 -0.007743239 0.02393138 0.11 -0.008264958 0.03166097 0.105 -0.008264958 0.03583902 0.11 -0.007523119 -0.01247888 0.04999995 -0.007050335 -0.01275187 0.105 -0.007523119 0.01247888 0.105 -0.007318556 -0.0235067 0.11 -0.007318556 -0.02149325 0.105 -0.007318556 -0.001006722 0.11 -0.007318556 0.001006722 0.1 -0.007318556 0.02149325 0.11 -0.007318556 0.0235067 0.105 -0.001999974 -0.09499996 0.04499995 -0.001999974 0.09499996 0.04499995 -0.007615506 -0.0355702 0.11 -0.007615506 -0.03192973 0.105 -0.007615506 0.03192973 0.11 -0.007615506 0.0355702 0.105 -0.006929755 -0.03488445 0.105 -0.006929755 -0.03261548 0.11 -0.006929755 0.03261548 0.105 -0.006929755 0.03488445 0.11 -0.006660938 -0.034235 0.11 -0.006660938 -0.03326493 0.105 -0.006660938 0.03326493 0.11 -0.006660938 0.034235 0.105 -0.003047764 0.01431632 0.05000001 2.6875e-4 -0.04499995 0.11 -0.002999961 0.03499996 0.11 -0.004977762 7.77294e-4 0.04499995 -0.004885733 -0.00148493 0.11 -0.0044685 -0.002513527 0.04499989 -0.004699707 0.001814842 0.11 -0.003880441 0.003223121 0.04499989 -0.00300616 -0.00403589 0.11 -0.003013014 0.004057943 0.11 -0.003014981 -0.01418298 0.04999995 -0.00300002 -0.01418644 0.105 -0.00300002 0.01418668 0.105 -0.002999961 -0.03499996 0.105 -0.002999961 -0.03499996 0.11 -0.002879679 -0.0143035 0.06999999 -0.002978444 -0.004056632 0.06999999 -0.002985298 0.004027724 0.07000005 -0.002999961 0.01418596 0.06999999 -0.002999961 0.03499996 0.105 -0.001414179 -0.004898488 0.04499989 -0.001814842 0.004699707 0.04499995 -0.001999974 -0.09499996 0.04999995 -0.001999974 -0.09249997 0.04499995 -0.001999974 -0.09249997 0.04999995 -0.001999974 0.09249997 0.04499995 -0.001999974 0.09249997 0.04999995 -0.001999974 0.09499996 0.04999995 1.71553e-4 -0.005103707 0.06999999 -1.71553e-4 0.005103707 0.06999999 0.003047764 -0.01431632 0.05000001 0.001414179 0.004898488 0.04499995 0.002879679 0.0143035 0.06999999 0.001814842 -0.004699707 0.04499995 0.001999974 -0.09499996 0.04499995 0.001999974 -0.09499996 0.04999995 0.001999974 -0.09249997 0.04499995 0.001999974 -0.09249997 0.04999995 0.001999974 0.09249997 0.04499995 0.001999974 0.09249997 0.04999995 0.001999974 0.09499996 0.04499995 0.001999974 0.09499996 0.04999995 0.002985298 -0.004027724 0.07000005 0.002978444 0.004056632 0.06999999 0.002999961 -0.03499996 0.105 0.002999961 -0.03499996 0.11 0.002999961 -0.01418596 0.06999999 0.00300002 -0.01418668 0.105 0.003013014 -0.004057943 0.11 0.00300616 0.00403589 0.11 0.00300002 0.01418644 0.105 0.002999961 0.03499996 0.11 0.002999961 0.03499996 0.105 0.003014981 0.01418298 0.04999995 0.003880441 -0.003223121 0.04499989 0.0044685 0.002513527 0.04499989 0.004699707 -0.001814842 0.11 0.004885733 0.00148493 0.11 0.004977762 -7.77294e-4 0.04499995 0.007106661 -0.03223317 0.11 0.007318556 -0.02149325 0.11 0.007318556 0.001006722 0.11 0.006929755 0.03261548 0.11 0.007523119 -0.01247888 0.105 0.007523119 0.01247888 0.04999995 0.007050335 0.01275187 0.105 0.006660938 -0.034235 0.105 0.00676465 -0.03466248 0.11 0.006660938 0.03326493 0.105 0.006660938 0.034235 0.11 0.006929755 -0.03261548 0.105 0.006929755 0.03488445 0.105 0.007318556 -0.0235067 0.105 0.007318556 -0.001006722 0.1 0.007318556 0.02149325 0.105 0.007318556 0.0235067 0.11 0.007743239 -0.02393138 0.11 0.007743239 -0.02106857 0.105 0.007743239 -0.001431345 0.11 0.007743239 0.001431345 0.1 0.007743239 0.02106857 0.11 0.007743239 0.02393138 0.105 0.007615506 -0.0355702 0.105 0.007615506 0.03192973 0.105 0.007615506 0.0355702 0.11 0.008264958 -0.03583902 0.11 0.008264958 -0.03166097 0.105 0.008264958 0.03166097 0.11 0.008264958 0.03583902 0.105 0.009544849 -0.01101011 0.04999995 0.009234964 -0.03583902 0.105 0.009234964 -0.03166097 0.11 0.00932765 -0.02406126 0.105 0.009756684 -0.02106857 0.11 0.009756684 -0.001431345 0.1 0.01018136 0.001006722 0.1 0.009756684 0.001431345 0.11 0.009756684 0.02106857 0.105 0.009756684 0.02393138 0.11 0.009234964 0.03166097 0.105 0.009234964 0.03583902 0.11 0.01018136 -0.0235067 0.11 0.009612679 -0.02111238 0.105 0.01018136 -0.001006722 0.11 0.01018136 0.02149325 0.11 0.01018136 0.0235067 0.105 0.009884417 -0.0355702 0.11 0.009884476 -0.03192973 0.105 0.009884476 0.03192973 0.11 0.009884417 0.0355702 0.105 0.01108634 -0.08634442 0.04499995 0.01051217 -0.08655029 0.04999995 0.01054424 -0.08346605 0.04499995 0.01105594 -0.08361685 0.04999995 0.01108634 -0.06634443 0.04499995 0.01051217 -0.06655031 0.04999995 0.01054424 -0.06346607 0.04499995 0.01105594 -0.06361687 0.04999995 0.01068842 0.0635029 0.04499995 0.01051211 0.06344968 0.04999995 0.01054424 0.06653392 0.04499995 0.01105594 0.06638306 0.04999995 0.01108634 0.08365553 0.04499995 0.01051217 0.08344966 0.04999995 0.01054424 0.0865339 0.04499995 0.01105594 0.0863831 0.04999995 0.01045197 -0.02256935 0.105 0.01057022 -0.03488445 0.105 0.01057022 -0.03261548 0.11 0.01057022 0.03261548 0.105 0.01057022 0.03488445 0.11 0.01083898 -0.034235 0.11 0.01083898 -0.03326493 0.105 0.01083898 0.03326493 0.11 0.01083898 0.034235 0.105 0.01449996 -0.04499995 0.11 0.01059997 0.027875 0.11 0.01194596 -0.00834304 0.105 0.01194596 0.00834304 0.04999995 0.01077598 0.009701967 0.105 0.01156127 -0.08557766 0.04999995 0.01156127 -0.08442234 0.04499995 0.01156121 -0.06557762 0.04999995 0.01156127 -0.0644223 0.04499995 0.01156127 0.0644223 0.04999995 0.01156127 0.08442234 0.04999995 0.01156127 0.08557766 0.04499995 0.01174283 0.06515568 0.04499995 0.01319748 -0.00617516 0.04999995 0.01319748 0.00617516 0.105 0.01413959 -0.003351211 0.105 0.01427268 0.002889335 0.04999995 0.01442098 -0.001515984 0.04999995 0.01449829 0.001054704 0.105 0.01449996 -0.04499995 0.105 0.01449996 0.04499995 0.11 0.01449996 0.04499995 0.105 0.01749998 -0.09499996 0.04499995 0.01749998 -0.09499996 0.04999995 0.01749998 -0.03894996 0.04999995 0.01749998 -0.03419995 0.04499995 0.01749998 0.09499996 0.04499995 0.01749998 0.09499996 0.04999995</float_array>
          <technique_common>
            <accessor source="#Shape_IndexedFaceSet_865-mesh-positions-array" count="1625" stride="3">
              <param name="X" type="float"/>
              <param name="Y" type="float"/>
              <param name="Z" type="float"/>
            </accessor>
          </technique_common>
        </source>
        <source id="Shape_IndexedFaceSet_865-mesh-normals">
          <float_array id="Shape_IndexedFaceSet_865-mesh-normals-array" count="12672">-0.4516187 0.8922111 0 0.547047 0.8371019 0 0.5470472 0.8371018 0 0.9984806 -0.05510377 0 0.9984806 -0.05510425 0 0.451617 -0.892212 0 0.4516169 -0.8922121 0 -0.5470455 -0.837103 0 -0.5470454 -0.837103 0 -0.9984807 0.0551033 0 -0.9984806 0.05510425 0 0 0 -1 4.70945e-7 0 -1 -4.66841e-7 0 -1 0 0 -1 -1.43338e-7 0 -1 3.97621e-7 0 -1 -7.60817e-7 0 -1 0 0 1 -8.24593e-7 0 1 -9.44622e-7 0 1 1.73041e-6 0 1 -7.65875e-7 0 1 7.65884e-7 0 1 -0.5642989 0.2180737 0.7962479 -0.595412 0.107195 0.7962373 -0.6094154 0.1121608 0.7848777 -0.1121617 -0.6094167 0.7848765 -0.2180777 -0.5643072 0.7962409 -0.1071959 -0.5954135 0.7962361 0.5643056 -0.2180754 0.7962427 0.595419 -0.1071944 0.7962322 0.6094209 -0.1121629 0.784873 0.2180715 0.5642977 0.7962493 0.1071926 0.5954106 0.7962387 0.1121585 0.6094139 0.7848792 -0.9264713 0.3762141 0.01067137 -0.9267961 0.3742084 0.03189051 -0.9869526 0.160657 0.01067405 -0.9948743 0.09626013 -0.03097188 -0.9495615 0.313422 -0.00999242 -0.9954889 0.09435075 -0.009992241 -0.3762162 -0.9264705 0.01067012 -0.3742105 -0.9267954 0.03188925 -0.1606591 -0.9869523 0.01067286 -0.09621387 -0.9948785 -0.03098195 -0.3134226 -0.9495612 -0.009993612 -0.09430372 -0.9954933 -0.009993433 0.9264717 -0.3762133 0.01067054 0.9267965 -0.3742075 0.03188979 0.9869451 -0.1607033 0.01067364 0.9948746 -0.09625703 -0.03097116 0.9495624 -0.3134191 -0.009991765 0.9954892 -0.09434759 -0.009991586 0.376213 0.9264718 0.01067006 0.3742071 0.9267967 0.03188914 0.1606557 0.9869529 0.01067292 0.0962103 0.9948788 -0.03098195 0.3134193 0.9495623 -0.009993612 0.09430038 0.9954937 -0.009993433 -0.9166153 0.3989732 0.02523946 -0.9781989 0.2070527 0.01600497 -0.9782016 0.2070137 0.01633667 -0.9975985 0.06644469 -0.01955556 -0.9975899 0.06648117 -0.01987189 -0.9904348 -0.1350041 -0.02851194 -0.8436551 -0.5359174 0.03222632 -0.7194027 -0.6942757 0.02100306 -0.7193344 -0.6943278 0.02161097 -0.5521038 -0.8329352 -0.03742218 -0.5520154 -0.8330377 -0.03643226 -0.3738431 -0.926503 -0.04282087 -0.02836269 -0.9989004 0.03733229 0.1730073 -0.9841473 0.03902113 0.1729069 -0.9842308 0.03732085 0.658462 -0.7517095 -0.03688812 0.6587529 -0.751667 -0.03226917 0.7959514 -0.6048349 -0.02522361 0.802882 -0.5961055 0.006232142 0.905756 -0.4232037 0.02247023 0.9058287 -0.4232907 0.01730388 0.9450336 0.3255742 -0.03021514 0.9451386 0.3256595 -0.02567189 0.8608532 0.5086063 -0.01586216 0.8064526 0.5902027 0.0359869 0.6715526 0.7396926 0.04326707 0.6718679 0.7396158 0.03952193 0.3110978 0.9498865 -0.03056108 0.3110433 0.9499266 -0.02986294 0.1139187 0.9929088 -0.03398162 -0.2406935 0.9700479 0.03276836 -0.4305173 0.9021977 0.02634513 -0.4304736 0.9022327 0.02586072 -0.5817067 0.8132427 -0.0159322 -0.5816749 0.8132594 -0.01623517 -0.7328579 0.6799119 -0.02528393 -0.4516168 0.892212 0 -0.4516169 0.8922121 0 0.5470453 0.837103 0 0.5470456 0.8371028 0 0.4516189 -0.892211 0 0.4516187 -0.8922111 0 -0.5470471 -0.8371018 0 -0.547047 -0.8371019 0 -1.76947e-7 0 -1 -4.66843e-7 0 -1 5.911e-7 0 -1 -1.19448e-7 0 -1 3.97614e-7 0 -1 8.2459e-7 0 1 8.24595e-7 0 1 -1.39104e-6 0 1 9.44622e-7 0 1 -3.82945e-7 0 1 9.44626e-7 0 1 -1.7304e-6 0 1 7.6588e-7 0 1 -0.5643045 0.2180755 0.7962434 -0.595418 0.1071946 0.7962328 -0.6094199 0.1121631 0.7848738 -0.112158 -0.6094159 0.7848777 -0.2180711 -0.5642998 0.796248 -0.1071923 -0.5954126 0.7962372 0.5642995 -0.2180734 0.7962477 0.5954125 -0.1071945 0.7962371 0.6094158 -0.1121603 0.7848773 0.2180781 0.5643078 0.7962403 0.1071965 0.5954142 0.7962356 0.1121622 0.6094174 0.7848759 -0.9264712 0.3762143 0.0106706 -0.9267962 0.3742085 0.03188979 -0.986945 0.1607044 0.01067358 -0.9948745 0.09625715 -0.03097122 -0.9495623 0.3134192 -0.009991765 -0.9954892 0.09434771 -0.009991645 -0.3762128 -0.926472 0.01067262 -0.3742073 -0.9267966 0.0318917 -0.1606557 -0.9869528 0.01067531 -0.09621059 -0.9948788 -0.03098195 -0.3134195 -0.9495622 -0.009993672 -0.09430044 -0.9954937 -0.009993433 0.9264714 -0.3762142 0.01067131 0.9267961 -0.3742085 0.03189039 0.9869449 -0.1607044 0.01067417 0.9948742 -0.09625971 -0.03097182 0.9495615 -0.3134216 -0.00999242 0.995489 -0.09435039 -0.009992301 0.3762164 0.9264704 0.01067006 0.3742107 0.9267954 0.0318892 0.1606594 0.9869523 0.01067292 0.09621393 0.9948783 -0.03098446 0.3134228 0.9495611 -0.009996116 0.09430408 0.9954934 -0.009995937 -0.9166143 0.3989754 0.02524077 -0.9781984 0.2070551 0.01600646 -0.9782012 0.2070161 0.0163381 -0.9975984 0.06644535 -0.01955503 -0.9975898 0.06648182 -0.01987147 -0.9904348 -0.1350034 -0.0285117 -0.843654 -0.5359193 0.03222793 -0.7194012 -0.6942771 0.0210039 -0.7193329 -0.6943293 0.02161192 -0.5521137 -0.8329285 -0.03742492 -0.5520283 -0.8330277 -0.0364651 -0.3738542 -0.9264984 -0.04282486 -0.0283935 -0.9988997 0.03732758 0.1729769 -0.9841526 0.03902149 0.1728765 -0.9842362 0.03732228 0.658455 -0.7517156 -0.03688883 0.6587436 -0.7516738 -0.03229951 0.7959747 -0.6048046 -0.02521795 0.8028815 -0.5961061 0.006229579 0.905776 -0.4231609 0.02246838 0.9058487 -0.4232481 0.01729959 0.9450352 0.3255701 -0.03021335 0.94514 0.3256554 -0.02567011 0.8608555 0.5086025 -0.01586025 0.8064575 0.5901958 0.03598946 0.6715588 0.7396868 0.04326987 0.6718739 0.7396103 0.03952467 0.3110516 0.9499015 -0.03056329 0.310997 0.9499416 -0.02986538 0.1139179 0.9929089 -0.03397911 -0.2407273 0.9700395 0.03277033 -0.4305487 0.902183 0.02633976 -0.4305047 0.9022179 0.02585506 -0.5817061 0.8132431 -0.01593226 -0.5816744 0.8132597 -0.01623523 -0.7328574 0.6799124 -0.02528375 -0.4516189 0.892211 0 0.5470471 0.8371018 0 0.547047 0.8371019 0 0.9984807 -0.0551033 0 0.4516168 -0.892212 0 -0.5470453 -0.837103 0 -0.5470456 -0.8371028 0 -0.9984806 0.05510377 0 4.70946e-7 0 -1 3.97618e-7 0 -1 -7.60813e-7 0 -1 -8.24595e-7 0 1 -8.2459e-7 0 1 -9.44626e-7 0 1 1.7304e-6 0 1 -7.6588e-7 0 1 1.39104e-6 0 1 3.82945e-7 0 1 -0.5642991 0.2180727 0.7962481 -0.5954121 0.1071938 0.7962375 -0.6094154 0.1121597 0.7848778 -0.1121618 -0.6094163 0.7848768 -0.2180777 -0.5643067 0.7962413 -0.1071959 -0.5954129 0.7962364 0.5643056 -0.2180761 0.7962425 0.595419 -0.1071951 0.7962321 0.6094208 -0.1121637 0.784873 0.2180722 0.5643011 0.7962467 0.1071934 0.5954139 0.796236 0.1121591 0.6094173 0.7848764 -0.9267962 0.3742085 0.03189039 -0.9869449 0.1607043 0.01067411 -0.9948742 0.09625971 -0.03097182 -0.9495615 0.3134216 -0.00999242 -0.995489 0.09435039 -0.009992301 -0.3762164 -0.9264704 0.01067012 -0.3742107 -0.9267954 0.03188925 -0.1606594 -0.9869523 0.01067286 -0.09621369 -0.9948784 -0.03098446 -0.3134226 -0.9495612 -0.009996116 -0.09430384 -0.9954933 -0.009995937 0.9264713 -0.3762144 0.01067054 0.9267961 -0.3742086 0.03188979 0.986945 -0.1607045 0.01067364 0.9948745 -0.09625715 -0.03097122 0.9495623 -0.3134192 -0.009991765 0.9954892 -0.09434771 -0.009991645 0.3762126 0.926472 0.01067256 0.3742071 0.9267967 0.0318917 0.1606554 0.9869529 0.01067537 0.09621077 0.9948787 -0.03098195 0.3134197 0.9495621 -0.009993672 0.09430068 0.9954937 -0.009993433 -0.9166159 0.3989716 0.02524012 -0.9781993 0.2070511 0.01600551 -0.9782021 0.207012 0.01633721 -0.9975984 0.06644552 -0.01955556 -0.9975898 0.06648206 -0.01987195 -0.990435 -0.1350032 -0.02851235 -0.8436532 -0.5359206 0.03222662 -0.7194001 -0.6942784 0.02100306 -0.7193318 -0.6943305 0.02161097 -0.5521063 -0.8329334 -0.03742516 -0.5520209 -0.8330326 -0.0364651 -0.373846 -0.9265017 -0.04282397 -0.02836257 -0.9989004 0.03733456 0.1730074 -0.9841473 0.03902345 0.1729072 -0.9842307 0.03732317 0.6584615 -0.7517099 -0.03688663 0.6587502 -0.7516683 -0.03229725 0.7959799 -0.6047978 -0.0252152 0.802882 -0.5961055 0.006232142 0.9057559 -0.4232037 0.02247017 0.9058287 -0.4232907 0.01730388 0.9450339 0.3255734 -0.03021514 0.9451389 0.3256587 -0.02567189 0.8608537 0.5086055 -0.01586216 0.8064523 0.5902031 0.03598761 0.6715523 0.7396929 0.04326772 0.6718675 0.7396162 0.03952264 0.3110979 0.9498865 -0.03056108 0.3110435 0.9499264 -0.02986294 0.113919 0.9929088 -0.03398168 -0.2406939 0.9700479 0.03276652 -0.4305178 0.9021976 0.02634322 -0.4304738 0.9022326 0.02585887 -0.5817061 0.813243 -0.01593214 -0.5816743 0.8132598 -0.01623517 -0.7328574 0.6799124 -0.02528387 -2.28542e-7 0 1 -5.04388e-7 0 1 -4.02796e-7 0 1 -5.50536e-7 0 1 -1.54293e-7 0 1 0 0 1 0 0 1 0 0 1 0 0 1 0 0 1 0 0 1 1.80103e-6 0 1 -3.06545e-6 0 1 0 0 1 -8.0447e-7 0 1 1.69862e-7 0 1 0 0 1 0 0 1 5.2853e-7 0 1 0 0 1 0 0 1 0 0 1 0 0 1 1.44337e-7 0 1 1 0 0 0 1 0 -1 0 0 -1 0 0 -1 0 0 0 -1 0 0.6337536 0.7723287 -0.04318398 0.8119676 0.5817546 -0.04764658 0.6335425 0.772238 -0.04766905 0.3722722 0.9263665 0.0570836 0.3719273 0.9259876 0.0649392 0.1195032 0.9911925 0.05706775 -0.3626487 0.9297895 -0.06306719 -0.1096054 0.9924604 -0.05485463 -0.3630108 0.9301681 -0.05486923 -0.6389652 0.767772 0.04743033 -0.6390718 0.7678363 0.04488486 -0.8160465 0.5760388 0.04740864 -0.6923079 -0.7216022 2.96716e-4 -0.8503085 -0.526021 -0.01665616 -0.6913594 -0.7223189 -0.01666635 -0.7718477 -0.6350539 0.03094851 -0.7716199 -0.6358391 0.01764792 -0.5880092 -0.8082622 0.03094017 0.4065788 -0.9134838 -0.01552599 0.1652393 -0.9858566 -0.027978 0.4070752 -0.9129655 -0.02799522 0.2983877 -0.9542971 0.01679295 0.2994562 -0.9541099 7.15389e-4 0.5279678 -0.8490988 0.0167762 -0.999163 0.003012955 -0.04079556 -0.9999818 0.001280903 -0.005909502 0.9995403 -0.001335859 0.03028941 0.9999894 3.73585e-4 -0.004608988 -0.008525848 0.9996739 -0.02407318 0.003855347 0.999526 0.03054624 -0.772332 0.6337496 -0.04318523 -0.5817587 0.8119646 -0.04764801 -0.7722411 0.6335387 -0.04767048 -0.9263677 0.3722694 0.05708295 -0.9259888 0.3719245 0.06493866 -0.9911985 0.1194525 0.05706673 -0.9259876 -0.3719276 -0.06493842 -0.9911981 -0.119456 -0.05706655 -0.9263664 -0.3722727 -0.05708277 -0.7722372 -0.6335436 0.04766911 -0.7723278 -0.6337547 0.04318404 -0.5817536 -0.8119685 0.0476467 0.003855347 -0.9995261 -0.03054195 -0.008526206 -0.9996739 0.02407538 0.7633761 -0.6441886 -0.04772955 0.5703458 -0.819699 -0.05290687 0.7632663 -0.643912 -0.05293297 0.9198919 -0.3874436 0.06071674 0.919517 -0.3871281 0.06797397 0.9888847 -0.1357306 0.06069839 0.9195184 0.3871251 -0.06797325 0.9888852 0.1357274 -0.06069761 0.9198933 0.3874406 -0.06071597 0.7632653 0.6439133 0.05293327 0.7633749 0.64419 0.04772984 0.5703445 0.8197001 0.05290716 -0.008526504 0.9996737 -0.02407753 0.003855347 0.9995259 0.03054845 -0.7723236 0.6337598 -0.04318559 -0.581748 0.8119724 -0.04764771 -0.7722328 0.6335488 -0.04767018 -0.9263682 0.3722681 0.05708324 -0.9259892 0.3719232 0.06493937 -0.9911987 0.1194512 0.05706709 -0.9259894 -0.3719229 -0.06493932 -0.9911987 -0.1194509 -0.05706709 -0.9263683 -0.3722679 -0.0570833 -0.7722338 -0.6335475 0.0476709 -0.7723246 -0.6337584 0.04318624 -0.5817494 -0.8119713 0.04764848 0.003855705 -0.9995259 -0.03054845 -0.008526206 -0.9996737 0.02407753 0.7633677 -0.6441984 -0.0477336 0.570335 -0.8197064 -0.05291044 0.7632577 -0.643922 -0.05293649 0.9198931 -0.3874408 0.06071615 0.9195181 -0.3871253 0.06797373 0.9888852 -0.1357277 0.06069779 0.9195185 0.3871248 -0.06797331 0.9888853 0.135727 -0.06069737 0.9198933 0.3874402 -0.06071573 0.7632579 0.6439219 0.05293554 0.7633677 0.6441984 0.04773265 0.570335 0.8197065 0.05290949 -0.772513 0.6349976 0.00133264 -0.582477 0.812745 -0.01289165 -0.7729618 0.6343215 -0.01290082 -0.7605734 0.6474023 0.04897469 -0.7606675 0.6474437 0.04692369 -0.9023302 0.4282575 0.04894757 -0.9257467 -0.3720601 -0.06756067 -0.9903278 -0.119226 -0.07096433 -0.925497 -0.3720429 -0.07098984 -0.8314626 -0.5526637 0.05686014 -0.8316444 -0.5531254 0.04919332 -0.659815 -0.7492762 0.0568282 0.003855347 -0.9995259 -0.03054845 -0.008526504 -0.9996737 0.02407753 0.7633676 -0.6441985 -0.04773169 0.570335 -0.8197065 -0.05290848 0.7632579 -0.643922 -0.05293458 0.9198933 -0.3874402 0.06071549 0.9195185 -0.3871247 0.06797307 0.9888853 -0.135727 0.06069713 0.9195181 0.3871254 -0.06797397 0.9888852 0.1357277 -0.06069809 0.919893 0.3874408 -0.06071645 0.7632577 0.643922 0.05293649 0.7633677 0.6441984 0.0477336 0.570335 0.8197064 0.05291044 -0.002248466 0.9997232 -0.02342116 0.003857493 0.999988 0.00302124 -0.00852549 0.9996739 -0.02407538 0.003855705 0.999526 0.0305463 0.763374 -0.644191 -0.04772979 0.5703434 -0.8197008 -0.0529071 0.7632645 -0.6439143 -0.05293321 0.9198932 -0.3874405 0.06071615 0.9195183 -0.387125 0.06797337 0.9888852 -0.1357273 0.06069773 0.919517 0.3871281 -0.06797385 0.9888848 0.1357306 -0.06069821 0.9198919 0.3874436 -0.06071656 0.7632636 0.6439153 0.05293214 0.7633733 0.644192 0.04772871 0.5703422 0.8197017 0.05290603 0.003855347 -0.999526 -0.03054624 -0.008525848 -0.9996738 0.02407532 -0.7723303 0.6337515 -0.04318481 -0.5817567 0.8119662 -0.04764753 -0.7722396 0.6335406 -0.04766994 -0.9263665 0.3722724 0.05708342 -0.9259876 0.3719274 0.06493902 -0.9911981 0.1194558 0.05706721 -0.9259893 -0.3719232 -0.06493854 -0.9911987 -0.1194512 -0.05706661 -0.9263682 -0.3722681 -0.05708283 -0.7722404 -0.6335397 0.04766935 -0.772331 -0.6337508 0.04318416 -0.5817576 -0.8119655 0.04764693 -0.451617 0.892212 0 0.5470455 0.837103 0 0.5470454 0.837103 0 -0.547047 -0.8371019 0 -0.5470472 -0.8371018 0 4.70944e-7 0 -1 5.91095e-7 0 -1 3.97617e-7 0 -1 8.24593e-7 0 1 -7.65884e-7 0 1 -1.73041e-6 0 1 7.65875e-7 0 1 -0.5643046 0.2180755 0.7962434 -0.595418 0.1071945 0.7962329 -0.6094199 0.1121631 0.7848738 -0.112158 -0.6094159 0.7848777 -0.1071923 -0.5954126 0.7962372 0.5642994 -0.2180737 0.7962475 0.5954125 -0.1071949 0.796237 0.6094158 -0.1121608 0.7848773 0.2180774 0.5643052 0.7962424 0.1071956 0.5954115 0.7962377 0.1121615 0.6094148 0.784878 -0.986945 0.1607044 0.01067358 -0.9948746 0.09625703 -0.03097116 -0.9495624 0.3134191 -0.009991765 -0.9954892 0.09434759 -0.009991586 -0.3762131 -0.9264718 0.01067012 -0.3742072 -0.9267967 0.03188914 -0.1606557 -0.9869529 0.01067286 -0.09621024 -0.9948788 -0.03098195 -0.3134192 -0.9495623 -0.009993612 -0.09430027 -0.9954937 -0.009993433 0.9264714 -0.3762142 0.01067131 0.9267961 -0.3742085 0.03189051 0.9869526 -0.1606571 0.01067411 0.9948743 -0.09626013 -0.03097188 0.9495615 -0.313422 -0.00999242 0.9954889 -0.09435075 -0.009992241 0.3762162 0.9264705 0.01067006 0.3742105 0.9267954 0.0318892 0.1606591 0.9869523 0.01067286 0.09621399 0.9948784 -0.03098195 0.3134227 0.9495611 -0.009993612 0.0943039 0.9954934 -0.009993433 -0.9166147 0.3989745 0.02524101 -0.9781985 0.2070541 0.0160067 -0.9782014 0.207015 0.01633834 -0.9975985 0.06644517 -0.01955479 -0.9975898 0.0664817 -0.01987123 -0.9904349 -0.1350036 -0.02851158 -0.843654 -0.5359192 0.03222799 -0.7194013 -0.6942771 0.02100384 -0.7193329 -0.6943293 0.02161186 -0.5521164 -0.8329268 -0.03742474 -0.552031 -0.8330259 -0.03646492 -0.3738573 -0.9264971 -0.04282474 -0.02839338 -0.9988996 0.03732872 0.172977 -0.9841526 0.03902268 0.1728768 -0.9842361 0.03732353 0.6584554 -0.7517152 -0.03688883 0.6587441 -0.7516735 -0.03229951 0.795975 -0.6048041 -0.02521795 0.8028806 -0.5961074 0.006231069 0.9057753 -0.4231623 0.02246987 0.905848 -0.4232494 0.01730114 0.9450354 0.3255693 -0.03021341 0.9451404 0.3256546 -0.02567017 0.8608558 0.5086017 -0.01586031 0.8064565 0.5901973 0.0359894 0.6715576 0.7396879 0.04326975 0.6718727 0.7396113 0.03952461 0.3110514 0.9499015 -0.03056538 0.3109971 0.9499415 -0.02986747 0.1139178 0.9929089 -0.03398126 -0.2407282 0.9700392 0.03277045 -0.4305496 0.9021825 0.02633988 -0.4305057 0.9022175 0.02585518 -0.5817049 0.813244 -0.01593226 -0.5816732 0.8132606 -0.01623523 -0.7328564 0.6799135 -0.02528375 -0.999995 0.00319457 0 -0.9991013 0.01583164 -0.03932088 0.9995493 0.004236757 0.02971941 0.9999093 0.01347243 0 0 0 -1 -2.14132e-7 0 -1 -1.81186e-6 0 -1 4.29059e-6 0 -1 -8.29468e-7 0 -1 -1.58585e-6 0 -1 -2.37928e-6 0 -1 0 0 -1 0 0 -1 -4.22819e-6 0 -1 5.95944e-7 0 -1 -2.70197e-6 0 -1 1.01307e-6 0 -1 3.85347e-7 0 -1 -4.03498e-7 0 -1 -2.11017e-5 0 -1 0 0 -1 0 0 -1 -4.74577e-6 0 -1 8.56776e-7 0 -1 -1.66106e-7 0 -1 5.42906e-7 0 -1 1.34953e-6 0 -1 -3.35179e-6 0 -1 -2.03591e-7 0 -1 -2.32413e-7 0 -1 1.24842e-6 0 -1 -2.05161e-7 0 -1 -3.25739e-7 0 -1 2.80971e-7 0 -1 -2.95671e-7 0 -1 -3.82728e-7 0 -1 3.2962e-7 0 -1 0 0 -1 1.36448e-7 0 -1 -4.94542e-7 0 -1 0 0 -1 0 0 -1 0 0 -1 3.09493e-7 0 -1 2.16722e-7 0 -1 -1.9984e-7 0 -1 1.67012e-7 0 -1 -1.95171e-7 0 -1 6.39308e-7 0 -1 -4.05229e-7 0 1 4.68027e-7 0 1 0 0 1 -4.22826e-6 0 1 -1.6052e-7 0 1 -9.1671e-7 0 1 0 0 1 -2.5501e-6 0 1 -3.91862e-7 0 1 -3.79662e-6 0 1 6.85421e-7 0 1 3.21788e-6 0 1 0 0 1 0 0 1 8.5653e-7 0 1 -3.0474e-7 0 1 -1.25633e-7 0 1 -1.62873e-7 0 1 -8.07257e-7 0 1 -6.9812e-7 0 1 1.08581e-6 0 1 -1.12541e-6 0 1 1.35851e-6 0 1 -8.33039e-7 0 1 -6.38284e-7 0 1 3.82797e-7 0 1 5.61944e-7 0 1 2.64688e-6 0 1 -5.6194e-7 0 1 -1.99805e-7 0 1 3.05869e-7 0 1 1.51189e-6 0 1 -1.60164e-6 0 1 -1.9021e-7 0 1 0 0 1 -3.35696e-7 0 1 -4.85589e-7 0 1 3.17454e-7 0 1 0 0 1 -1.0913e-6 0 1 -2.6413e-7 0 1 0.6337537 0.7723285 -0.04318398 0.8119677 0.5817545 -0.04764658 0.6335426 0.7722379 -0.04766899 0.3722723 0.9263665 0.0570836 0.3719274 0.9259876 0.0649392 0.1195032 0.9911924 0.05706775 -0.6389653 0.767772 0.04743033 -0.6390718 0.7678363 0.04488486 -0.8160465 0.5760387 0.04740864 -0.9637082 -0.2653016 -0.02969133 -0.7732601 -0.6305298 0.06709063 -0.7725979 -0.6303105 0.07616609 -0.5901462 -0.8045042 0.06708687 -0.1904335 -0.9804144 -0.05022674 -0.429971 -0.9020165 -0.03861629 -0.1900599 -0.9810124 -0.0386272 0.3160673 -0.9478357 0.04134094 0.3165594 -0.9469398 0.05563414 0.5436174 -0.8383157 0.04131752 0.7417196 -0.6690413 -0.04728543 0.5514995 -0.833598 -0.03102666 0.7428553 -0.6687325 -0.03103202 -0.9998595 -0.002215504 -0.01662153 -0.9999949 0.00321573 0 0.9999958 -0.002910614 0 0.9998958 -0.006959021 0.01265519 -0.003855347 0.999526 -0.03054624 0.008525848 0.9996738 0.02407532 -0.7633739 0.6441912 -0.04772979 -0.5703431 0.819701 -0.0529071 -0.7632643 0.6439144 -0.05293321 -0.9198932 0.3874404 0.06071609 -0.9195184 0.387125 0.06797337 -0.9888852 0.1357272 0.06069773 -0.9195169 -0.3871283 -0.06797385 -0.9888847 -0.1357308 -0.06069827 -0.9198918 -0.3874437 -0.06071662 -0.7632637 -0.6439153 0.05293214 -0.7633733 -0.6441919 0.04772871 -0.5703423 -0.8197017 0.05290603 0.00852549 -0.9996739 -0.02407538 -0.003855705 -0.999526 0.0305463 0.7723303 -0.6337515 -0.04318481 0.5817567 -0.8119662 -0.04764753 0.7722396 -0.6335406 -0.04766994 0.9263666 -0.3722723 0.05708342 0.9259877 -0.3719273 0.06493902 0.9911982 -0.1194556 0.05706715 0.9259893 0.3719232 -0.06493854 0.9911987 0.1194512 -0.05706661 0.9263682 0.3722682 -0.05708283 0.7722405 0.6335397 0.04766935 0.7723311 0.6337507 0.04318416 0.5817577 0.8119655 0.04764693 8.03833e-4 0.9995473 -0.03007555 0.008528947 0.999958 0.003385901 -0.7636941 0.6455782 -3.91273e-4 -0.5712155 0.8206692 -0.01466709 -0.7641386 0.6448853 -0.01467764 -0.7531957 0.6558508 0.05055719 -0.7533115 0.6559004 0.04813086 -0.8974023 0.4383104 0.0505287 -0.9193869 -0.3872366 -0.06910592 -0.9880754 -0.1355053 -0.07311183 -0.9190825 -0.3872182 -0.07313871 -0.8232685 -0.5642775 0.06180572 -0.8234757 -0.5648336 0.05339556 -0.6488322 -0.7584204 0.06177061 0.008526206 -0.9996737 -0.02407753 -0.003855705 -0.9995259 0.03054845 0.7723241 -0.6337591 -0.04318726 0.5817487 -0.8119718 -0.0476495 0.7722333 -0.6335482 -0.04767197 0.9263683 -0.3722679 0.05708307 0.9259895 -0.3719228 0.06493908 0.9911988 -0.1194508 0.05706685 0.9259892 0.3719232 -0.06493961 0.9911987 0.1194512 -0.05706733 0.9263682 0.3722681 -0.05708354 0.772233 0.6335488 0.04767018 0.7723236 0.6337597 0.04318559 0.5817481 0.8119723 0.04764771 -0.7633674 0.6441985 -0.0477336 -0.5703348 0.8197066 -0.05291044 -0.7632575 0.6439222 -0.05293655 -0.9198931 0.3874408 0.06071615 -0.9195181 0.3871253 0.06797373 -0.9888852 0.1357277 0.06069779 -0.9195185 -0.3871248 -0.06797331 -0.9888853 -0.135727 -0.06069737 -0.9198933 -0.3874402 -0.06071573 -0.7632578 -0.6439219 0.05293554 -0.7633676 -0.6441984 0.04773265 -0.570335 -0.8197064 0.05290949 0.008526504 -0.9996737 -0.02407753 -0.003855347 -0.9995259 0.03054845 0.7723234 -0.6337599 -0.04318559 0.5817479 -0.8119725 -0.04764777 0.7722328 -0.6335489 -0.04767018 0.9263682 -0.372268 0.05708324 0.9259893 -0.3719231 0.06493937 0.9911987 -0.1194511 0.05706703 0.9259893 0.371923 -0.06493937 0.9911987 0.119451 -0.05706709 0.9263682 0.372268 -0.05708336 0.772234 0.6335474 0.0476709 0.7723248 0.6337583 0.04318624 0.5817496 0.8119711 0.04764848 -0.003855705 0.9995259 -0.03054845 0.008526206 0.9996737 0.02407753 -0.003855347 0.9995261 -0.03054195 0.008526206 0.9996739 0.02407538 0.7723321 -0.6337495 -0.04318523 0.5817588 -0.8119646 -0.04764801 0.7722411 -0.6335386 -0.04767048 0.9263678 -0.3722693 0.05708295 0.9259889 -0.3719243 0.06493866 0.9911985 -0.1194524 0.05706673 0.9259875 0.3719276 -0.06493842 0.9911981 0.119456 -0.05706655 0.9263663 0.3722727 -0.05708277 0.7722371 0.6335436 0.04766911 0.7723278 0.6337546 0.04318404 0.5817536 0.8119685 0.0476467 0.008525848 -0.9996739 -0.02407318 -0.003855347 -0.999526 0.03054624 -0.7633759 0.6441888 -0.04772955 -0.5703456 0.8196992 -0.05290693 -0.7632662 0.6439123 -0.05293297 -0.919892 0.3874435 0.06071674 -0.919517 0.3871281 0.06797397 -0.9888847 0.1357305 0.06069839 -0.9195183 -0.3871251 -0.06797325 -0.9888852 -0.1357275 -0.06069761 -0.9198932 -0.3874406 -0.06071603 -0.7632653 -0.6439132 0.05293327 -0.7633749 -0.6441899 0.04772984 -0.5703444 -0.8197 0.05290716 -0.2965837 0.9523482 -0.07121229 -0.04118353 0.9978332 -0.05131101 -0.2982705 0.9531015 -0.05130743 -0.9531009 0.2982721 0.05130851 -0.9523476 0.2965853 0.07121342 -0.9978351 0.04113733 0.05131179 -0.9523476 -0.296585 -0.07121437 -0.9978351 -0.04113698 -0.0513128 -0.9531009 -0.2982718 -0.05130952 -0.2982724 -0.9531008 0.05130821 -0.2965856 -0.9523475 0.07121294 -0.04113763 -0.997835 0.05131143 0.296588 -0.9523467 -0.07121384 0.04114007 -0.997835 -0.05131232 0.2982748 -0.9531 -0.0513091 0.9531003 -0.2982735 0.05130964 0.952347 -0.2965869 0.07121431 0.997833 -0.0411868 0.05131322 0.9523478 0.2965843 -0.07121372 0.9978331 0.04118406 -0.05131256 0.9531012 0.298271 -0.05130898 0.2982724 0.9531008 0.05130976 0.2965857 0.9523474 0.07121461 0.04118555 0.9978331 0.05131328 -0.2965857 0.9523474 -0.07121366 -0.04113769 0.9978351 -0.0513122 -0.2982724 0.9531008 -0.05130898 -0.9531009 0.2982718 0.05130958 -0.9523475 0.296585 0.07121437 -0.9978351 0.04113709 0.0513128 -0.952348 -0.2965838 -0.07121354 -0.9978352 -0.04113572 -0.05131191 -0.9531014 -0.2982706 -0.05130869 -0.2982704 -0.9531015 0.05130815 -0.2965835 -0.9523481 0.07121306 -0.04118341 -0.9978332 0.05131167 0.2965856 -0.9523474 -0.0712139 0.04118555 -0.997833 -0.0513125 0.2982724 -0.9531008 -0.05130898 0.9017946 -0.430264 0.04049146 0.90151 -0.4296756 0.05156451 0.9824474 -0.1820912 0.04049551 0.9522951 0.2978968 -0.06626856 0.9974408 0.04111838 -0.05849063 0.952708 0.2982051 -0.05849087 0.8817715 0.4712142 0.02088928 0.8816866 0.4717308 0.009940564 0.7297657 0.6833785 0.02087628 0.1548154 0.9879156 0.007418334 0.1527143 0.9877934 0.03070151 -0.1061026 0.9943276 0.007415056 -0.2965856 0.9523474 -0.07121372 -0.04113763 0.997835 -0.0513122 -0.9531009 0.298272 0.05130958 -0.9523475 0.2965852 0.07121437 -0.997835 0.04113721 0.0513128 -0.9523475 -0.2965852 -0.07121402 -0.9978351 -0.04113715 -0.05131244 -0.9531009 -0.2982719 -0.05130922 -0.2982724 -0.9531008 0.05130898 -0.2965856 -0.9523474 0.07121384 -0.04113763 -0.997835 0.0513122 0.2965846 -0.9523478 -0.07121306 0.04113662 -0.9978351 -0.05131143 0.2982715 -0.9531011 -0.05130821 0.9531005 -0.2982732 0.05130928 0.9523471 -0.2965865 0.07121419 0.997835 -0.04113841 0.05131256 0.9523468 0.296588 -0.07121402 0.997835 0.04113996 -0.05131238 0.9531001 0.2982747 -0.0513091 0.2982717 0.953101 0.05130904 0.296585 0.9523476 0.07121384 0.04113698 0.997835 0.05131226 -0.2965856 0.9523474 -0.07121378 -0.2982724 0.9531008 -0.05130898 -0.9531009 0.2982719 0.05130922 -0.9523475 0.2965852 0.07121402 -0.9978351 0.04113715 0.05131244 -0.9523475 -0.2965852 -0.07121437 -0.997835 -0.04113721 -0.0513128 -0.9531009 -0.298272 -0.05130958 -0.2982724 -0.9531008 0.05130898 -0.2965856 -0.9523474 0.07121372 -0.04113763 -0.997835 0.0513122 0.2965847 -0.9523478 -0.07121372 0.04113662 -0.9978351 -0.0513122 0.2982714 -0.9531011 -0.05130898 0.9531005 -0.2982732 0.05130952 0.9523471 -0.2965865 0.07121437 0.997835 -0.04113852 0.0513128 0.9523471 0.2965865 -0.07121437 0.997835 0.04113847 -0.0513128 0.9531005 0.2982732 -0.05130952 0.2982715 0.9531011 0.05130821 0.2965847 0.9523478 0.07121306 0.04113668 0.9978352 0.05131143 -0.6913443 0.7225255 0 -0.6913445 0.7225253 0 0.2796266 0.9601089 0 0.2796264 0.9601089 0 0.9713344 0.2377176 0 0.9713344 0.2377171 0 0.6913443 -0.7225255 0 0.6913445 -0.7225253 0 -0.2796245 -0.9601095 0 -0.2796243 -0.9601095 0 -0.9713344 -0.2377171 0 -0.9713345 -0.2377167 0 -2.33192e-6 0 -1 2.71394e-6 0 -1 -2.88406e-6 0 -1 -1.76286e-6 0 -1 1.84263e-6 0 -1 2.81264e-6 0 1 2.10949e-6 0 1 3.31963e-6 0 1 3.04753e-6 0 1 -3.31963e-6 0 1 -3.13354e-6 0 1 -0.9379345 0.3460411 0.02311921 -0.9378333 0.3454087 0.03408306 -0.9893862 0.1434604 0.0231142 -0.9990361 -0.03381872 -0.02798736 -0.984616 0.1740062 -0.01590937 -0.9992786 -0.03449124 -0.01589894 -0.7674677 -0.6407178 0.02177774 -0.7669662 -0.6409003 0.03177577 -0.61748 -0.7862853 0.02177411 -0.3841509 -0.9223911 -0.04028373 -0.5674474 -0.8228022 -0.03162479 -0.3839655 -0.9228058 -0.03162288 0.07441216 -0.996695 0.03258919 0.07458758 -0.9964398 0.03930187 0.2800751 -0.9594249 0.03258752 0.6051487 -0.7952226 -0.03763133 0.4268648 -0.9038084 -0.03027987 0.60549 -0.7952765 -0.03028821 0.9379341 -0.3460423 0.02311956 0.9378328 -0.3454099 0.0340833 0.9893859 -0.1434618 0.02311456 0.9990362 0.03381508 -0.02798759 0.9846154 -0.1740098 -0.01590973 0.9992787 0.03448754 -0.0158993 0.7674672 0.6407182 0.02177751 0.7669658 0.6409008 0.03177571 0.6174795 0.7862856 0.02177387 0.3841567 0.9223886 -0.04028606 0.5674526 0.8227985 -0.03162682 0.3839715 0.9228032 -0.03162491 -0.0744127 0.9966948 0.03259372 -0.07458764 0.9964395 0.03930664 -0.2800753 0.9594246 0.03259205 -0.6051477 0.7952234 -0.03763139 -0.4268636 0.9038091 -0.03027981 -0.605489 0.7952772 -0.03028815 4.28721e-6 0 1 -2.68631e-6 0 1 -2.30352e-6 0 1 -2.91722e-6 0 1 0.9675757 0.2475244 0.0502901 0.9026408 0.4295454 0.02702528 0.9023316 0.4300312 0.02951246 0.7829831 0.6186642 -0.0647459 0.7830036 0.6186125 -0.06499302 0.6479637 0.7575834 -0.07880681 -0.1414012 0.9867919 0.07904034 -0.3298246 0.9418633 0.06410354 -0.3298714 0.9418296 0.06435906 -0.618665 0.7829826 -0.06474548 -0.6186132 0.783003 -0.06499266 -0.7575841 0.6479629 -0.07880681 -0.9918397 -0.1043096 0.07330572 -0.95368 -0.2946386 0.06068474 -0.9536848 -0.2946317 0.06064337 -0.7831846 -0.6180869 -0.06775349 -0.7831367 -0.6182277 -0.06701886 -0.6481783 -0.7575953 -0.0769059 -0.1625935 -0.9854201 0.05010592 0.03237658 -0.9981234 0.05197578 0.03220254 -0.9982399 0.04980242 0.6174861 -0.7847288 -0.05396127 0.6179305 -0.7847292 -0.04860061 0.7583323 -0.6506408 -0.03998577 0.6901817 -0.7223883 -0.04247802 0.8172669 -0.5760986 -0.01360636 0.8175273 -0.575513 -0.02083402 1.34457e-6 0 -1 -1.34457e-6 0 -1 -0.4686253 0.8833971 0 -0.4686262 0.8833966 0 0.5303391 0.8477856 0 0.530339 0.8477858 0 0.9993669 -0.03557872 0 0.9993669 -0.03557956 0 0.4686253 -0.8833971 0 0.468626 -0.8833967 0 -0.5303391 -0.8477856 0 -0.9993669 0.0355792 0 -0.9993669 0.03557914 0 -2.04159e-6 0 -1 3.1187e-6 0 -1 -1.85628e-6 0 -1 1.85629e-6 0 -1 2.0416e-6 0 -1 2.0145e-6 0 -1 -3.11869e-6 0 -1 -2.0145e-6 0 -1 2.74195e-6 0 1 -3.12146e-6 0 1 1.57949e-6 0 1 -1.37099e-6 0 1 3.12144e-6 0 1 -1.57949e-6 0 1 -0.9226922 0.3847959 -0.0239039 -0.8225187 0.5681732 -0.02534389 -0.9226645 0.3847691 -0.02535724 -0.9537652 0.2994774 0.02540498 -0.9538029 0.299475 0.02397674 -0.9951905 0.09461128 0.02539253 -0.8488844 -0.527581 -0.03246247 -0.9400119 -0.3394867 -0.03356146 -0.8488481 -0.5275701 -0.03356945 -0.6690974 -0.7421105 0.03975921 -0.6689924 -0.74204 0.04272907 -0.5000777 -0.8650681 0.03974366 0.03471368 -0.9984738 -0.04295587 -0.1737518 -0.9839787 -0.03995597 0.03474861 -0.9985966 -0.03996753 0.3097981 -0.9502131 0.03347057 0.3098195 -0.9502456 0.03233122 0.500652 -0.8650018 0.03345888 0.9226902 -0.3848006 -0.02390289 0.8225159 -0.5681774 -0.02534282 0.9226626 -0.3847737 -0.02535617 0.9537647 -0.2994788 0.02540439 0.9538025 -0.2994762 0.02397626 0.9951904 -0.09461265 0.02539193 0.8488857 0.5275784 -0.03246575 0.9400129 0.3394837 -0.03356474 0.8488497 0.5275673 -0.03357273 0.6690999 0.7421081 0.03976142 0.6689952 0.7420375 0.04273098 0.5000808 0.8650662 0.03974586 -0.03471875 0.9984738 -0.04295158 0.1737468 0.9839797 -0.03995192 -0.03475397 0.9985966 -0.03996354 -0.3097943 0.9502143 0.03347152 -0.3098156 0.9502469 0.03233206 -0.5006486 0.8650038 0.03345984 0.9241074 -0.380343 -0.03694057 0.9238291 -0.3808131 -0.03900283 0.9788296 -0.1956208 -0.06020867 0.6621169 0.7469701 0.06030809 0.5069074 0.8611881 0.0374208 0.506408 0.8613909 0.03945547 0.3803429 0.9241077 -0.03693705 0.380813 0.9238293 -0.03899937 0.1956207 0.9788299 -0.06020539 -0.7469685 0.6621186 0.06030851 -0.8611868 0.5069093 0.03742086 -0.8613898 0.5064098 0.03945559 -0.9241077 0.3803427 -0.03693974 -0.9238293 0.3808128 -0.039002 -0.9788298 0.1956205 -0.06020808 -0.6621177 -0.7469696 0.06030571 -0.5069081 -0.8611876 0.03741824 -0.5064089 -0.8613906 0.03945297 -0.3803424 -0.9241077 -0.0369395 -0.3808127 -0.9238293 -0.03900182 -0.1956204 -0.9788298 -0.0602079 0.7469683 -0.662119 0.06030595 0.8611868 -0.5069097 0.03741842 0.8613896 -0.5064104 0.03945308 0 0 1 -1.47515e-7 0 1 -2.33034e-6 0 1 3.48152e-7 0 1 -4.70737e-7 0 1 5.83875e-7 0 1 -1.57781e-7 0 1 2.58527e-7 0 1 2.97731e-7 0 1 -3.16156e-7 0 1 1.57737e-7 0 1 1.03952e-6 0 1 2.58489e-7 0 1 6.65107e-7 0 1 7.2442e-7 0 1 -2.98028e-7 0 1 -7.91296e-7 0 1 2.07214e-6 0 1 0 0 1 -5.57293e-7 0 1 0 0 1 2.22671e-7 0 1 2.35083e-7 0 1 -3.95383e-7 0 1 3.15809e-7 0 1 -5.82129e-7 0 1 2.33578e-6 0 1 0 0 1 -3.1637e-7 0 1 1.57859e-7 0 1 1.58003e-7 0 1 0 0 -1 0 -6.89438e-7 -1 4.46488e-7 -1.35985e-7 -1 1.57781e-7 0 -1 2.58527e-7 5.89461e-7 -1 0 -2.28308e-7 -1 1.04332e-6 3.85519e-7 -1 -2.46626e-7 1.20182e-7 -1 0 -4.9754e-7 -1 -4.46071e-7 -1.64829e-7 -1 -1.58078e-7 0 -1 0 0 -1 -1.58148e-7 0 -1 -1.03952e-6 4.73612e-7 -1 0 1.98112e-7 -1 -1.29281e-7 -5.97543e-7 -1 0 0 -1 0 0 -1 0 -4.82275e-7 -1 2.22918e-7 -2.03126e-7 -1 0 2.56382e-7 -1 0 6.65568e-7 -1 0 -2.26759e-7 -1 0 2.14527e-7 -1 -2.58489e-7 -4.96914e-7 -1 0 0 -1 -4.45633e-7 0 -1 4.83125e-7 0 -1 -1.03363e-6 0 -1 2.22899e-7 0 -1 0 0 -1 1.03567e-6 1.26331e-7 -1 0 -4.22077e-7 -1 0 0 -1 -4.36597e-7 5.25662e-7 -1 0 -1.23941e-7 -1 -1.16833e-6 3.64407e-7 -1 4.72999e-7 0 -1 0 1.31988e-7 -1 0 0 -1 -3.14819e-7 0 -1 0 0 -1 -1.57859e-7 0 -1 0 0 -1 -0.04981666 -0.9987246 0.008215248 -0.04985678 -0.9987467 0.004407167 -0.1668069 -0.9859866 -0.002425372 -0.07010799 -0.9975385 0.0014081 -0.1868142 -0.9823558 -0.008810222 -0.186755 -0.9823938 -0.005023837 -0.2819789 -0.9593809 0.008732438 -0.2820486 -0.9593871 0.005014061 -0.3928175 -0.9196155 -0.00132662 -0.3027742 -0.9530614 0.001317083 -0.4126963 -0.9108269 -0.008735358 -0.4126475 -0.9108771 -0.005014002 -0.4994589 -0.8662935 0.008734107 -0.499529 -0.8662829 0.004996776 -0.5978173 -0.8016314 -0.001313626 -0.5181802 -0.8552705 0.001315116 -0.6150684 -0.7884255 -0.008732676 -0.6150327 -0.7884857 -0.005012631 -0.6889642 -0.7247429 0.008731007 -0.6890289 -0.7247166 0.005014419 -0.7693814 -0.6387884 -0.001331508 -0.6861801 -0.7271467 0.02036303 -0.7663492 -0.6424244 -7.00494e-5 -0.7667949 -0.6418761 0.00455141 -0.7930185 -0.6087228 -0.02404898 -0.8571018 -0.5151042 0.006651103 -0.8580467 -0.5135691 0.001661598 -0.8418719 -0.5396665 0.00342226 -0.8413789 -0.5404117 0.006067931 -0.8978987 -0.4394345 0.02598917 -0.9069703 -0.4203919 -0.0259965 -0.9495208 -0.3136855 -0.003430426 -0.9497885 -0.3128336 -0.00607419 -0.9450796 -0.3268225 0.00342226 -0.9447752 -0.327663 0.006068229 -0.9759958 -0.2162339 0.02598512 -0.9803473 -0.1955595 -0.02599072 -0.9966352 -0.08189415 -0.003421187 -0.9966955 -0.08100187 -0.006067693 -0.9938385 -0.1106379 -0.006652772 -0.9936581 -0.112432 -0.001664519 -0.9997075 0.00261116 0.024046 -0.9989609 0.04557693 8.09124e-5 -0.9989825 0.04487085 -0.004542589 -0.9866442 0.1616142 -0.02035093 -0.9991642 0.04085642 0.001337707 -0.9873969 0.1580225 -0.008728265 -0.9874325 0.1579623 -0.005012869 -0.9712519 0.2379862 0.00571084 -0.9712458 0.2380483 0.00384736 -0.9363765 0.350993 0.00176537 -0.9617074 0.273903 -0.009805917 -0.9228826 0.3850253 -0.006584346 -0.9229585 0.3848618 -0.005384922 -0.9205613 0.3905801 0.003783166 -0.9206855 0.3902639 0.005695939 -0.8683595 0.4956306 0.0173859 -0.8702943 0.4918459 -0.02599304 -0.8084293 0.5885835 -0.0034312 -0.8078925 0.5892987 -0.00607711 -0.8164874 0.5773531 0.003432929 -0.8169929 0.5766158 0.006078124 -0.7446573 0.6669403 0.02600139 -0.7476386 0.6638784 -0.01738184 -0.6648402 0.7469761 -0.003784477 -0.6645806 0.7471949 -0.005696237 -0.6603069 0.750967 0.006588459 -0.6601762 0.7510916 0.005386769 -0.5674704 0.8233354 0.00981003 -0.6323996 0.7746405 -0.001769363 -0.5365145 0.8438719 -0.00571227 -0.5365715 0.8438463 -0.003846704 -0.479973 0.8772647 0.005712151 -0.4799231 0.8773022 0.003849506 -0.3730521 0.9278087 0.001759409 -0.469618 0.8828558 0.004951059 -0.362136 0.9321228 -0.002155244 -0.3621003 0.9321392 2.84654e-6 -0.3341482 0.9425181 0.002153694 -0.3341858 0.9425073 -2.83116e-6 -0.2206113 0.9753494 -0.004942119 -0.3230641 0.9463755 -0.001772999 -0.2091187 0.9778736 -0.005712985 -0.209181 0.9778694 -0.003850102 -0.1444395 0.9894972 0.005712866 -0.1443796 0.9895149 0.003849148 -0.02665787 0.9996432 0.001760601 -0.1327877 0.9911322 0.004953503 -0.01492488 0.9998863 -0.002154588 -0.01488584 0.9998893 2.84425e-6 0.01492452 0.9998864 0.002154588 0.01488548 0.9998893 -2.83116e-6 0.1327873 0.9911322 -0.004953503 0.02665781 0.9996431 -0.001761496 0.1444394 0.9894971 -0.005713701 0.1443796 0.989515 -0.003849923 0.2091191 0.9778735 0.005712151 0.2091814 0.9778693 0.003849267 0.3230645 0.9463754 0.001772224 0.220611 0.9753494 0.004942119 0.3341479 0.9425182 -0.002153694 0.3341856 0.9425074 2.84424e-6 0.3621359 0.9321228 0.002155244 0.3621003 0.9321392 -2.83344e-6 0.469618 0.882856 -0.004951059 0.3730521 0.9278088 -0.001758933 0.479973 0.8772648 -0.005711674 0.479923 0.8773022 -0.003848969 0.5365147 0.8438718 0.005711734 0.5365717 0.843846 0.003846228 0.6323998 0.7746403 0.001768887 0.5674701 0.8233357 -0.00981003 0.6603066 0.7509673 -0.006588518 0.6601759 0.7510918 -0.005386769 0.6648404 0.746976 0.003784418 0.6645808 0.7471948 0.005696237 0.7476387 0.6638782 0.01738184 0.7446571 0.6669407 -0.02600133 0.8164872 0.5773535 -0.00343281 0.8169927 0.5766161 -0.006078004 0.8084295 0.5885831 0.003431081 0.8078927 0.5892983 0.006076991 0.8702945 0.4918455 0.02599292 0.8683595 0.4956307 -0.01738601 0.9205612 0.3905802 -0.003783226 0.9206855 0.390264 -0.005695998 0.9228827 0.3850252 0.006584346 0.9229587 0.3848616 0.005384922 0.9617075 0.2739028 0.009805917 0.9363764 0.3509932 -0.00176531 0.9712517 0.2379863 -0.00571084 0.9712457 0.2380484 -0.00384736 0.987397 0.1580225 0.008728206 0.9874324 0.1579623 0.005012869 0.9991642 0.04085648 -0.001337707 0.9866441 0.1616144 0.02035087 0.9989609 0.0455771 -8.09412e-5 0.9989826 0.04487103 0.004542589 0.9997075 0.00261116 -0.024046 0.9938386 -0.1106379 0.006652891 0.993658 -0.112432 0.001664578 0.9966351 -0.08189451 0.003421306 0.9966955 -0.08100223 0.006067752 0.9803473 -0.1955599 0.02599078 0.975996 -0.2162333 -0.02598512 0.9450798 -0.3268221 -0.003422379 0.9447754 -0.3276624 -0.006068348 0.9495208 -0.3136855 0.003430545 0.9497886 -0.3128336 0.006074309 0.9069702 -0.4203919 0.02599656 0.8978986 -0.4394345 -0.02598905 0.8418719 -0.5396667 -0.003422141 0.8413789 -0.5404118 -0.006067812 0.8571017 -0.5151042 -0.006651163 0.8580467 -0.5135692 -0.001661658 0.7930185 -0.6087228 0.02404892 0.766349 -0.6424245 6.96816e-5 0.7667948 -0.6418763 -0.004551827 0.6861799 -0.7271469 -0.02036345 0.7693813 -0.6387884 0.001331448 0.6889642 -0.7247428 -0.008731126 0.6890289 -0.7247166 -0.005014538 0.6150686 -0.7884254 0.008733689 0.615033 -0.7884855 0.005013644 0.5181804 -0.8552703 -0.001314043 0.5978172 -0.8016314 0.001312673 0.4994589 -0.8662937 -0.00873506 0.4995279 -0.8662832 -0.005015015 0.412696 -0.910827 0.008734703 0.4126473 -0.9108772 0.005013346 0.302774 -0.9530615 -0.001317799 0.3928174 -0.9196156 0.001326918 0.2819787 -0.9593809 -0.00873214 0.2820484 -0.9593871 -0.005013763 0.1868148 -0.9823557 0.008810698 0.1867556 -0.9823936 0.005024313 0.07010853 -0.9975385 -0.001407444 0.1668071 -0.9859866 0.002425253 0.04981684 -0.9987247 -0.008215248 0.04985696 -0.9987468 -0.004407227 -0.03339093 -0.9994424 0 -0.03353828 -0.999418 -0.00624144 -0.2908744 -0.9567613 0 -0.3154958 -0.9488623 0.01107996 -0.05932241 -0.9982227 0.005687892 -0.3156111 -0.9488716 0.005684077 -0.4477714 -0.8941301 -0.005682647 -0.4478467 -0.8940416 -0.01108658 -0.6638574 -0.7478377 -0.005685985 -0.6829484 -0.7304397 0.006270825 -0.470816 -0.8822315 0 -0.6830708 -0.7303522 0 -0.7303522 -0.6830709 0 -0.7304397 -0.6829485 -0.006270825 -0.8822314 -0.4708161 0 -0.8940417 -0.4478468 0.01108664 -0.7478376 -0.6638574 0.005686104 -0.89413 -0.4477714 0.005682647 -0.9488716 -0.3156113 -0.005684018 -0.9488623 -0.315496 -0.01107984 -0.9982227 -0.05932259 -0.005687654 -0.999418 -0.03353828 0.00624144 -0.9567613 -0.2908744 0 -0.9994425 -0.03339093 0 -0.9994424 0.03339082 0 -0.999418 0.03353816 -0.00624144 -0.9567613 0.2908743 0 -0.9488621 0.3154962 0.01107984 -0.9982227 0.05932277 0.005687773 -0.9488716 0.3156114 0.005683958 -0.8941304 0.4477709 -0.005682766 -0.8940419 0.4478464 -0.01108664 -0.747838 0.663857 -0.005686044 -0.7304394 0.6829488 0.006270825 -0.8822312 0.4708166 0 -0.7303518 0.6830712 0 -0.683036 0.7303847 0 -0.6829137 0.7304722 -0.00626856 -0.4708163 0.8822313 0 -0.4478465 0.8940418 0.01108652 -0.6638571 0.7478379 0.005685985 -0.4477711 0.8941303 0.005682528 -0.3156113 0.9488716 -0.005684137 -0.315496 0.9488623 -0.01107996 -0.05932259 0.9982227 -0.005687773 -0.03353816 0.999418 0.00624144 -0.2908743 0.9567613 0 -0.03339082 0.9994424 0 0.03339093 0.9994424 0 0.03353828 0.999418 -0.00624144 0.2908744 0.9567613 0 0.3154958 0.9488623 0.01107996 0.05932241 0.9982227 0.005687892 0.3156111 0.9488716 0.005684077 0.4477714 0.8941301 -0.005682647 0.4478467 0.8940416 -0.01108658 0.6638574 0.7478377 -0.005685985 0.6829484 0.7304397 0.006270825 0.470816 0.8822315 0 0.6830708 0.7303522 0 0.7303522 0.6830709 0 0.7304397 0.6829485 -0.006270825 0.8822314 0.4708161 0 0.8940417 0.4478468 0.01108664 0.7478376 0.6638574 0.005686104 0.89413 0.4477714 0.005682647 0.9488716 0.3156113 -0.005684018 0.9488623 0.315496 -0.01107984 0.9982227 0.05932259 -0.005687654 0.999418 0.03353828 0.00624144 0.9567613 0.2908744 0 0.9994425 0.03339093 0 0.9994424 -0.03339082 0 0.999418 -0.03353816 -0.00624144 0.9567613 -0.2908743 0 0.9488621 -0.3154962 0.01107984 0.9982227 -0.05932277 0.005687773 0.9488716 -0.3156114 0.005683958 0.8941304 -0.4477709 -0.005682766 0.8940419 -0.4478464 -0.01108664 0.747838 -0.663857 -0.005686044 0.7304394 -0.6829488 0.006270825 0.8822312 -0.4708166 0 0.7303518 -0.6830712 0 0.683036 -0.7303847 0 0.6829137 -0.7304722 -0.00626856 0.4708163 -0.8822313 0 0.4478465 -0.8940418 0.01108652 0.6638571 -0.7478379 0.005685985 0.4477711 -0.8941303 0.005682528 0.3156113 -0.9488716 -0.005684137 0.315496 -0.9488623 -0.01107996 0.05932259 -0.9982227 -0.005687773 0.03353816 -0.999418 0.00624144 0.2908743 -0.9567613 0 0.03339082 -0.9994424 0 0.688845 -0.7249087 0 0.688845 -0.7249086 0 0.688845 -0.7249087 0 0.6890884 -0.7246774 0 -0.283068 -0.9590998 0 -0.2830681 -0.9590999 0 -0.9721573 -0.2343292 0 -0.9721573 -0.2343292 0 -0.9721573 -0.2343292 -1.73402e-7 -0.9722357 -0.2340039 0 -0.688845 0.7249087 0 -0.688845 0.7249086 0 -0.688845 0.7249087 0 -0.6890886 0.7246772 0 0.2830703 0.9590992 0 0.2835299 0.9589634 0 0.2835299 0.9589634 5.43967e-7 0.2835299 0.9589634 0 0.9721571 0.2343307 0 0.9721571 0.2343307 0 0.9721571 0.2343307 0 0.9721571 0.2343302 0 0.9721571 0.2343302 0 0.9721571 0.2343302 0 -8.7307e-7 0 -1 -1.84257e-6 0 -1 6.54798e-7 0 -1 -0.9683654 0.2470542 0.03511124 -0.9978601 0.02737534 0.05937957 -0.9982832 0.02756702 0.05168056 -0.5185388 -0.8529893 -0.05938905 -0.5186066 -0.8534509 -0.05166113 -0.3180218 -0.9474337 -0.03509384 -0.2470588 -0.9683642 0.03510886 -0.02738004 -0.9978601 0.05937731 -0.02757191 -0.9982832 0.05167824 0.852988 -0.5185403 -0.05939185 0.8534472 -0.5186091 -0.05169612 0.9474329 -0.3180238 -0.03509658 0.9683654 -0.2470539 0.03511273 0.99786 -0.0273751 0.05938082 0.9982832 -0.02756673 0.05168181 0.5185419 0.8529872 -0.05939137 0.5186104 0.8534464 -0.0516957 0.3180253 0.9474324 -0.03509646 0.2470524 0.9683657 0.03511261 0.02737355 0.9978601 0.05938071 0.02756518 0.9982832 0.05168175 -0.852988 0.5185406 -0.05939149 -0.8534473 0.5186091 -0.05169582 -0.9474329 0.3180239 -0.03509646 1.7972e-6 0 1 3.36177e-6 0 1 -1.79719e-6 0 1 0.4511263 0.3192835 0.8333925 0.3688299 0.4120318 0.8331833 0.3774997 0.4197332 0.82542 -0.02907264 0.5430243 0.8392136 -0.1513734 0.5222764 0.8392339 -0.1531707 0.5316514 0.8329979 -0.5395316 0.1587026 0.8268731 -0.4824998 0.2695019 0.8334043 -0.5301548 0.1549827 0.8336164 -0.4511129 -0.3192719 0.8334042 -0.3688197 -0.4120168 0.8331952 -0.3774859 -0.419721 0.8254324 0.1531634 -0.5316486 0.8330011 0.0290656 -0.5430279 0.8392115 0.1513665 -0.5222736 0.839237 0.4824957 -0.2695018 0.8334068 0.530151 -0.1549826 0.8336189 0.5395278 -0.1587027 0.8268755 0.8223459 0.5689035 0.009810149 0.8221097 0.5690551 0.01766371 0.6623355 0.7491481 0.009429454 0.4048321 0.9138058 -0.03271412 0.6117477 0.790609 -0.02649968 0.4047794 0.9140306 -0.02649343 -0.04714536 0.998721 0.01827293 -0.04714596 0.9987239 0.01810967 -0.2847744 0.9584204 0.01827752 -0.902882 0.4294405 -0.01962107 -0.7738505 0.6329882 -0.02194255 -0.9028507 0.429394 -0.02194303 -0.8701096 0.4928582 7.59494e-5 -0.8701982 0.4926512 -0.007080435 -0.9627604 0.2703558 4.50786e-4 -0.8223468 -0.568902 0.009809315 -0.8221105 -0.5690539 0.0176627 -0.6623366 -0.7491471 0.00942862 -0.4048255 -0.9138087 -0.03271508 -0.611742 -0.7906133 -0.02650088 -0.4047729 -0.9140334 -0.02649468 0.04713076 -0.9987216 0.01827365 0.04713129 -0.9987246 0.01811033 0.2847603 -0.9584246 0.01827865 0.9028633 -0.4294797 -0.01962143 0.773823 -0.6330218 -0.02194195 0.902832 -0.4294332 -0.02194261 0.8701101 -0.4928575 7.5981e-5 0.8701986 -0.4926503 -0.007080554 0.9627607 -0.270355 4.50497e-4 -9.96949e-7 0 -1 1.45826e-6 0 -1 1.06607e-6 0 -1 0 0 -1 0 0 -1 -5.16222e-7 0 -1 -9.48211e-7 0 -1 3.69002e-7 0 -1 2.90271e-7 0 -1 2.55739e-7 0 -1 -7.84986e-7 0 -1 2.94372e-7 0 -1 1.4634e-6 0 -1 -3.69447e-6 0 1 5.76908e-6 0 1 3.20998e-7 0 1 3.85195e-6 0 1 -7.34946e-6 0 1 -1.07505e-6 0 1 5.8762e-6 0 1 7.68371e-7 0 1 -6.82393e-7 0 1 -1.51873e-6 0 1 6.27258e-7 0 1 3.69447e-6 0 1 -5.89901e-6 0 1 -3.63798e-6 0 1 -4.36555e-6 0 1 -3.22707e-6 0 1 1.36479e-6 0 1 -1.41323e-6 0 1 1.68775e-6 0 1 -3.13629e-7 0 1 3.46529e-6 0 1 -3.22706e-6 0 1 1.13451e-6 0 1 -2.21668e-6 0 1 4.4157e-7 0 1 9.35246e-6 0 1 1.72325e-6 0 1 4.59533e-6 0 1 1.30207e-6 0 1 -3.52776e-5 0 1 -7.77636e-7 0 1 2.43205e-6 0 1 -3.36767e-7 0 1 2.44225e-7 0 1 -2.2447e-7 0 1 -1.29638e-5 0 1 1.73264e-6 0 1 1.76388e-5 0 1 -3.36767e-7 0 1 -3.63669e-7 0 1 7.06617e-7 0 1 -4.91907e-7 0 1 2.29767e-6 0 1 -6.51033e-7 0 1 -3.86691e-7 0 1 4.15769e-6 0 1 -3.63798e-6 0 1 7.34944e-6 0 1 -1.20231e-5 0 1 -1.2581e-6 0 1 -1.13451e-6 0 1 6.73534e-7 0 1 -1.10483e-6 0 1 1.51873e-6 0 1 -9.40885e-7 0 1 1.29638e-5 0 1 -1.73264e-6 0 1 -6.08012e-7 0 1 -2.0206e-6 0 1 1.09101e-6 0 1 7.06614e-7 0 1 4.91905e-7 0 1 -9.35246e-6 0 1 5.76908e-6 0 1 -3.20998e-6 0 1 -3.85195e-6 0 1 2.79373e-6 0 1 -3.84187e-7 0 1 1.50127e-6 0 1 9.6351e-7 0 1 -5.62355e-4 0.004395723 0.9999903 -8.94627e-4 0.008895576 0.9999601 -0.004177391 2.94723e-4 0.9999913 -0.00604403 1.13787e-4 0.9999818 -0.002942025 0.001824975 0.999994 -3.52073e-6 0 1 0 0.001161634 0.9999994 0.005928516 0.00108397 0.9999819 0 -0.01228648 0.9999246 0.001400828 -0.00687468 0.9999754 -4.08794e-6 0 1 -1.60033e-6 0 1 0.0116043 0 0.9999327 3.95287e-6 0 1 -0.003054022 0 0.9999954 -7.68171e-4 0.003626406 0.9999932 -0.00937432 -0.0107305 0.9998985 0 0.005534887 0.9999848 -0.004904389 0.01325607 0.9999001 0.002910375 -0.001286804 0.999995 0.007285892 -3.0938e-5 0.9999735 -1.40901e-5 0 1 0 -0.004932343 0.9999879 0.003117024 -0.01527762 0.9998785 -0.00290215 0 0.9999959 -1.61182e-7 0 1 -0.001092612 0.002929747 0.9999952 -0.001298189 -0.01568895 0.9998762 0 -0.01512461 0.9998857 0.00394684 -6.39645e-4 0.999992 0 0.005733668 0.9999836 7.38975e-4 0.003678679 0.999993 -2.81109e-4 0.004527926 0.9999898 0.00679928 6.11712e-6 0.9999769 5.20589e-7 0 1 2.49184e-6 0 1 -0.01782858 0 0.9998412 -0.00692439 -0.001338541 0.9999752 -2.03723e-6 0 1 1.13204e-6 0 1 -2.8026e-4 -0.008154809 0.9999668 0 -0.003477036 0.999994 -0.008208155 0.02626484 0.9996213 -2.41862e-4 0.007601022 0.9999712 -9.53551e-5 -1.56518e-4 1 -0.007629692 -0.01938444 0.999783 0 -0.06888616 0.9976245 0.005254447 -0.007424533 0.9999587 0 -0.003477156 0.999994 0 -0.003477394 0.999994 0 -0.003477036 0.999994 0 -0.003476798 0.999994 0 -0.003477036 0.999994 0 -0.003477036 0.999994 0.009367704 0 0.9999561 0.007808506 -0.001490294 0.9999684 0 -0.003477096 0.999994 0 -0.003477036 0.999994 -0.00592786 0.009787619 0.9999346 0 -0.003477096 0.999994 0 -0.003477036 0.999994 0 -0.003476858 0.999994 0 -0.003477036 0.999994 0 -0.003477215 0.999994 0 -0.003477215 0.999994 0 -0.003477036 0.999994 0 -0.003476858 0.999994 0 -0.003477215 0.999994 0 -0.0034765 0.999994 0 -0.003476262 0.999994 0 -0.003477811 0.999994 0 -0.003476858 0.999994 0 -0.003476083 0.999994 0 -0.003476858 0.999994 -7.05775e-6 0 1 2.13747e-6 0 1 4.77189e-6 0 1 -3.11826e-6 0 1 6.51038e-7 0 1 -5.13596e-6 0 1 -5.58759e-6 0 1 4.3413e-6 0 1 -2.65e-6 0 1 -0.9996377 -0.006030082 0.02623355 -0.9979944 -0.03019225 0.05563884 -0.9732637 0.01101857 0.2294265 0.8611345 -0.5081298 -0.01585584 -0.006166636 -0.9930425 0.1175951 0 -0.9952102 0.09775787 -0.07465124 0.1224731 0.9896604 0 -0.0699473 0.9975507 0.8291953 0.02109891 0.5585607 -0.03848189 0.002670586 0.9992558 0 -0.09514933 0.995463 0.02801871 0.9917225 0.1253057 0 0.9992611 0.03843581 0.1928541 0.9810077 0.02076864 0.9996633 0.004352033 -0.02557963 0.9998306 0 -0.01840949 -0.9964047 0.01978754 0.0823791 -0.9993135 0.03537338 0.01101428 -0.9977878 -0.02071201 0.06317239 0.9917082 -0.1280719 0.01060742 0.991103 0.00281018 -0.1330675 0 1 0 0.02823561 0.9994 0.02006518 0.03403943 0.9989807 0.02964925 0.06389296 0.03921627 -0.997186 0.04069858 0.02498006 -0.9988592 0.04648661 -0.9955103 0.08245259 -0.006134212 -0.9878188 0.1554881 0.07884097 -0.1122498 0.9905474 0 -0.9997184 -0.02373331 -0.02204215 -0.9996139 0.01692235 0 0.9998546 0.01705455 -0.01585745 0.9998002 -0.01217693 0.9999821 0.002084612 -0.005626618 0.9999821 -0.002080738 0.00561589 8.99887e-4 -2.57055e-4 0.9999996 0 3.62613e-4 1 1.93264e-4 5.5185e-5 -1 0 -7.75307e-5 -1 0 -0.9998143 -0.01927393 -0.008554518 -0.9998695 0.01370835 0 0.9995985 0.02833384 -0.01231652 0.999731 -0.01965147 0.9999811 0.002052664 -0.005800664 0.9999814 -0.002037703 0.005758285 0.001154005 -6.56151e-4 0.9999991 0 9.25932e-4 0.9999997 0.007614374 0.00432384 -0.9999617 0 -0.006135046 -0.9999813 0 -1 0 1.56924e-5 -1 7.23475e-5 0 -0.9999996 0.001003623 0 -1 0 0 -0.9999996 0.001007914 0 -0.9999995 0.001004517 0 -0.9999995 0.001009583 0 -0.9999995 0.001001119 0 -1 0 0 -1 0 0 -0.9999996 0.001004517 0 -0.9999996 0.001006186 0 -1 0 -1.59293e-4 -1 1.58573e-5 0 -0.9999996 0.001006126 0 -1 0 0 -0.9999996 0.001006245 0 -0.9999996 0.001004517 0 -1 0 0 -0.9999996 0.001004517 0 -0.9999996 0.001007914 0 -0.9999996 0.001004517 0 -1 0 -1.39027e-5 -1 9.22635e-5 0 -0.9999996 0.001001119 -0.001694977 0.001340091 0.9999977 0.00369358 -0.003588795 0.9999868 -0.03784298 0 0.9992837 0.01715064 0.00364089 0.9998464 -1.14959e-4 3.29723e-5 1 -0.001582264 -0.006416022 0.9999783 -0.004565119 -0.004893481 0.9999777 -8.76235e-4 -0.01510441 0.9998856 -0.9995414 0.03028291 -1.81782e-5 -0.9863937 0 0.1644003 -0.9461289 -0.02993947 0.3224032 -1 4.13738e-6 1.86202e-6 -1 0 -7.16402e-7 -1 0 -7.16402e-7 -0.9863938 0 0.1644002 -1 0 -7.16409e-7 -1 0 -7.16404e-7 -0.946129 -0.02993947 0.322403 -0.9461286 -0.02993959 0.3224041 -0.9863938 0 0.1644002 -1 0 -7.16399e-7 -1 0 1.86265e-6 -1 0 1.86264e-6 -0.9461288 -0.02993947 0.3224033 -1 0 -7.16399e-7 -1 0 -7.16404e-7 -1 0 1.86265e-6 -0.9434757 -0.05362153 0.3270753 -0.9995414 0.03028279 -1.83434e-5 -1 -4.48646e-7 0 -0.9863939 5.8831e-7 0.1643991 -1 0 1.36053e-6 -1 0 -7.16406e-7 -0.9863938 0 0.1643998 -0.9995414 0.03028297 -1.83421e-5 1 4.24896e-6 -1.5522e-6 0.4396595 -0.8520811 0.2840024 0.4379482 -0.8482945 0.2976541 0.6531514 -0.7019461 0.2840157 0.9676502 -0.07945185 -0.2394588 0.917203 -0.3336595 -0.2177382 0.9725533 -0.07865089 -0.2189846 0.864815 0.4486166 0.2254734 0.8553687 0.4479975 0.2600824 0.7146818 0.6621101 0.2254777 0.5355886 0.8413487 -0.07264626 0.7292329 0.6840058 -0.01885437 0.5273539 0.8494262 -0.01931905 -0.361433 0.931304 -0.04515713 -0.1139922 0.9896474 -0.08720082 -0.3671035 0.926178 -0.08619487 -0.4456363 0.8605777 0.2466054 -0.4452257 0.8599305 0.2495873 -0.6591285 0.7104424 0.2466195 -0.9657342 -0.07198673 -0.2493503 -0.9510599 0.188457 -0.2448856 -0.967035 -0.07200229 -0.2442521 -0.8520722 -0.4396522 0.2840407 -0.848277 -0.4379384 0.2977185 -0.7019373 -0.6531442 0.2840541 0.02287447 -0.9554057 -0.2944092 -0.2361495 -0.9303199 -0.2806034 0.0232141 -0.9594723 -0.2808454 0.4669148 -0.8802007 -0.08507204 0.2250968 -0.967356 -0.1164215 0.4692999 -0.8752485 -0.1170372 0.4550571 -0.8739731 0.1705702 0.4585302 -0.8759512 0.1498652 0.6685498 -0.7238391 0.1705822 0.9313735 0.3246155 -0.164828 0.9800611 0.06994009 -0.1859805 0.9272522 0.3254884 -0.1850969 0.8622576 0.4468183 0.2384645 0.8639695 0.4484706 0.228978 0.7121223 0.6603103 0.2384792 -0.1295781 0.975732 -0.1765125 0.1313672 0.9756532 -0.1756231 -0.1295738 0.9755187 -0.1776909 -0.4486575 0.8648749 0.2251623 -0.4473964 0.858551 0.2504531 -0.6621504 0.7147415 0.22517 -0.885498 0.4531304 -0.1027923 -0.7451919 0.6642891 -0.05838626 -0.8918158 0.4483781 -0.06018102 -0.8051187 -0.5901491 0.05922847 -0.9275045 -0.3738049 0.002319931 -0.7991863 -0.60106 0.005310535 -0.8792234 -0.4587481 0.1285164 -0.8802149 -0.4651005 0.09435731 -0.7290902 -0.6722416 0.128526 0.4485923 -0.8647817 0.2256496 0.4479677 -0.8553364 0.2602396 0.6620858 -0.7146486 0.225654 0.8415645 -0.5352478 -0.07265758 0.6842904 -0.728962 -0.01900845 0.8496352 -0.5270202 -0.01923471 0.9112137 0.4094765 -0.04492962 0.982016 0.1661157 -0.08972316 0.9053375 0.4155368 -0.08771157 0.862292 0.4468405 0.2382983 0.8639997 0.4484879 0.2288302 0.7121571 0.6603326 0.238313 -0.226193 0.9511746 -0.2100083 0.03347319 0.9757902 -0.2161325 -0.2262059 0.9496103 -0.2169593 -0.4456235 0.8605633 0.2466788 -0.4452147 0.8599205 0.2496409 -0.6591159 0.7104287 0.2466931 -0.9656358 -0.07276713 -0.2495045 -0.9511397 0.1876875 -0.2451666 -0.9669528 -0.07278096 -0.2443464 -0.8521628 -0.4397161 0.2836693 -0.8483652 -0.4380039 0.2973704 -0.7020279 -0.6532083 0.2836827 -0.08064913 -0.9675139 -0.2396089 -0.3347984 -0.916826 -0.2175778 -0.07983714 -0.9723807 -0.2193217 0.4486104 -0.8648059 0.2255202 0.4479911 -0.8553549 0.2601386 0.6621038 -0.7146729 0.2255246 0.8994731 -0.388233 -0.200558 0.7760141 -0.6102359 -0.1594194 0.9089997 -0.3856644 -0.1580593 0.8711583 0.4530815 0.1892099 0.856036 0.4566907 0.2421489 0.7210245 0.6665746 0.1892144 0.5281966 0.8291458 -0.1831005 0.7243584 0.6779122 -0.1254591 0.522429 0.8432702 -0.1263465 -0.460398 0.8815668 0.1042774 -0.4688947 0.8678063 0.1644695 -0.6738917 0.7314334 0.1042844 -0.6309882 0.7716368 0.08019149 -0.4237517 0.8930995 0.1510227 -0.6428248 0.7512382 0.1497243 -0.9737961 -0.1649714 -0.1565433 -0.9802657 0.09496641 -0.1733798 -0.9711874 -0.1658628 -0.171128 -0.8521267 -0.4396907 0.2838172 -0.8483228 -0.437976 0.2975325 -0.7019917 -0.6531828 0.2838307 -0.08030015 -0.9674886 -0.2398287 -0.3344639 -0.9168742 -0.217889 -0.07949113 -0.9723805 -0.2194481 -0.003967344 0.9999922 0 7.92356e-4 0.9999998 0 0 0.9999992 0.001314103 0.01693689 0.9992721 0.03418523 -0.9999877 -0.002126097 -0.004493892 -0.9998821 -0.01002144 0.01163864 -0.9998365 -0.01534205 0.00958842 -0.9997885 0.009905695 -0.01802605 -0.9999998 6.22711e-4 0 -0.0129404 -0.01460677 0.9998096 0.005166351 -0.005825638 0.9999698 0.001088619 -0.02975726 0.9995566 0.2153432 -0.9762772 0.02258479 0.2568866 -0.9650779 0.05132132 0.3609602 -0.9304156 0.06351888 0.1589872 -0.9872669 0.005211174 0.3121882 -0.9496213 0.0275343 0.323507 -0.9462109 0.005327224 0.4894915 -0.8718177 -0.01822865 0.5229043 -0.8523913 3.43421e-4 0.613628 -0.7895938 0.001536369 0.4995551 -0.8662643 0.005558729 0.6240082 -0.7811515 0.02040112 0.6387462 -0.7693963 0.00572896 0.7523902 -0.6584854 -0.01749229 0.7719328 -0.6357043 4.83305e-5 0.8372132 -0.5468758 9.25463e-4 0.7582288 -0.6519603 0.006067037 0.8429387 -0.5376508 0.01964634 0.8574829 -0.5144738 0.006325364 0.9291712 -0.3692735 -0.01667678 0.9370062 -0.3493129 -3.31803e-4 0.96975 -0.2441002 3.92422e-4 0.9313047 -0.3641824 0.00654757 0.9714279 -0.2366008 0.0186603 0.9794413 -0.2016111 0.00690788 0.9991605 -0.03780907 -0.01577657 0.9996865 -0.02502888 -6.94214e-4 0.9963709 0.08511847 -2.87842e-4 0.9995898 -0.001272618 0.02861303 0.9915848 0.1238477 0.03770256 0.9854196 0.1676868 0.02880084 0.9162675 0.3991316 -0.03388035 0.9562655 0.2903514 -0.03538912 0.9547423 0.2960472 -0.02869355 0.8959808 0.441702 0.04602026 0.8102771 0.5844906 0.04268246 0.808327 0.5868851 0.04662054 0.7515389 0.6596616 -0.006003558 0.817345 0.5761244 0.005285918 0.8177953 0.5755062 -0.00188601 0.6768863 0.7360867 -0.001214981 0.6434607 0.7652755 0.01765578 0.5552135 0.8314788 0.01952332 0.6808066 0.7323775 0.01120918 0.5578458 0.8295582 0.02532404 0.5472497 0.836893 0.01131337 0.4130141 0.9106469 -0.01190841 0.3797966 0.9250589 0.004545331 0.2756102 0.9612538 0.005494892 0.4001683 0.9163677 0.01165384 0.260312 0.9652047 0.0248506 0.2395888 0.9708023 0.01183742 0.075643 0.9970479 -0.01318877 0.04817706 0.9988388 4.47735e-4 -0.06175547 0.9980574 0.00823909 0.07414722 0.9972283 0.006153106 -0.06523078 0.9976835 0.01930433 -0.09537732 0.9954204 0.006440341 -0.245365 0.9693194 -0.0146985 -0.2635638 0.9646354 0.003564655 -0.3678957 0.9298616 -0.003200113 -0.260151 0.9654839 0.01274383 -0.3840665 0.9230089 0.02340477 -0.4195454 0.90764 0.01309442 -0.5683866 0.8226785 -0.01170331 -0.5768165 0.8168733 -9.16238e-4 -0.6629479 0.7486335 0.006940186 -0.5928258 0.8048161 0.02878469 -0.6866248 0.7260544 0.03730165 -0.7202973 0.6930598 0.0289821 -0.8557998 0.5165013 -0.02886652 -0.7919894 0.6099008 -0.02782094 -0.7938012 0.607544 -0.02775061 -0.9043961 0.4266429 0.006605446 -0.9220427 0.385065 0.03952592 -0.9587389 0.2809741 0.04328107 -0.8880923 0.4596382 0.004978954 -0.94986 0.3114351 0.02782726 -0.9529699 0.3030039 0.00608319 -0.9794818 0.2015329 3.93645e-4 -0.9874138 0.1580066 0.006934702 -0.9987675 0.04921501 -0.006451189 -0.993144 0.1126415 0.03125774 -0.9987117 -0.04185557 0.02868962 -0.9978972 -0.05685061 0.03113639 -0.9906346 -0.1365398 9.03173e-5 -0.9990901 -0.04214018 0.006571471 -0.9991319 -0.04165619 -5.37581e-4 -0.9704214 -0.2414138 -0.0013327 -0.9618499 -0.2732252 0.01388281 -0.9259125 -0.3769868 0.02381211 -0.9748752 -0.2226787 0.00571227 -0.9322106 -0.361375 0.01978611 -0.9232197 -0.3842265 0.005952477 -0.8709544 -0.4913119 -0.007146179 -0.857905 -0.5137784 0.005544841 -0.7964459 -0.6046972 -0.003916978 -0.8460762 -0.5325663 0.02298593 -0.7651364 -0.6432675 0.02781116 -0.7438861 -0.6679103 0.02300709 -0.6649153 -0.7469163 -0.001952946 -0.7207247 -0.6932197 -0.001565277 -0.7207257 -0.6932176 -0.002000868 -0.6219828 -0.7824614 0.02986085 -0.5177668 -0.8551587 0.02492517 -0.4807793 -0.8763484 0.02941149 -0.4288958 -0.9032801 -0.01155441 -0.4896755 -0.871843 -0.01037913 -0.4897004 -0.8717928 -0.01307171 -0.2973924 -0.9541749 0.03328812 -0.1829815 -0.982695 0.02878201 -0.1318411 -0.9907348 0.03259992 -0.2071 -0.9779866 0.02553063 -0.2087625 -0.9778267 0.01652967 -0.1501895 -0.9885498 0.01457524 0.01263207 -0.9997262 -0.01969969 0.01258492 -0.9997624 -0.01780068 0.1224839 -0.9923279 -0.01682305 -7.41228e-6 -1.03268e-6 1 -5.70854e-6 4.35402e-6 1 -4.71641e-6 2.14646e-6 1 -4.56342e-6 -1.70638e-6 1 -9.76672e-6 1.01283e-5 1 7.42229e-6 -2.24087e-7 1 3.78694e-6 -9.42037e-7 1 4.59339e-6 -9.10732e-7 1 1.09429e-5 2.72493e-6 1 2.51766e-5 6.94449e-7 1 -5.09731e-6 -2.98486e-5 1 -1.30816e-5 -7.09067e-6 1 -8.31896e-6 5.81725e-7 1 -7.64418e-6 7.31964e-7 1 9.31697e-7 1.38846e-6 1 -7.15156e-6 8.63164e-6 1 2.74116e-6 1.29733e-5 1 1.04384e-5 3.86557e-6 1 9.62575e-6 1.13853e-5 1 5.54239e-6 1.43748e-5 1 -9.44708e-7 3.85671e-6 1 -2.10942e-5 -2.32915e-5 1 -2.50396e-5 -1.55815e-5 1 -1.89415e-5 2.40962e-5 1 2.22563e-5 3.69326e-6 1 3.71553e-6 -1.08943e-5 1 -1.03168e-6 -1.08401e-5 1 3.85859e-6 -3.99115e-6 1 5.84801e-6 -3.87443e-6 1 1.06658e-6 -8.18522e-6 1 0.4409311 -0.8974122 0.0152074 0.3923113 -0.9196952 0.01589828 0.2537407 -0.9672356 0.008428096 0.3933295 -0.9193428 0.01003545 0.2039842 -0.9789664 -0.003911316 0.1944571 -0.9809109 5.21803e-4 0.6268827 -0.7791075 -0.003123998 0.6038348 -0.7971032 0.003162562 0.7541148 -0.6562334 0.02586156 0.6026719 -0.7973195 -0.03268617 0.733542 -0.6796263 0.004927217 0.7114168 -0.7027239 -0.008078455 0.8824445 -0.4688659 0.03816592 0.8824331 -0.4689087 0.03790122 0.832799 -0.5518373 0.04383516 0.9752061 -0.2209669 -0.01211416 0.9385526 -0.3448883 -0.01308917 0.9893081 -0.1458145 0.002785861 0.9803029 -0.1973897 0.006604015 0.9925543 -0.1209732 0.01420009 0.9925978 -0.1210178 0.01022565 0.9955924 0.09371805 -0.003571927 0.9960365 0.08894121 8.85154e-4 0.9559881 0.2932366 0.009958803 0.9942407 0.1068189 -0.008673131 0.9519093 0.3062918 0.007354676 0.9680501 0.2507556 8.74874e-4 0.7539698 0.6564814 -0.02370226 0.8604702 0.5095001 8.16116e-4 0.8727591 0.4881431 0.002810597 0.8528482 0.5221335 0.005176424 0.852455 0.5227403 0.007938086 0.9086931 0.4167365 0.02465218 0.6987234 0.7151764 0.01756012 0.6223733 0.7825309 0.01722854 0.6222001 0.782603 0.0199936 0.531718 0.8469099 -0.00443983 0.5679333 0.8230732 0.001509606 0.3868084 0.9220702 0.01288145 0.5708943 0.8204051 -0.03186649 0.4301612 0.9027264 -0.006815552 0.4458524 0.8948815 -0.0200712 0.193993 0.9805075 0.03117352 0.1940462 0.980512 0.03069931 0.2741348 0.9611281 0.0329101 -0.1707907 0.9852663 -0.008987426 -0.1086193 0.9939838 -0.01408255 0.03408497 0.9993766 0.009200394 0.01037889 0.9999462 1.94795e-5 -0.132327 0.9907714 -0.02935296 0.011433 0.9999135 -0.006519138 -0.5777268 0.8158863 -0.02369046 -0.4162153 0.9092652 0.001349925 -0.3980139 0.9173774 0.001934766 -0.4289276 0.9033161 0.006423473 -0.429457 0.9030435 0.008896589 -0.3133059 0.9493446 0.02416932 -0.6784491 0.7340122 0.03054434 -0.7520999 0.6587578 0.01960194 -0.7524051 0.6583417 0.02174192 -0.7846835 0.6198082 -0.01047194 -0.7604208 0.649424 -0.002966582 -0.8770816 0.4799244 -0.02001273 -0.9484017 0.3144882 0.0403915 -0.9484138 0.3146005 0.03921586 -0.9174253 0.3960233 0.03868424 -0.9936042 0.1129201 6.80368e-5 -0.9936885 0.1120016 0.006222486 -0.9994456 -0.02649688 -0.02016657 -0.9999774 -0.001469075 -0.006558597 -0.9905243 0.1365131 0.01503348 -0.99761 -0.06905961 -0.002243578 -0.9795634 -0.1988971 0.02992916 -0.9460119 -0.3239306 0.01143187 -0.9458352 -0.3243668 0.01348865 -0.9498163 -0.312755 0.005775928 -0.9544509 -0.2983238 0.005149006 -0.872533 -0.4881785 -0.01918727 -0.5703364 -0.821 -0.02598869 -0.7030373 -0.7109613 -0.01651585 -0.7264408 -0.6871618 -0.009621739 -0.7498096 -0.6613073 0.02140581 -0.7498457 -0.6612726 0.02121645 -0.8176912 -0.5745712 0.03534209 -0.4821901 -0.8750774 0.04162216 -0.3998578 -0.9156489 0.04124093 -0.4000422 -0.9156239 0.03998899 -0.01155567 -0.9998258 0.01465409 -0.01154154 -0.9998678 0.01145344 -0.08372515 -0.9964719 0.005817294 -0.04113227 -0.9991538 5.3145e-5 -0.1123573 -0.9935513 -0.0152232 -0.2439655 -0.9696066 -0.0185433 0.001303911 0.008035659 0.9999669 0.005777359 0.01146632 0.9999176 -0.002576887 -0.001889526 0.9999949 -0.01141774 0.008899509 0.9998953 -0.001192629 -0.01485472 0.999889 -0.002295374 0.002319157 0.9999947 -0.001707494 0.004420518 0.9999888 0.05624681 0.465444 0.8832883 0.1584963 0.4610193 0.873121 0.07726395 0.6797928 0.729323 0.1940969 0.9619795 0.1921507 0.1440983 0.880494 0.451626 0.3401815 0.9069002 0.2486135 0.5973252 -0.03327417 0.8013086 0.3729377 -0.003468334 0.9278499 0.5651888 -0.1393728 0.8131033 0.8882253 -0.01767122 0.4590682 0.7486039 -0.1913348 0.6348097 0.891694 -0.1602659 0.4233163 0.8117058 -0.02449345 0.5835527 0.8075479 -0.1900017 0.5583599 0.9351649 -0.02847135 0.3530665 0.4875223 -0.2526213 0.8357659 0.2629761 -0.1679806 0.9500664 0.4349467 -0.3256016 0.8395267 0.7650446 -0.373391 0.5246772 0.5532866 -0.4838529 0.6780562 0.7235577 -0.4964466 0.4795886 0.6784625 -0.3749127 0.6317666 0.6362441 -0.5022424 0.5856159 0.832638 -0.3584498 0.4221705 -0.004132449 -0.9732568 0.2296825 0.02594351 -0.8732281 0.4866209 -0.1592233 -0.944834 0.2862458 -0.3887208 -0.8961014 0.2142397 -0.3495481 -0.8077226 0.4747636 -0.5321497 -0.8038544 0.2657723 -0.8587168 0.2993639 0.4159169 -0.7363828 0.2173756 0.6406936 -0.7842649 0.420993 0.4557341 0.2636137 0.7504192 0.606118 0.3653841 0.8574159 0.3623982 0.1533767 0.8245532 0.5445988 0.05912184 0.196946 0.9786301 0.07929152 -0.05800175 0.9951626 0.06476962 0.1961477 0.978433 0.03931367 0.2435868 0.969082 0.1168925 0.1916179 0.9744839 0.2189888 0.4151267 0.8830142 0.3539364 0.7302491 0.5843504 0.471709 0.7053617 0.5291082 0.3068227 0.8800347 0.3624897 0.4699905 0.4622519 0.7519522 0.5210018 0.6516455 0.5512852 0.3578539 0.5688221 0.7405282 0.5462936 0.4999549 0.6720183 0.4311782 0.6103271 0.6645196 0.3617889 0.4174228 0.8335868 0.5880139 0.563066 0.5806862 0.7257008 0.6001209 0.3364719 0.5217229 0.6958562 0.4935478 0.3023775 0.3188646 0.8982723 0.3379526 0.2318021 0.912171 0.5380561 0.3467904 0.7682656 0.9061272 0.3468163 0.242182 0.8441324 0.5011838 0.1904089 0.7632137 0.4606032 0.4531551 0.7378191 0.2150841 0.6398138 0.8697142 0.2911633 0.3985238 0.7071757 0.378012 0.5975028 0.6826598 0.149747 0.7152283 0.665026 0.2937891 0.6866066 0.4693035 0.2365769 0.8507559 0.9427451 0.2304822 0.2410595 0.8567577 0.1304597 0.4989456 0.9630931 0.07500308 0.258508 0.276811 0.01463526 0.9608129 0.5173373 0.002917051 0.8557767 0.2870723 0.09019976 0.9536528 0.2454736 -0.0554378 0.9678169 0.2089536 -0.1162363 0.9709931 0.4395574 -0.2057871 0.8743232 0.1878958 -0.2139882 0.958595 0.1485369 -0.2513566 0.9564291 0.3618978 -0.3739227 0.8539389 0.6072125 -0.6762359 0.4171309 0.5330231 -0.5497217 0.6431893 0.4846292 -0.7485821 0.4525034 0.4201244 -0.6076013 0.6740298 0.5145593 -0.7292219 0.4510701 0.5328654 -0.5367878 0.654151 0.3595493 -0.6112128 0.7050839 0.4391337 -0.5341182 0.7224122 0.2113826 -0.4650452 0.8596804 0.2312124 -0.6946994 0.6811267 0.2469119 -0.4890743 0.836565 0.1057987 -0.6896398 0.7163823 0.2411991 -0.8505739 0.467276 0.1506648 -0.8771011 0.4560635 0.3449613 -0.9049476 0.2491416 0.348157 -0.8714835 0.3454033 0.1490404 -0.8190119 0.5540817 0.2235692 -0.9177674 0.3282068 0.0916903 -0.538767 0.8374503 0.1497451 -0.5005236 0.8526738 -0.04373383 -0.3397034 0.9395152 -0.01917713 0.01438105 0.9997128 0.05590832 -0.2310256 0.9713401 0.04373997 0.02794337 0.9986522 -0.1413024 -0.7664644 0.6265509 -0.1735546 -0.9066026 0.3846434 0.00360316 -0.8132905 0.5818467 -0.1601083 -0.5706815 0.8054118 -0.06135863 -0.6058124 0.7932381 0.003718197 -0.394922 0.9187072 -0.02928847 -0.3052851 0.9518105 -0.09969615 -0.271431 0.9572805 -0.1798136 -0.4971643 0.8488197 -0.4405275 -0.6759748 0.590757 -0.5328806 -0.7714819 0.3476407 -0.3283169 -0.7690883 0.5483716 -0.4524506 -0.5560629 0.6971963 -0.3436453 -0.6289451 0.697378 -0.2993872 -0.4162996 0.8585231 -0.7744638 -0.5221365 0.3571826 -0.6772534 -0.6543051 0.3364712 -0.6443455 -0.4980354 0.5803272 -0.7448855 -0.4772403 0.466248 -0.7256144 -0.6471505 0.2338377 -0.684572 -0.5600318 0.4666109 -0.39352 -0.2847659 0.8740998 -0.4528692 -0.5108165 0.7307366 -0.3091163 -0.3522034 0.8834025 -0.2021523 -0.12369 0.9715119 -0.4266784 -0.2171704 0.8779422 -0.175733 -0.2037064 0.9631312 -0.867349 -0.1728705 0.4667134 -0.8342849 -0.3008152 0.4620379 -0.7161838 -0.160134 0.6792923 -0.7138689 -0.1577168 0.6822878 -0.8393971 -0.2872102 0.4614356 -0.68716 -0.2727721 0.6733547 -0.5699235 -0.1024939 0.8152804 -0.5550494 -0.2148779 0.8035843 -0.3390775 -0.145488 0.9294406 -0.8688688 0.09001827 0.4867892 -0.8706365 -0.02425312 0.4913287 -0.7123923 0.09740287 0.6949892 -0.7173098 0.09039008 0.6908664 -0.8771696 -0.01512151 0.4799428 -0.7232015 -0.01400709 0.6904951 -0.4846288 0.03251832 0.8741153 -0.4801379 -0.02045047 0.8769546 -0.250251 0.07970714 0.9648945 -0.2248213 0.03613966 0.9737296 -0.4727466 0.006069064 0.8811776 -0.2343295 -0.04199498 0.9712498 -0.5750691 0.3303145 0.748457 -0.7285982 0.4243674 0.5376403 -0.6583412 0.2279222 0.717383 -0.4782816 0.3433504 0.8083052 -0.5589753 0.2486758 0.7910164 -0.3788061 0.1248648 0.9170141 -0.5632561 0.4527662 0.6911913 -0.5446375 0.5228416 0.6557489 -0.7588804 0.416373 0.5007334 -0.6159453 0.7748029 0.1424495 -0.7584397 0.6411567 0.1169935 -0.6473698 0.6628324 0.376252 -0.08498305 0.1172964 0.9894542 -0.2761503 0.2844877 0.9180456 -0.1607101 0.06015205 0.985167 -0.2785372 0.6373098 0.7185077 -0.3717854 0.6289223 0.6828121 -0.4319943 0.4251401 0.7953848 -0.3762019 0.3862813 0.8421751 -0.2936687 0.3898933 0.8727782 -0.2474824 0.6121843 0.7509879 -0.51507 0.6295338 0.5817132 -0.3642243 0.6973312 0.6173086 -0.4828339 0.7924481 0.3726894 -0.2634145 0.9453094 0.1923622 -0.4278683 0.8885616 0.1654906 -0.3250027 0.8425861 0.4294438 -0.1044048 0.4378353 0.8929726 -0.02598893 0.4496156 0.8928441 -0.1492078 0.6478054 0.7470511 -0.1186745 0.7152819 0.6886859 -0.02171897 0.5215192 0.8529631 0.01182419 0.7226496 0.6911135 -0.178533 0.7979397 0.5756894 -0.01283842 0.8072493 0.5900712 -0.1301593 0.9267011 0.3525392 -0.1366451 0.9477716 0.2881966 0.03042244 0.85857 0.5117931 -0.006247282 0.9600786 0.2796606 0.950062 0.003784716 0.3120384 0.8357781 -0.0426135 0.5474115 0.8290312 0.0672121 0.5551486 0.9452233 -0.02263128 0.3256388 0.8275769 0.08623546 0.5546892 0.9449921 0.0625686 0.3210533 0.9629052 0.1865985 0.1949217 0.8735507 0.2100581 0.4390727 0.8560373 0.2806414 0.4340975 0.8558123 0.2829493 0.4330416 0.6816433 0.3686845 0.6320081 0.8345711 0.352901 0.4230273 0.3174163 0.8518865 0.4165771 0.3191395 0.7032303 0.6353088 0.2447585 0.718431 0.6511147 0.07728666 0.9002066 0.4285496 -0.05736553 0.7725858 0.6323137 0.008363246 0.9053432 0.4245984 0.02067464 0.9641604 0.2645137 -0.08782923 0.8864011 0.4545099 -0.1602171 0.8832361 0.4407091 -0.3307436 0.8862065 0.3244175 -0.2107021 0.8093622 0.548213 -0.2981573 0.7632156 0.5732402 -0.5360586 0.7387527 0.4085164 -0.4413561 0.6357837 0.6332328 -0.5043417 0.5819271 0.6379658 -0.5429391 0.7951326 0.2701509 -0.5299619 0.6700673 0.5197598 -0.621265 0.732611 0.2780485 -0.7696496 0.5809305 0.264876 -0.6847066 0.5222048 0.5084084 -0.7354471 0.4477145 0.5085956 -0.7660068 0.5797495 0.2777121 -0.7277066 0.4467249 0.5204614 -0.8239288 0.4936739 0.2782578 -0.881515 0.3853628 0.2728129 -0.7860075 0.3440246 0.5136529 -0.8185752 0.2574011 0.5134972 -0.8764871 0.3663505 0.312342 -0.8128004 0.2178738 0.5402653 -0.9080587 0.2845996 0.3072986 -0.9813421 0.1168867 0.1526604 -0.9087051 0.1103993 0.4025756 -0.9105678 0.04557895 0.4108395 -0.931482 -0.2443311 0.2695247 -0.8089438 -0.2764938 0.5188077 -0.8984147 -0.3397046 0.2783015 -0.793317 -0.5499463 0.2611655 -0.7358968 -0.456544 0.5000235 -0.6825785 -0.5178222 0.5157003 -0.4698727 -0.7795909 0.414075 -0.308566 -0.7112973 0.6315404 -0.4032563 -0.8179015 0.4103919 0.1729437 -0.9700235 0.1707189 0.2980577 -0.8785968 0.3731343 0.3469238 -0.8685641 0.3538931 0.4657733 -0.7850199 0.4084104 0.5529045 -0.5962412 0.5820593 0.5347742 -0.7463492 0.3962066 0.5437264 -0.7994943 0.2552853 0.5750423 -0.6743687 0.463199 0.6261608 -0.6350854 0.4523156 0.6963552 -0.5906075 0.407765 0.7179128 -0.3835759 0.5809224 0.7491687 -0.5314145 0.3954046 0.7982799 -0.5647717 0.2092422 0.7854523 -0.4490866 0.4258946 0.8172625 -0.3961505 0.4185055 0.858736 -0.3318183 0.390473 0.8098078 -0.1350281 0.5709455 0.8870037 -0.2639182 0.3789087 0.8318354 0.4946347 0.2517666 0.7699071 0.3961519 0.5003069 0.7606739 0.568838 0.3127278 0.6889454 0.5033137 0.5215648 0.4908998 0.5024073 0.7117615 0.64034 0.5705897 0.5141906 0.5939239 0.6755037 0.4369775 0.4756713 0.5895362 0.6528276 0.4315797 0.6247566 0.6507059 0.5771156 0.6893153 0.4379293 0.4259575 0.6217953 0.6572144 0.5021808 0.7453311 0.4385156 0.3178417 0.802702 0.5046247 0.2318751 0.6548421 0.7193163 0.250379 0.8186269 0.5168758 0.1115831 0.9050509 0.4104047 0.07862222 0.7750126 0.627036 0.02062141 0.7758914 0.6305295 -0.2754331 0.859421 0.4307345 -0.2527747 0.7081717 0.6592403 -0.3504817 0.8236886 0.4457575 -0.8801729 0.1514787 0.4498333 -0.7276441 0.1176026 0.6757987 -0.8793619 0.05491822 0.4729764 -0.8504177 -0.001994252 0.5261044 -0.7304199 -0.191274 0.6556684 -0.8548063 -0.08621281 0.5117359 -0.8921423 -0.05795365 0.448022 -0.7486774 -0.1298621 0.6500908 -0.7457735 -0.1743365 0.6429842 -0.6480459 -0.3244186 0.6890494 -0.5837257 -0.1458202 0.7987496 -0.5006828 -0.1727282 0.8482227 -0.7767711 -0.5276166 0.3438711 -0.6830715 -0.4398266 0.5830661 -0.6989908 -0.6067784 0.3784599 -0.6235163 -0.567062 0.5382084 -0.4176931 -0.5584076 0.7167381 -0.5669752 -0.6293908 0.5314193 -0.4886775 -0.7736718 0.4032698 -0.3951346 -0.6732943 0.6249347 -0.3523588 -0.6960427 0.6255941 -0.266858 -0.9214414 0.2823696 -0.3041814 -0.7956548 0.5238389 -0.1745462 -0.9179241 0.3562994 -0.1853262 -0.8311697 0.5242245 -0.03550851 -0.7001609 0.7131017 -0.1046504 -0.8495881 0.5169608 -0.01999509 -0.8954311 0.444751 0.01996588 -0.7518971 0.6589782 0.07698178 -0.7511505 0.655627 0.00914669 -0.8902972 0.4552883 0.06959283 -0.7358635 0.6735442 0.1122529 -0.8811403 0.4593378 0.3180717 -0.8040282 0.5023636 0.2350559 -0.6641145 0.7097188 0.3047956 -0.6296771 0.7145673 0.6853737 -0.06095945 0.7256354 0.6017839 0.1502294 0.7844026 0.7039086 0.01165133 0.710195 0.6615853 -0.09481179 0.7438519 0.4984125 0.03722536 0.8661405 0.5028962 0.06346589 0.8620136 0.6345389 0.1110478 0.7648717 0.4383289 0.2414707 0.8657712 0.6306033 0.168786 0.7575294 0.7106328 0.1749936 0.6814531 0.5129348 0.2203392 0.8296678 0.5082666 0.2391837 0.8273187 0.50964 0.3925673 0.7656096 0.3903108 0.2006892 0.8985441 0.3333719 0.2489611 0.9093303 0.1725565 0.5132483 0.8407142 -0.00561124 0.3653006 0.9308728 0.1142224 0.5262883 0.8425996 0.05921012 0.744282 0.6652357 -0.03219693 0.5625227 0.8261547 -0.04382169 0.5635098 0.8249464 -0.03425019 0.6815258 0.7309921 -0.08988714 0.4647512 0.8808671 -0.1080429 0.6749713 0.7298908 -0.2382022 0.6686563 0.7043852 -0.1565136 0.4782039 0.8641901 -0.1878835 0.4618089 0.8668521 -0.3168158 0.5168319 0.7953066 -0.2723177 0.2863367 0.9186155 -0.350596 0.4951094 0.7949523 -0.4790405 0.5780385 0.6605995 -0.4248815 0.3841199 0.819712 -0.4375375 0.3736512 0.8178911 -0.5141376 0.4052969 0.7559081 -0.4279479 0.189024 0.883816 -0.5477872 0.3674413 0.7516092 -0.639862 0.3828181 0.6663535 -0.5115106 0.2262877 0.8289456 -0.5202671 0.2115671 0.8273823 -0.623739 0.2771688 0.7308402 -0.4564357 0.1282504 0.8804648 -0.6510615 0.2094958 0.7295413 -0.7069196 0.09597164 0.7007527 -0.5019326 0.07062643 0.8620184 -0.5030418 0.0346055 0.863569 -0.6401092 -0.4384512 0.6308889 -0.4692508 -0.3487265 0.8112913 -0.4561007 -0.3661292 0.8111236 -0.431975 -0.7148475 0.5499007 -0.3814495 -0.5494332 0.7433838 -0.3305072 -0.7489185 0.5743571 -0.02151095 -0.4796654 0.8771878 -0.1476917 -0.313384 0.9380713 -0.1021328 -0.2536871 0.9618793 0.4038643 -0.3828272 0.8308652 0.2171787 -0.4452968 0.868645 0.1706495 -0.3916689 0.9041429 0.5464947 -0.3762609 0.7481787 0.3943498 -0.2096638 0.8947231 0.5724791 -0.3344169 0.7486208 0.5798538 0.354224 0.733686 0.3591003 0.3321312 0.8722017 0.3727501 0.3063001 0.875921 0.3268353 0.3547718 0.8759656 0.1106513 0.2407579 0.9642572 0.3153204 0.3667612 0.8752482 0.3443315 0.6229504 0.7024022 0.1799088 0.4863906 0.8550187 0.2038854 0.4721228 0.857631 0.2087618 0.5083394 0.8354697 0.1270544 0.2902118 0.9484906 0.1405154 0.5287801 0.8370467 -0.268956 0.7664241 0.5833154 -0.307255 0.5753123 0.7580306 -0.2774026 0.5845609 0.7624543 -0.583815 0.1571665 0.7965291 -0.4112395 0.002144098 0.9115249 -0.4035954 0.02434653 0.9146136 -0.4312399 -0.06739932 0.8997164 -0.2060949 -0.1711801 0.9634429 -0.432335 -0.08033496 0.8981274 -0.4123653 -0.2692823 0.8703114 -0.2157339 -0.1240974 0.9685344 -0.3817394 -0.3043762 0.8727142 -0.2855781 -0.4074884 0.8674091 -0.05845427 -0.4293619 0.9012389 -0.2616658 -0.4397252 0.8591698 -0.06478643 -0.4700183 0.8802759 1.02148e-4 -0.2381435 0.97123 0.01947319 -0.2399672 0.9705857 -0.01168829 -0.4545279 0.8906559 0.0952357 -0.2319289 0.9680595 0.007781267 -0.4571228 0.8893695 0.05933827 -0.5785213 0.8135061 0.1126574 -0.3507828 0.9296558 0.09004575 -0.3526263 0.9314218 0.1423965 -0.4658467 0.8733329 0.1267634 -0.2216349 0.9668553 0.1662779 -0.4581168 0.8732014 0.2814821 -0.5289248 0.8006289 0.4463774 -0.3849478 0.8078133 0.3393211 -0.5251849 0.7804116 0.417764 -0.3289512 0.8469147 0.4279019 -0.08951199 0.8993818 0.4503762 -0.3076392 0.8381645 0.8384137 -0.3516294 -0.4164366 0.9423087 -0.2786211 -0.1855393 0.9309823 -0.3181375 -0.1790547 -0.2506112 -0.8075742 0.5338706 -0.4429665 -0.7846074 0.433788 -0.2859303 -0.720023 0.6323059 0.04001551 -0.04375851 0.9982404 -0.2093301 -0.1163834 0.9708943 -0.2024313 -0.1327821 0.9702528 -0.5613299 -0.2012901 0.8027398 -0.7445561 -0.2206064 0.6300548 -0.5462218 -0.2711379 0.7925441 -0.252423 0.03628152 0.9669365 -0.4794755 0.0973007 0.8721445 -0.2693738 -0.02909356 0.9625962 -0.04477989 -0.04686439 0.9978971 -0.2232472 0.1384277 0.9648826 -0.2313749 0.1270999 0.9645264 -0.157649 0.267444 0.9505897 -0.4031742 0.2920457 0.8672715 -0.3664966 0.355021 0.8600234 -0.08102089 0.08446562 0.993127 -0.2393981 0.2746284 0.9312722 -0.1272232 0.04619693 0.9907978 -0.02848595 -0.02285754 0.9993329 -0.08062446 0.2311205 0.9695788 -0.09084701 0.2279487 0.9694257 -0.04679656 0.2410968 0.9693722 -0.05365407 0.4766743 0.8774411 -0.1155691 0.2380944 0.9643417 0.2437454 0.07267743 0.9671124 -0.01078581 0.03838717 0.9992048 0.2462809 0.06201732 0.9672123 0.3103519 0.197347 0.9299117 0.06808269 0.1201943 0.9904131 0.09889107 0.06907773 0.9926978 0.2697002 0.2135278 0.9389716 0.139506 0.01444131 0.990116 0.2131721 0.25938 0.9419553 0.1135715 0.1831757 0.976498 -0.07761317 0.02071195 0.9967684 0.1295289 0.1705344 0.976801 0.2129793 0.5893545 0.7792954 0.048725 0.4277164 0.9025988 0.1142786 0.3981142 0.9101899 -0.03545826 0.2386538 0.9704571 0.05512559 0.02670866 0.9981222 -0.0179516 0.2426846 0.9699392 0.5421485 -0.1528157 0.8262702 0.5511409 -0.1306074 0.8241272 0.7040811 -0.2711785 0.6563018 0.6466079 -0.178433 0.7416603 0.4536311 -0.0618931 0.8890378 0.6627278 -0.1112309 0.7405536 0.87476 -0.1952073 0.4434964 0.8938031 -0.1293036 0.4294144 0.9093307 -0.3275754 0.2565384 -0.999942 -0.004907786 0.009589433 -0.9999717 -0.007531285 0 0 -1 -7.36433e-7 0.9975628 -0.01840972 0.06730204 1 0 -1.86265e-7 0 -0.006943523 0.999976 0.2128995 0 0.9770742 -0.9949166 0.01792532 0.09909379 -0.9999575 -0.009226918 0 0.9948301 -0.01835918 0.09988099 0.9999595 0.009008228 0 -0.9949166 0.0179255 0.09909361 -0.9999575 -0.009226858 0 0.9948301 -0.01835918 0.09988081 0.9999595 0.009008049 -1.86579e-7 -0.9949166 0.01792544 0.09909379 0.9999595 0.009008049 0 -0.9949166 0.0179255 0.09909373 -0.9999575 -0.009226858 0 0 -1 2.83637e-7 0.9948301 -0.0183593 0.09988081 -0.9949166 0.01792544 0.09909379 -0.9999575 -0.009226918 0 0 -1 2.83637e-7 0.9948301 -0.01835924 0.09988081 0.9999595 0.009008169 0 0 -1 2.83638e-7 0.9948301 -0.0183593 0.09988087 -0.9949166 0.01792544 0.09909367 0.9948301 -0.0183593 0.09988093 0.9999595 0.009008109 0 -0.9994316 0 0.03371417 -0.9999575 -0.009226918 0 0.997678 -0.01841181 0.06557285 1 7.0218e-6 0 -0.2626542 -0.007098615 0.964864 -0.9949166 0.01792544 0.09909367 -0.9999575 -0.009226918 0 0 -1 -2.97307e-7 0.9948301 -0.01835924 0.09988093 0.9999595 0.009008109 0 -0.9949166 0.01792544 0.09909373 -0.9999575 -0.009226918 0 0 -1 -1.48653e-7 0.9948301 -0.01835924 0.09988093 0.9999595 0.009008109 0 -0.9999575 -0.009226918 0 0.9948301 -0.01835924 0.09988093 0.9999595 0.009008109 0 -0.9999575 -0.009226918 0 0.9948301 -0.01835924 0.09988093 -0.9999575 -0.009226918 0 0 -1 -1.41819e-7 0.9948301 -0.01835924 0.09988087 0.9999595 0.009008109 0 -0.9949166 0.01792544 0.09909379 0.9999595 0.009008109 0 -0.9949166 0.01792538 0.09909361 -0.9999575 -0.009226918 0 0.9948301 -0.0183593 0.09988093 -0.9999575 -0.009226977 0 0.9994582 0 0.03291547 0.1417046 0 -0.989909 0.1417042 0 -0.9899091 0.3249988 -0.9411407 -0.09289699 0 1 2.08128e-7 0.2698819 0.9597985 -0.07714092 0 1 -6.67209e-7 0.0571255 0.9979845 0.02763468 0 0.9988859 0.04719328 0.01964509 0.999807 -4.76089e-7 0.988919 -0.06615298 0.1329023 0.9988663 0.01111859 0.0462861 0.9965032 -0.08352321 -0.002313017 0.9996985 0.006029009 0.02380758 0.9990067 0.04317837 -0.01101094 0.9997438 0.02075237 0.009037673 0.9981878 0.06017613 0 0.9998993 -0.009459018 -0.01058423 1 0 -1.50918e-7 0.9984314 -0.04948151 -0.02620196 0.9963141 0.01223874 0.08490234 0.9933639 -0.01651793 0.1138213 0 -1 0 0 -1 -1.78083e-7 -1 0 -3.10441e-7 -1 0 -3.10441e-7 0.02512186 0.02366876 0.9994043 0.9991965 0.04007226 -7.87928e-4 0.9991039 0.04232704 0 0.9914471 1.20086e-4 0.1305096 0.9910877 0 0.1332113 0.9993175 -0.03693771 5.06397e-4 0.9992744 -0.03808873 0 0.99799 -3.89267e-4 -0.063371 0.9976926 0 -0.06789404 0.9983709 0.05705446 -6.949e-4 0.9982154 0.05971741 0 0.994186 3.94199e-5 0.1076771 0.9941135 0 0.1083444 0.9979501 -0.06398713 0.001083195 0.9976443 -0.06860023 0 0.9961788 -7.05539e-6 -0.08733803 0.9961707 0 -0.08743029 0.054717 -0.9944077 -0.09032893 0.03067296 0 0.9995295 0.03067302 0 0.9995295 0.03547781 0.9993705 0 0 0.998448 -0.05569314 0 1 3.37467e-4 -6.23552e-5 0.9999999 6.64234e-4 0.08105945 -0.8975394 0.4334196 0.999571 -0.02928954 -2.14723e-5 0.9866592 5.88467e-7 0.1627996 -0.3159825 0.9479425 0.03949755 -0.3159795 0.9479436 0.03949677 0.3139823 -0.9419417 0.1189994 -0.5603863 -0.8275135 -0.03448063 0.9659967 0.2583307 0.01076334 -0.3152459 0.9457321 0.07881009 0.5543673 0.8315507 -0.03464865 0.3159825 -0.9479425 0.03949844 0.3159795 -0.9479435 0.03949761 -0.3159826 0.9479426 0.03949671 -0.3159795 0.9479435 0.03949761 0.3152459 -0.9457319 0.07881182 -0.5543673 -0.8315507 -0.03464794 -0.05258661 0.8530507 0.5191718 -5.97978e-5 0.9579194 0.2870375 0.08104878 -0.8974235 0.4336613 6.23552e-5 -0.9999998 6.69677e-4 0.9465767 0.02929198 0.3211458 0.9866595 0 0.1627979 -0.05258697 0.8530506 0.5191717 -5.96348e-5 0.9579187 0.2870397 0.04352968 -0.9019687 0.429602 6.06084e-5 -0.9735572 0.2284435 0.9465761 0.0292921 0.3211476 0.9866595 0 0.1627979 -0.09774631 0.8467517 0.5229315 -6.23552e-5 0.9999999 6.63376e-4 0.04352957 -0.9019665 0.4296064 6.06085e-5 -0.9735586 0.228438 0.999571 -0.02928954 -2.13916e-5 0.9866595 0 0.1627978 0 1 3.33385e-4 -6.23552e-5 0.9999999 6.66265e-4 0.08104848 -0.8974206 0.4336674 6.23552e-5 -0.9999999 6.66098e-4 0.999571 -0.02928954 -2.13109e-5 0.9866595 0 0.1627975 -0.05258631 0.8530502 0.5191727 -5.97978e-5 0.9579195 0.2870368 0.04352962 -0.9019675 0.4296042 6.06084e-5 -0.9735578 0.2284407 0.9465767 0.02929198 0.321146 0.9866595 0 0.1627975 0.05949199 0.9982288 3.32969e-4 -5.96349e-5 0.9579195 0.2870369 0.0435298 -0.9019677 0.429604 6.0774e-5 -0.9735578 0.2284413 0.9465762 0.0292921 0.3211475 0.9866596 0 0.1627974 -0.09774619 0.8467528 0.5229297 -6.25293e-5 0.9999999 6.66768e-4 0.0435298 -0.9019675 0.4296042 6.06084e-5 -0.9735576 0.2284417 0.999571 -0.02928954 -2.1432e-5 0.9866595 0 0.1627977 -0.09774637 0.8467517 0.5229315 -6.27034e-5 0.9999999 6.68297e-4 0.08104872 -0.8974206 0.4336674 6.25293e-5 -0.9999999 6.66768e-4 0.9866594 0 0.1627983 -0.09776067 0.846878 0.5227243 0.0810492 -0.8974226 0.4336634 6.27034e-5 -0.9999999 6.65575e-4 0.999571 -0.02928954 0 0.9866595 -5.88497e-7 0.1627972 -0.3159793 0.9479436 0.03949761 -0.3159826 0.9479425 0.03949755 0.313979 -0.9419429 0.1189988 -0.5603853 -0.8275141 -0.03447955 0.9659967 0.2583304 0.01076388 -0.3159793 0.9479436 0.03949719 -0.622529 0.7787185 0.077816 0.3152426 -0.945733 0.07881104 -0.5543661 -0.8315514 -0.03464758 0.9946751 -0.1027046 0.008558571 -0.3136792 0.9410433 0.1266615 0.5862344 0.8094391 -0.03372651 -0.9685653 -0.2485441 0.01035588 0.3159793 -0.9479436 0.03949761 0.315981 -0.947943 0.03949761 -0.5543661 -0.8315514 -0.03464794 0.3139791 -0.9419431 0.1189979 -0.5603853 -0.8275141 -0.03447896 -0.315981 0.947943 0.03949761 -0.622529 0.7787185 0.0778163 0.3152441 -0.9457326 0.07881057 -0.5543672 -0.8315508 -0.03464752 0.9946752 -0.1027045 0.00855863 -0.3136807 0.9410426 0.1266623 0.2186338 0.9749611 0.04062288 -0.88953 -0.4565207 -0.01804178 0.3157885 -0.9473688 0.05263108 0.8318281 -0.5545522 -0.02310615 -0.3152426 0.945733 0.07881104 0.5543673 0.8315507 -0.03464752 -0.9935726 0.112806 0.009400248 0.3159793 -0.9479436 0.03949719 0.5647548 -0.8222339 0.07059419 -0.9457336 -0.315241 0.07881087 -0.8315522 0.5543651 -0.03464806 -0.1732604 -0.9847703 0.01443833 0.947943 0.315981 0.03949773 0.8792682 0.4726487 0.05908071 -0.316119 0.9483537 -0.02634322 -0.9473695 -0.3157863 0.05263161 -0.5545507 -0.8318291 -0.02310627 0.9457315 0.3152472 0.07881093 0.9991331 0 0.0416305 -0.3136807 0.9410427 0.1266619 0.5862347 0.809439 -0.03372681 -0.9685653 -0.2485439 0.01035583 -0.3152441 0.9457325 0.07881146 0.5543671 0.8315507 -0.03464829 -0.9935726 0.112806 0.009400308 0.5647548 -0.8222339 0.07059407 -0.9457336 -0.3152408 0.07881128 -0.8315522 0.5543651 -0.03464794 -0.1732603 -0.9847703 0.01443797 0.9479432 0.3159807 0.03949749 0.8792682 0.4726488 0.05908107 -0.3159803 0.9479433 0.03949761 -0.3159815 0.9479429 0.03949761 0.3152432 -0.9457329 0.07881081 -0.5543665 -0.8315513 -0.03464794 0 1 0 -0.9479432 -0.3159807 0.03949767 -0.9479421 -0.3159838 0.03949749 0.9457337 0.3152408 0.07881093 0.8315525 -0.5543648 -0.03464806 -0.3159806 0.9479432 0.03949761 0.3139804 -0.9419426 0.1189985 -0.5603859 -0.8275136 -0.03447949 0.9659966 0.2583305 0.0107637 -0.6244113 0.7810686 -0.006527483 -0.5545505 -0.8318293 -0.02310627 0.9416705 0.3138936 0.1213576 0.9938585 -0.1026179 0.04141074 0.2187792 0.9756041 0.01823157 -0.947943 -0.315981 0.03949761 -0.8882293 -0.4558528 0.05698174 0.9457336 0.315241 0.0788111 0.8315522 -0.5543651 -0.034648 -0.315244 0.9457326 0.07881104 0.5543669 0.831551 -0.03464794 -0.9935727 0.1128059 0.009400308 0.3159806 -0.9479432 0.03949749 0.5647554 -0.8222334 0.07059437 -0.3159808 0.9479432 0.03949761 -0.315981 0.947943 0.03949761 0.3139808 -0.9419424 0.1189987 -0.560386 -0.8275136 -0.03447967 -0.6225289 0.7787185 0.07781606 0.315244 -0.9457326 0.07881104 -0.5543669 -0.831551 -0.03464794 0.9946752 -0.1027045 0.008558571 -0.315244 0.9457326 0.07881098 0.5543671 0.8315507 -0.03464788 -0.9935726 0.1128059 0.009400308 0.3159808 -0.9479432 0.03949761 0.5647552 -0.8222337 0.07059437 -0.9457336 -0.315241 0.0788111 -0.8315525 0.5543648 -0.03464794 -0.1732597 -0.9847704 0.01443833 0.947943 0.315981 0.03949761 0.8792682 0.4726489 0.05908089 -0.9457337 -0.3152408 0.07881104 -0.8315525 0.5543648 -0.034648 0 -1 0 0.9479432 0.3159807 0.03949761 0.9479421 0.3159838 0.03949755 0.2187793 0.975604 0.01823145 -0.9479432 -0.3159807 0.03949755 -0.8882293 -0.4558528 0.05698186 0.9457336 0.3152408 0.07881116 0.5545505 0.8318293 -0.02310627 -0.94222 -0.3140767 0.1165213 -0.9927664 0.1127119 0.04136526 0.5661376 -0.8242406 -0.01075434 0.9473695 0.3157863 0.05263161 -0.3157885 0.9473688 0.05263149 -0.8318281 0.5545522 -0.02310633 0.3139808 -0.9419424 0.1189982 -0.1731322 -0.9840449 0.04100197 0.8806809 0.473406 -0.01696974 -0.9457336 -0.3152411 0.07881134 -0.8315522 0.5543651 -0.03464788 0.947943 0.315981 0.03949749 0.947942 0.3159841 0.03949767 -0.3136807 0.9410428 0.1266611 0.5862343 0.8094392 -0.03372621 0.315981 -0.947943 0.03949803 0 1 -2.27373e-7 -0.947942 -0.3159841 0.03949755 -0.1732591 -0.9847705 0.01443833 0.8792679 0.4726492 0.05908113 -0.3136791 0.9410431 0.126662 -0.9685654 -0.2485436 0.01035594 0.3159826 -0.9479425 0.03949803 -0.316117 0.9483545 -0.02634304 -0.9473674 -0.3157925 0.05263161 -0.5545535 -0.8318273 -0.02310639 0.9457336 0.315241 0.07881087 0.9991331 0 0.04163062 0.6726102 -0.739997 0 0.6726102 -0.739997 0 -0.3044888 -0.9525159 0 -0.304489 -0.9525159 0 -0.9771481 -0.21256 0 -0.977148 -0.2125604 0 -0.6726099 0.7399973 0 -0.67261 0.7399972 0 0.3044914 0.9525151 0 0.3044909 0.9525153 0 0.9771482 0.2125595 0 0.9771477 0.2125613 0 1.96939e-6 0 -1 -7.77378e-7 0 -1 3.60397e-7 0 -1 7.77378e-7 0 -1 -3.60397e-7 0 -1 -0.8100308 -0.5826731 0.06589525 -0.6633843 -0.7471644 0.04082602 -0.6629304 -0.7474499 0.04291635 -0.5352716 -0.843675 -0.04119366 -0.5356665 -0.8433207 -0.04326146 -0.3366887 -0.9393063 -0.06591141 0.582671 -0.8100324 0.06589424 0.7471627 -0.6633861 0.04082524 0.7474483 -0.6629325 0.04291558 0.8436759 -0.5352702 -0.04119414 0.8433216 -0.535665 -0.04326194 0.939307 -0.3366871 -0.06591171 0.8100344 0.5826679 0.0658977 0.6633889 0.7471601 0.04082882 0.662935 0.7474459 0.04291903 0.5352731 0.8436741 -0.04119408 0.535668 0.8433198 -0.04326188 0.3366903 0.9393059 -0.06591159 -0.5826697 0.8100333 0.0658937 -0.7471618 0.6633873 0.04082465 -0.7474471 0.6629337 0.04291498 -0.8436744 0.5352725 -0.0411939 -0.8433201 0.5356674 -0.0432617 -0.939306 0.3366897 -0.06591171 -1.3474e-6 0 -1 -2.35802e-6 0 1 3.84223e-7 0 1 2.20589e-6 0 1 -4.84489e-6 0 1 0.6001738 0.07023191 0.7967803 0.5736685 0.1913069 0.7964333 0.5904192 0.1937041 0.7835074 -0.04971802 0.6027104 0.7964097 -0.1714614 0.5793801 0.7968186 -0.1736248 0.5948379 0.7848709 -0.5904082 -0.1937037 0.7835158 -0.6001623 -0.07023048 0.7967891 -0.5736573 -0.1913033 0.7964423 0.1736223 -0.5948253 0.7848809 0.04971438 -0.6026886 0.7964264 0.1714562 -0.5793672 0.7968291 0.995214 0.09462827 0.02438813 0.9950509 0.09474438 0.02995461 0.9436599 0.3300711 0.02364623 0.8593977 0.5112528 -0.007506489 0.9567036 0.2910628 9.26845e-4 0.859274 0.511515 9.2533e-4 -0.08813363 0.9961087 4.20482e-4 0.1526108 0.9882707 -0.005562603 -0.08828467 0.9960798 -0.00556004 -0.06808662 0.9974178 0.02284771 -0.06811487 0.9974572 0.0209645 -0.3048126 0.9521204 0.02358192 -0.9352162 0.3534925 -0.02034395 -0.8234426 0.5670301 -0.02046954 -0.9352142 0.3534914 -0.02045351 -0.9952141 -0.09462714 0.02438753 -0.9950511 -0.09474325 0.02995407 -0.9436762 -0.3300247 0.02364593 -0.8594015 -0.5112465 -0.007507026 -0.9567057 -0.2910557 9.26302e-4 -0.8592777 -0.5115087 9.24781e-4 0.0881285 -0.9961091 4.22239e-4 -0.1526159 -0.9882701 -0.005560874 0.08827972 -0.9960802 -0.005558311 0.06808245 -0.9974181 0.02284461 0.06811106 -0.9974576 0.02096146 0.3048089 -0.9521216 0.02357888 0.9352161 -0.3534924 -0.02034413 0.8234427 -0.5670301 -0.02046978 0.9352142 -0.3534913 -0.02045375 -0.451617 0.892212 0 0.5470454 0.837103 0 -0.547047 -0.8371021 0 2.06808e-6 0 -1 8.35366e-7 0 -1 -1.76527e-6 0 -1 -8.35361e-7 0 -1 -2.06809e-6 0 -1 1.76527e-6 0 -1 0.9894432 0.1290726 0.06589806 0.9382924 0.3434233 0.04083925 0.9380288 0.3438886 0.04292547 0.8716638 0.4883882 -0.04097914 0.8718451 0.4878846 -0.04306668 0.742338 0.6667622 -0.06604897 -0.1290748 0.9894429 0.06589692 -0.3434254 0.9382917 0.040838 -0.3438905 0.9380282 0.04292428 -0.4883892 0.8716633 -0.04097801 -0.4878857 0.8718445 -0.0430656 -0.6667988 0.7423053 -0.06604671 -0.9894433 -0.1290728 0.06589728 -0.9382925 -0.3434234 0.04083806 -0.9380289 -0.3438887 0.0429244 -0.8716654 -0.4883852 -0.04098033 -0.8718468 -0.4878816 -0.04306787 -0.7423402 -0.6667596 -0.06605046 0.1290714 -0.9894433 0.06589955 0.3434221 -0.9382928 0.04084062 0.3438876 -0.9380292 0.04292678 0.4883469 -0.8716874 -0.04097074 0.4878507 -0.8718662 -0.04302573 0.6667611 -0.7423387 -0.06605273 -3.25271e-6 0 1 2.52619e-6 0 1 5.82964e-7 0 1 3.25272e-6 0 1 -1.88743e-6 0 1 -2.79193e-6 0 1 -0.5157754 0.2302712 0.8251976 -0.4428175 0.3312056 0.8331961 -0.5057585 0.2243312 0.832997 -0.5081495 -0.1939651 0.8391435 -0.4510062 -0.3040565 0.8391324 -0.4590364 -0.3085034 0.8331333 -0.1079681 -0.5419005 0.8334787 0.01567596 -0.5519946 0.8337005 0.01501137 -0.5620455 0.8269701 0.4428275 -0.3312098 0.833189 0.5057692 -0.2243335 0.8329899 0.5157854 -0.2302753 0.8251901 0.5081602 0.1939639 0.8391372 0.4510164 0.3040574 0.8391267 0.4590481 0.308503 0.8331272 -0.01500993 0.5620433 0.8269717 0.1079711 0.541906 0.8334748 -0.01567512 0.5520006 0.8336965 -0.7942859 0.6073887 0.01374065 -0.794372 0.6073579 0.009464204 -0.9165559 0.3996832 0.01337063 -0.936578 -0.3503941 -0.006757915 -0.936452 -0.3507819 0.003112077 -0.8255339 -0.564312 -0.006765842 -0.7546122 -0.6555237 -0.02914047 -0.8896352 -0.4561622 -0.02157336 -0.7546141 -0.6558142 -0.02157348 -0.2011875 -0.9792708 0.02350407 -0.2011465 -0.9792001 0.02659654 0.0390293 -0.9989528 0.02387946 0.6740525 -0.7380179 -0.03134846 0.47781 -0.8779406 -0.03030133 0.6740745 -0.7380409 -0.03031569 0.7942873 -0.6073871 0.0137403 0.7943733 -0.6073562 0.009463846 0.9165567 -0.3996812 0.01337027 0.9365779 0.3503944 -0.006758451 0.9364519 0.3507823 0.00311166 0.8255338 0.5643123 -0.006766319 0.7546122 0.6555238 -0.02914106 0.8896352 0.4561622 -0.02157396 0.7546141 0.6558142 -0.02157407 0.2011882 0.9792706 0.0235033 0.2011471 0.9792 0.02659565 -0.03902864 0.9989528 0.02387869 -0.6740561 0.7380148 -0.03134834 -0.4778141 0.8779382 -0.03030133 -0.6740781 0.7380378 -0.03031569 -0.690701 0.7231405 0 -0.6907014 0.7231401 0 0.2808721 0.9597452 0 0.2808722 0.9597452 0 0.9716315 0.2365003 2.09084e-7 0.9716315 0.2365003 0 0.9716315 0.2365003 0 0.9715521 0.2368259 0 0.690701 -0.7231405 0 0.6907014 -0.7231401 0 -0.28087 -0.9597459 0 -0.2808701 -0.9597458 0 -0.9715523 -0.2368254 0 -0.9716316 -0.2364999 0 -0.9716316 -0.2364999 0 -0.9716316 -0.2364999 0 -3.72526e-6 0 -1 1.02353e-6 0 -1 -1.02353e-6 0 -1 2.46731e-6 0 1 1.65461e-6 0 1 -5.66575e-7 0 1 -2.46733e-6 0 1 -0.9834431 0.1794242 0.02543359 -0.9831942 0.1787044 0.0373367 -0.9992565 -0.02898925 0.02542281 -0.91196 -0.4043799 -0.06932508 -0.9766505 -0.2059775 -0.06105017 -0.9123421 -0.4048509 -0.06105446 -0.7167846 -0.6962191 0.03871506 -0.7168237 -0.6963918 0.03467476 -0.5562759 -0.8300966 0.03868848 0.2417766 -0.9698992 -0.02897745 0.2445737 -0.9696163 -0.005296766 0.4381855 -0.8984172 -0.02898102 0.4246489 -0.9041937 -0.04590499 0.2295944 -0.9729748 -0.02462941 0.4268872 -0.9039696 -0.024625 0.983444 -0.1794187 0.0254333 0.9831953 -0.1786988 0.03733658 0.9992563 0.02899479 0.02542251 0.9119601 0.4043797 -0.06932461 0.9766506 0.2059773 -0.06104958 0.9123423 0.4048508 -0.06105381 0.7167795 0.6962242 0.03871631 0.7168187 0.6963968 0.03467613 0.55627 0.8301005 0.03868979 -0.2417737 0.9699 -0.02897763 -0.2445707 0.9696171 -0.005297005 -0.4381828 0.8984186 -0.0289812 -0.4246495 0.9041931 -0.04591101 -0.229595 0.9729744 -0.02463543 -0.4268875 0.9039693 -0.02463102 2.91875e-6 0 1 1.23277e-6 0 1 0.9686479 -0.248259 -0.009431242 0.9980924 -0.05769145 0.02198576 0.9982627 -0.05740809 0.01326769 0.3118075 0.9498836 -0.02229863 0.3121452 0.9499418 -0.01326489 0.1236082 0.9922943 0.008563935 0.2482591 0.9686478 -0.009429752 0.05769157 0.9980924 0.02198714 0.05740815 0.9982627 0.01326906 -0.9498846 0.3118045 -0.02230161 -0.9499432 0.3121423 -0.01323902 -0.9922946 0.1236052 0.008561015 -0.968649 0.2482545 -0.009430527 -0.9980927 0.05768686 0.02198642 -0.998263 0.05740344 0.01326835 -0.3118013 -0.9498856 -0.02230352 -0.3121394 -0.9499436 -0.01326984 -0.1236481 -0.9922894 0.008547544 -0.2482532 -0.9686492 -0.009433627 -0.05773317 -0.9980901 0.02197951 -0.05745047 -0.9982607 0.01323801 0.9498847 -0.3118042 -0.0223006 0.9499428 -0.3121422 -0.0132668 0.9922946 -0.123605 0.008562088 0.547047 0.8371021 0 0.451617 -0.892212 0 -0.5470454 -0.837103 0 2.06809e-6 0 -1 8.35361e-7 0 -1 -1.76527e-6 0 -1 -8.35366e-7 0 -1 -2.06808e-6 0 -1 1.76527e-6 0 -1 0.9894433 0.1290728 0.06589728 0.9382925 0.3434234 0.04083806 0.9380289 0.3438887 0.0429244 0.8716654 0.4883852 -0.04098033 0.8718468 0.4878816 -0.04306787 0.7423402 0.6667596 -0.06605046 -0.1290714 0.9894433 0.06589955 -0.3434221 0.9382928 0.04084062 -0.3438876 0.9380292 0.04292678 -0.4883469 0.8716874 -0.04097074 -0.4878507 0.8718662 -0.04302573 -0.6667611 0.7423387 -0.06605273 -0.9894432 -0.1290726 0.06589806 -0.9382924 -0.3434233 0.04083925 -0.9380288 -0.3438886 0.04292547 -0.8716638 -0.4883882 -0.04097914 -0.8718451 -0.4878846 -0.04306668 -0.742338 -0.6667622 -0.06604897 0.1290748 -0.9894429 0.06589692 0.3434254 -0.9382917 0.040838 0.3438905 -0.9380282 0.04292428 0.4883892 -0.8716633 -0.04097801 0.4878857 -0.8718445 -0.0430656 0.6667988 -0.7423053 -0.06604671 -3.25272e-6 0 1 1.88743e-6 0 1 2.79193e-6 0 1 -5.82964e-7 0 1 -2.52619e-6 0 1 3.25271e-6 0 1 -0.5157843 0.2302758 0.8251907 -0.4428263 0.3312101 0.8331896 -0.5057681 0.2243338 0.8329904 -0.5081602 -0.1939639 0.8391372 -0.4510164 -0.3040574 0.8391267 -0.4590481 -0.308503 0.8331272 -0.1079739 -0.5419047 0.8334753 0.01567232 -0.5519994 0.8336973 0.01500707 -0.5620421 0.8269725 0.4428246 -0.331209 0.8331909 0.5057668 -0.2243327 0.8329916 0.5157828 -0.2302748 0.8251919 0.5081495 0.1939651 0.8391435 0.4510062 0.3040565 0.8391324 0.4590364 0.3085034 0.8331333 -0.01501011 0.5620458 0.82697 0.1079693 0.5419008 0.8334785 -0.01567471 0.5519948 0.8337002 -0.7942873 0.6073871 0.0137403 -0.7943733 0.6073562 0.009463846 -0.9165567 0.3996812 0.01337027 -0.9365779 -0.3503944 -0.006758451 -0.9364519 -0.3507823 0.00311166 -0.8255338 -0.5643123 -0.006766319 -0.7546122 -0.6555238 -0.02914106 -0.8896352 -0.4561622 -0.02157396 -0.7546141 -0.6558142 -0.02157407 -0.2011882 -0.9792706 0.02350413 -0.2011473 -0.9791999 0.0265966 0.03902852 -0.9989528 0.02387982 0.6740555 -0.7380153 -0.03134828 0.4778136 -0.8779386 -0.03030133 0.6740776 -0.7380383 -0.03031569 0.7942859 -0.6073887 0.01374083 0.794372 -0.6073579 0.009464204 0.9165559 -0.3996832 0.01337045 0.936578 0.3503941 -0.006757915 0.936452 0.3507819 0.003112077 0.8255339 0.564312 -0.006765842 0.7546122 0.6555237 -0.02914047 0.8896352 0.4561622 -0.02157336 0.7546141 0.6558142 -0.02157348 0.2011876 0.9792708 0.02350312 0.2011465 0.9792001 0.02659559 -0.0390293 0.9989528 0.02387851 -0.6740522 0.7380182 -0.03134846 -0.4778096 0.8779407 -0.03030127 -0.6740744 0.7380412 -0.03031569 -0.8511499 0.5249229 0 -0.8511503 0.5249221 0 0.02897322 0.9995802 0 0.02897328 0.9995802 0 0.8802083 0.4745877 0 0.8802083 0.4745877 0 0.8511496 -0.5249233 0 -0.02897322 -0.9995802 0 -0.02897328 -0.9995802 0 -0.8802076 -0.4745888 0 -0.8802079 -0.4745885 0 -1.55924e-6 0 -1 2.80038e-6 0 1 -1.4002e-6 0 1 -7.8962e-7 0 1 2.47949e-6 0 1 7.89615e-7 0 1 -0.9927774 -0.1035004 0.06067049 -0.9927678 -0.1034985 0.0608291 -0.9494719 -0.3079286 0.06068909 -0.5301203 -0.8467751 -0.04409623 -0.6947154 -0.7182092 -0.03931874 -0.5301511 -0.8469915 -0.03930872 0.0863924 -0.9953604 0.04235512 0.08748418 -0.9944714 0.05807977 0.2915896 -0.9556068 0.0423246 0.3836938 -0.9234277 -0.007777631 0.1852735 -0.9826047 0.01272571 0.3854943 -0.9226227 0.01271152 0.9990633 -0.03790956 -0.02087259 0.9692281 -0.2444516 -0.02898907 0.9988735 -0.03755223 -0.02901095 0.9927824 0.1034519 0.06067019 0.9927729 0.10345 0.0608291 0.9494721 0.3079279 0.06068915 0.5301243 0.8467724 -0.04409879 0.6947189 0.7182058 -0.03932106 0.5301553 0.8469889 -0.03931105 -0.08640354 0.9953595 0.04235506 -0.08749526 0.9944704 0.05807983 -0.2916003 0.9556035 0.04232454 -0.3837082 0.9234216 -0.00777775 -0.1852889 0.9826018 0.01272565 -0.385509 0.9226166 0.0127114 -0.9990633 0.03790801 -0.02087128 -0.9692286 0.24445 -0.02898788 -0.9988736 0.0375505 -0.02900975 -1.45314e-6 0 1 0.6027078 0.7976624 -0.02186709 0.6030294 0.7976087 -0.01326131 0.4384948 0.8986808 0.009748339 0.548799 0.8359136 -0.008263945 0.3779382 0.9255599 0.02240204 0.377716 0.9258267 0.01325565 -0.7976673 0.6027013 -0.02186626 -0.7976137 0.6030229 -0.01326119 -0.8986847 0.4384871 0.009746491 -0.83593 0.5487741 -0.008252382 -0.9255711 0.3779099 0.02240997 -0.9258381 0.3776878 0.01326453 -0.602766 -0.797618 -0.02187865 -0.6030879 -0.7975643 -0.01327323 -0.4385606 -0.8986489 0.009734988 -0.5488407 -0.8358862 -0.008260786 -0.3779842 -0.9255411 0.02240419 -0.3777617 -0.9258079 0.01325815 0.7976611 -0.6027095 -0.02186846 0.7976074 -0.6030313 -0.01326274 0.8986799 -0.4384968 0.009746968 0.8359134 -0.5487993 -0.008262097 0.9255596 -0.3779385 0.02240377 0.9258265 -0.3777162 0.0132575 -1.34465e-6 0 -1 0.9999994 -9.39139e-4 6.93602e-4 0.9999991 0.001445412 1.45426e-6 0.9999984 -4.21174e-4 0.001742839 1 -2.50959e-6 0 -0.9999477 -0.009638607 0.003405451 -0.9999998 -2.67159e-4 6.9322e-4 -0.9999992 -1.92268e-6 0.00123161 -1 -2.00838e-4 0 -0.9999994 9.39139e-4 6.93602e-4 -0.9999991 -0.001445412 1.45426e-6 -0.9999984 4.21174e-4 0.001742839 -1 2.50959e-6 0 0.9999477 0.009638607 0.003405451 0.9999998 2.67159e-4 6.9322e-4 0.9999992 1.92268e-6 0.00123161 1 2.00838e-4 0 -6.60974e-7 0 1 3.52901e-6 0 1 -4.70354e-5 0 1 7.06643e-6 0 1 -7.6771e-6 0 1 -7.40481e-6 0 1 -1.73099e-6 0 1 1.00565e-5 0 1 -5.08512e-6 0 1 -6.03085e-6 0 1 -1.02974e-5 0 1 -8.132e-7 0 1 7.40481e-6 0 1 -4.65768e-7 0 1 -9.00471e-6 0 1 6.60974e-7 0 1 7.6771e-6 0 1 -8.22589e-6 0 1 -1.19199e-5 0 1 1.09679e-5 0 1 5.95994e-6 0 1 -4.79229e-6 0 1 5.82934e-6 0 1 3.04607e-5 0 1 1.1464e-5 0 1 -3.88186e-6 0 1 -4.87371e-5 0 1 1.11977e-5 0 1 6.87717e-6 0 1 -5.25048e-6 0 1 4.09326e-5 0 1 -5.67348e-6 0 1 -1.56027e-5 0 1 -3.04607e-5 0 1 2.66118e-5 0 1 1.95123e-6 0 1 6.30243e-6 0 1 -3.68542e-6 0 1 -4.716e-6 0 1 1.56027e-5 0 1 3.04607e-5 0 1 5.67348e-6 0 1 -9.55534e-6 0 1 4.87371e-5 0 1 4.74375e-6 0 1 3.88186e-6 0 1 -3.04607e-5 0 1 -4.70946e-5 0 1 9.58459e-6 0 1 5.25048e-6 0 1 -1.37543e-5 0 1 -7.99221e-7 0 -1 0 0 -1 0 0 -1 -1.53219e-6 0 -1 -4.48124e-7 0 -1 -7.29961e-6 -1.51802e-6 -1 1.90702e-6 0 -1 2.88622e-5 4.33239e-6 -1 -4.53146e-5 -4.48786e-6 -1 -8.90188e-5 7.69253e-6 -1 8.1495e-6 0 -1 -9.39057e-7 0 -1 -9.23211e-7 0 -1 6.29029e-6 0 -1 4.82438e-6 -1.49624e-6 -1 -9.26146e-6 2.05525e-6 -1 1.89338e-5 8.3154e-6 -1 8.3691e-7 -1.06918e-6 -1 -2.38795e-5 -1.25068e-5 -1 0 5.72399e-7 -1 3.45949e-5 1.24763e-5 -1 -9.35254e-7 0 -1 8.19015e-5 -7.43175e-6 -1 -1.1098e-6 0 -1 -1.38979e-7 0 -1 1.77779e-6 0 -1 3.28707e-6 0 -1 8.66472e-6 0 -1 -2.94041e-6 0 -1 2.01855e-6 0 -1 1.15825e-6 0 -1 1.78688e-7 0 -1 5.01042e-7 0 -1 6.44826e-7 0 -1 -9.05926e-7 0 -1 -1.11843e-6 0 -1 -2.13726e-6 0 -1 0 6.26131e-7 1 0 4.91624e-7 1 0 6.16087e-7 1 4.9685e-6 0 1 8.33158e-7 0 1 1.95822e-6 0 1 -1.07412e-6 0 1 1.17075e-6 0 1 6.25847e-6 0 1 -1.92398e-5 0 1 1.45912e-6 0 1 0 1.9876e-7 1 -3.7167e-6 0 1 0 0 1 0 0 1 -4.37983e-7 0 1 -8.70306e-6 0 1 1.93381e-5 4.88005e-7 1 -1.2221e-4 -7.14736e-6 1 1.85206e-4 1.43121e-5 1 0 1.90709e-7 1 1.80834e-6 -2.90347e-7 1 0 0 1 -1.58264e-5 4.73515e-7 1 6.21355e-7 0 1 -1.3428e-6 0 1 0 0 1 6.25156e-7 -2.61747e-7 1 -7.43464e-7 0 1 -1.23572e-7 0 1 1.1203e-6 0 1 0 -3.02455e-7 1 -1.23671e-6 4.93522e-7 1 -2.47794e-7 -2.04389e-7 1 0 -6.16087e-7 1 0 -6.26131e-7 1 0 -4.40879e-7 1 3.7167e-6 -2.49544e-7 1 6.44623e-7 0 1 4.22824e-6 2.73485e-7 1 -3.61588e-6 1.38731e-7 1 -1.71305e-6 0 1 5.79766e-7 0 1 1.24276e-6 0 1 0 1.52055e-7 1 -1.70606e-7 1.50719e-7 1 1.23572e-7 0 1 1.4096e-4 -4.09529e-6 1 6.10474e-6 -1.24518e-7 1 1.18311e-6 0 1 -1.22005e-5 7.43787e-7 1 0 -1 -1.44205e-6 -0.07938259 0.996641 0.02013158 0.1258516 0.9919282 -0.01548564 -0.08073824 0.9966354 0.01411598 0.08226406 0.9965214 -0.01334071 0.08085846 0.9965339 -0.01954668 -0.1232403 0.9922361 0.01671195 0.9352654 0.3539476 3.07584e-5 0.9348915 0.3549338 2.3953e-5 0.9348915 0.3549338 -6.39484e-7 -0.2534947 0.9673163 0.006284236 -0.448679 0.8936743 -0.005788326 -0.4488182 0.8936159 -0.003605067 -0.358269 0.9336185 -5.33834e-6 -0.3582092 0.9336408 -0.001008152 -0.5442937 0.8388586 -0.007784307 -0.6028536 0.7978275 0.006248652 -0.7554532 0.6552027 2.43284e-4 -0.7554779 0.6551733 0.001050949 -0.7305313 0.6828792 -2.35344e-4 -0.7305048 0.6829069 -0.001042783 -0.8564356 0.5162163 -0.006244242 -0.8684563 0.4957339 0.005614995 -0.9525194 0.3044779 4.82245e-4 -0.9525274 0.3044509 0.001193225 -0.9354924 0.3533446 0.001260876 -0.9354784 0.3533839 2.44947e-4 -0.988478 0.1512832 -0.004980325 -0.991053 0.1334641 0.001204609 -0.9910525 0.1334664 0.001313686 -0.9995727 0.02917951 0.001727998 -0.9994328 -0.03364455 -0.001539289 -0.9974792 0.07095992 -2.10694e-4 -0.9904481 -0.1378818 -0.001123368 -0.9896554 -0.143352 0.005703866 -0.9383071 -0.345801 -0.001235127 -0.9382899 -0.3458498 -1.39848e-4 -0.9557376 -0.2942204 -2.86438e-4 -0.9557477 -0.2941858 -0.001072824 -0.8737481 -0.4863404 -0.006103456 -0.8789496 -0.4768964 0.004189491 -0.7606506 -0.6491612 7.43193e-4 -0.7606419 -0.6491705 0.001268744 -0.7555301 -0.6551123 -0.001562774 -0.755526 -0.6551175 -0.001240134 -0.6028732 -0.7978348 -0.001938521 -0.7107675 -0.7034271 3.43509e-5 -0.5490314 -0.8358005 0.001426398 -0.5490336 -0.8357998 9.08296e-4 -0.4493156 -0.893372 -0.001428365 -0.4493139 -0.8933735 -9.08872e-4 -0.2538096 -0.9672542 -2.51504e-5 -0.4304366 -0.9026196 -0.001536369 -0.233422 -0.9723753 6.09841e-4 -0.2334205 -0.9723759 7.34973e-6 0.988478 -0.1512831 -0.004980325 0.9354924 -0.3533446 0.001260876 0.9354784 -0.3533838 2.44961e-4 0.9525195 -0.3044775 4.82262e-4 0.9525275 -0.3044504 0.001193225 0.8684566 -0.4957336 0.005614995 0.8564355 -0.5162164 -0.006244242 0.7305313 -0.6828793 -2.35358e-4 0.7305047 -0.6829069 -0.001042842 0.7554531 -0.6552028 2.43308e-4 0.7554779 -0.6551734 0.001051008 0.6028535 -0.7978276 0.006248712 0.5442937 -0.8388586 -0.007784247 0.3582689 -0.9336185 -5.29643e-6 0.3582092 -0.9336408 -0.001008093 0.448679 -0.8936743 -0.005788385 0.4488182 -0.8936159 -0.003605067 0.2534948 -0.9673163 0.006284236 -0.9348915 -0.3549337 2.39547e-5 -0.9348915 -0.3549338 -6.37866e-7 -0.9352654 -0.3539476 3.07601e-5 -0.08085846 -0.996534 -0.01954656 0.1232403 -0.9922362 0.01671206 -0.08226412 -0.9965213 -0.01334059 0.0807383 -0.9966354 0.01411598 0.07938259 -0.996641 0.02013158 -0.1258516 -0.9919283 -0.01548564 -0.6852804 -0.7282794 2.36739e-4 -0.6845121 -0.7290015 1.59645e-4 -0.6852806 -0.7282791 1.4143e-4 0.6845121 0.7290015 1.59642e-4 0.6852806 0.7282791 1.41427e-4 0.6852804 0.7282794 2.36737e-4 0.2334219 0.9723753 6.09888e-4 0.2334204 0.972376 7.39649e-6 0.4304366 0.9026196 -0.001536309 0.2538096 0.9672542 -2.51736e-5 0.4493157 0.8933719 -0.001428365 0.4493141 0.8933734 -9.08893e-4 0.5490314 0.8358005 0.001426458 0.5490336 0.8357999 9.08319e-4 0.7107675 0.7034271 3.43742e-5 0.6028733 0.7978347 -0.001938521 0.7555302 0.6551121 -0.001562774 0.7555261 0.6551173 -0.001240134 0.7606506 0.6491613 7.43206e-4 0.7606419 0.6491707 0.001268744 0.8789496 0.4768965 0.00418955 0.8737481 0.4863406 -0.006103456 0.9557376 0.2942206 -2.86428e-4 0.9557476 0.294186 -0.001072824 0.9383071 0.3458011 -0.001235127 0.9382899 0.3458499 -1.39834e-4 0.9896554 0.1433521 0.005703866 0.9904481 0.1378817 -0.001123368 0.9994328 0.03364443 -0.001539289 0.9974792 -0.07096004 -2.10686e-4 0.9910525 -0.1334668 0.001313686 0.9995728 -0.02917993 0.001728057 0.9910529 -0.1334645 0.001204609 -1 0 -3.72528e-7 -1 0 -3.7253e-7 -1 0 -3.72529e-7 0.007747173 0.9993283 -0.03581994 -0.01030081 0.9991484 0.03995776 -0.7678394 0.6390682 -0.04488521 -0.5760426 0.8160438 -0.04740923 -0.7677749 0.6389616 -0.04743099 -0.9301694 0.3630074 0.05486851 -0.9297909 0.3626452 0.06306654 -0.9924662 0.1095541 0.05485355 -0.9259877 -0.3719275 -0.06493836 -0.9911981 -0.1194558 -0.0570665 -0.9263664 -0.3722726 -0.05708271 -0.7722371 -0.6335437 0.04766905 -0.7723277 -0.6337548 0.04318398 -0.5817534 -0.8119685 0.04764664 0.004656314 -0.99952 -0.0306282 -0.007749915 -0.9996787 0.02413439 0.7677607 -0.6391158 -0.04554873 0.5759226 -0.8159183 -0.05089676 0.7676554 -0.6388367 -0.05092161 0.9215258 -0.3836828 0.05981445 0.9211494 -0.3833598 0.06722462 0.9894859 -0.131689 0.05979663 0.9259889 0.3719243 -0.06493848 0.9911985 0.1194524 -0.05706655 0.9263678 0.3722693 -0.05708277 0.7633619 0.6440201 0.0501675 0.7634395 0.644159 0.04710954 0.570441 0.8198066 0.05014389 0.007747888 0.9993283 -0.03582 -0.01030147 0.9991481 0.03996264 -0.7678332 0.6390757 -0.04488551 -0.5760347 0.8160494 -0.04740875 -0.7677689 0.638969 -0.04743045 -0.9301701 0.3630055 0.05486816 -0.9297916 0.3626433 0.0630666 -0.9924663 0.1095522 0.0548532 -0.9259893 -0.371923 -0.06493937 -0.9911987 -0.119451 -0.05706709 -0.9263682 -0.372268 -0.0570833 -0.7722343 -0.633547 0.0476709 -0.772325 -0.6337579 0.04318618 -0.5817499 -0.8119708 0.04764842 0.004656672 -0.9995201 -0.03062605 -0.007750272 -0.9996786 0.02413874 0.7677562 -0.6391211 -0.04554879 0.5759169 -0.8159224 -0.05089634 0.767651 -0.638842 -0.05092114 0.9215273 -0.3836789 0.059816 0.9211508 -0.3833561 0.06722646 0.9894864 -0.131685 0.05979818 0.9259893 0.371923 -0.06493955 0.9911987 0.1194511 -0.05706727 0.9263683 0.372268 -0.05708348 0.7633556 0.6440275 0.05016893 0.7634333 0.6441663 0.04711169 0.5704329 0.8198119 0.05014526 -0.7681389 0.6402739 -0.003475368 -0.5767163 0.8167876 -0.01601248 -0.7684512 0.6397079 -0.0160228 -0.7659083 0.6411696 0.04781389 -0.7659878 0.6412053 0.04602646 -0.905862 0.4208688 0.04778772 -0.9257465 -0.3720607 -0.06756061 -0.9903278 -0.1192266 -0.07096427 -0.9254968 -0.3720434 -0.07098978 -0.831463 -0.5526629 0.05686014 -0.831645 -0.5531246 0.04919332 -0.6598158 -0.7492755 0.0568282 0.004656314 -0.9995199 -0.03063255 -0.00775063 -0.9996786 0.02414089 0.7677571 -0.6391198 -0.04555094 0.5759181 -0.8159214 -0.05089843 0.7676518 -0.6388409 -0.05092322 0.9215276 -0.3836783 0.05981528 0.9211511 -0.3833554 0.06722581 0.9894866 -0.1316843 0.05979746 0.9259893 0.371923 -0.06493937 0.9911987 0.119451 -0.05706709 0.9263682 0.372268 -0.0570833 0.763355 0.6440281 0.05016988 0.7634328 0.6441669 0.04711246 0.5704322 0.8198125 0.05014622 0.00774759 0.9993284 -0.03581571 -0.003292441 0.9999392 0.01052838 -0.001510679 0.9999943 0.003050923 -0.01030081 0.9991482 0.03995954 0.767763 -0.6391131 -0.04554891 0.5759254 -0.8159164 -0.050897 0.7676576 -0.638834 -0.05092179 0.9215272 -0.3836797 0.05981451 0.9211507 -0.3833568 0.06722468 0.9894864 -0.1316857 0.05979669 0.9545742 0.293897 -0.04911857 0.9985684 0.03707271 -0.0385589 0.9549064 0.2943916 -0.03856557 0.7638349 0.6445394 0.03354448 0.7635632 0.6444885 0.04007714 0.5709133 0.8203254 0.03353291 0.3401811 0.9400319 -0.02483683 0.5717372 0.8202822 -0.01592731 0.3399718 0.9403008 -0.01593118 0.004656314 -0.99952 -0.03063035 -0.007749915 -0.9996787 0.02413439 -0.7678377 0.6390702 -0.04488503 -0.5760403 0.8160453 -0.04740911 -0.7677733 0.6389638 -0.04743087 -0.9301673 0.3630127 0.05486994 -0.9297888 0.3626505 0.06306791 -0.9924655 0.1095598 0.05485492 -0.9259889 -0.3719243 -0.06493848 -0.9911985 -0.1194524 -0.05706655 -0.9263678 -0.3722693 -0.05708277 -0.7722409 -0.6335389 0.04766941 -0.7723318 -0.6337498 0.04318416 -0.5817586 -0.8119648 0.04764693 0.7133969 0.7006865 0.01016932 0.6071256 0.7945348 0.01063108 0.5077719 0.8614099 0.01186448 0.1885488 0.9819921 -0.01186674 0.4362477 0.8997452 -0.01211386 0.1885476 0.9819895 -0.01210594 0.06905043 0.9975413 0.01198315 0.0690487 0.9975481 0.01140874 -0.1914487 0.9814295 0.01198369 -0.4757106 0.8795647 -0.008090674 -0.2318986 0.9727045 -0.008310854 -0.4757102 0.8795629 -0.008309483 -0.4709104 0.8821651 0.005304455 -0.4709311 0.8821642 0.003186404 -0.6831475 0.7302612 0.005315899 -0.7133969 -0.7006865 0.01017004 -0.6071256 -0.7945348 0.01063108 -0.5077719 -0.8614099 0.01186382 -0.1885488 -0.9819921 -0.01186674 -0.4362477 -0.8997452 -0.01211386 -0.1885477 -0.9819895 -0.012106 -0.06905055 -0.9975413 0.01198244 -0.06904876 -0.9975481 0.01140874 0.1914486 -0.9814295 0.01198446 0.4757106 -0.8795647 -0.008090674 0.2318986 -0.9727045 -0.008310854 0.4757102 -0.8795629 -0.008309483 0.4709104 -0.8821651 0.005304455 0.4709311 -0.8821642 0.003186404 0.6831475 -0.7302612 0.005315899 -0.7663369 -0.6424375 -0.001354873 -0.6678611 -0.7442809 0.002731382 -0.7662829 -0.6424938 -0.003527224 -0.7203667 -0.6935809 -0.004178881 -0.7203758 -0.6935784 -0.002791225 -0.8753069 -0.48355 -0.00418353 -0.9997339 -0.02294194 0.002436816 -0.9597442 -0.2808489 0.003892242 -0.9997295 -0.02293306 0.003883063 -0.9972378 -0.07420015 -0.003339231 -0.9972424 -0.07419127 -0.00184524 -0.9824723 0.1863787 -0.003343164 -0.8513452 0.524604 0.001438438 -0.9580941 0.2864416 0.002605557 -0.8513403 0.5246076 0.002608954 -0.8705525 0.492067 -0.002919018 -0.8705525 0.4920716 -0.001947522 -0.7135711 0.7005767 -0.002921879 -0.7052208 0.7089877 -2.66476e-4 -0.7052194 0.708989 -3.68909e-4 -0.5979224 0.8015507 0.002328872 0.7663369 0.6424375 -0.001354873 0.6678611 0.7442809 0.002731382 0.7662829 0.6424938 -0.003527224 0.7203667 0.6935809 -0.004178881 0.7203758 0.6935784 -0.002791225 0.8753069 0.48355 -0.00418353 0.9997339 0.02294194 0.002436816 0.9597442 0.2808489 0.003892242 0.9997295 0.02293306 0.003883063 0.9972378 0.07420015 -0.003339231 0.9972424 0.07419127 -0.00184524 0.9824723 -0.1863787 -0.003343164 0.8513452 -0.524604 0.001438438 0.9580941 -0.2864416 0.002605557 0.8513403 -0.5246076 0.002608954 0.8705525 -0.492067 -0.002919018 0.8705525 -0.4920716 -0.001947522 0.7135711 -0.7005767 -0.002921879 0.7052208 -0.7089877 -2.66476e-4 0.7052194 -0.708989 -3.68909e-4 0.5979224 -0.8015507 0.002328872 9.66778e-6 4.4174e-6 1 2.16653e-6 4.23083e-7 1 -6.33191e-6 1.41315e-6 1 -9.66778e-6 -4.4174e-6 1 -2.16653e-6 -4.23083e-7 1 6.33191e-6 -1.41315e-6 1 1 -3.78261e-5 0 0.9999998 3.60838e-5 -6.49737e-4 4.18618e-6 7.30753e-7 -1 1.295e-6 1.26581e-6 -1 5.15026e-6 8.99045e-7 -1 -9.5964e-6 4.69003e-7 -1 4.65761e-7 2.54729e-6 -1 -2.69677e-6 1.69491e-7 -1 9.58773e-6 -6.59704e-7 -1 -5.63457e-5 1.61705e-7 -1 -5.39071e-6 0 -1 -3.37286e-6 5.76451e-7 -1 9.87308e-6 0 -1 5.08513e-6 -3.49892e-7 -1 3.38408e-7 1.99255e-6 -1 -2.02123e-6 2.16382e-6 -1 4.01701e-4 1.16382e-5 -1 1.44834e-4 -3.26253e-4 -1 4.017e-4 1.15904e-5 -1 1.56758e-5 0 -1 6.40843e-6 2.20471e-7 -1 3.14114e-6 1.65882e-7 -1 -8.9887e-6 0 -1 1.87773e-6 0 -1 0 3.13128e-7 -1 0 3.57964e-7 -1 -1.12057e-6 0 -1 -1.97223e-5 0 -1 -1.42286e-5 0 -1 1.01874e-6 0 -1 0 -5.13876e-7 -1 -9.72971e-6 -1.07129e-6 -1 -8.03588e-6 0 -1 2.59035e-6 3.5797e-7 -1 0 0 -1 1.48383e-6 0 -1 -7.25409e-6 0 -1 1.21815e-5 0 -1 -1 3.78261e-5 0 -1 0 -3.32483e-4 -1 -3.60837e-5 0 -5.15026e-6 -8.99045e-7 -1 5.63458e-5 -1.61705e-7 -1 -5.08513e-6 3.49892e-7 -1 0 -1.65882e-7 -1 0 -2.20471e-7 -1 -5.2979e-6 0 -1 9.86116e-6 0 -1 -3.38375e-5 0 -1 8.03588e-6 0 -1 -5.18062e-6 -3.57966e-7 -1 -4.65761e-7 -2.54729e-6 -1 0 -3.13128e-7 -1 0 -1.26581e-6 -1 3.37286e-6 -5.76451e-7 -1 1.42286e-5 0 -1 6.74153e-6 0 -1 9.5964e-6 -4.69003e-7 -1 -4.18618e-6 -7.30753e-7 -1 0 0 -1 -8.42898e-6 0 -1 3.13964e-5 0 -1 0 -1.69491e-7 -1 -9.58773e-6 6.59704e-7 -1 -3.38408e-7 -1.99255e-6 -1 2.02123e-6 -2.16382e-6 -1 -1.87773e-6 0 -1 -4.41063e-6 0 -1 -1.59354e-6 -3.57969e-7 -1 2.56522e-5 1.75369e-5 -1 5.39071e-6 0 -1 -1.48383e-6 0 -1 7.25409e-6 0 -1 -1.24305e-6 0 -1 1.12244e-6 0 -1 -5.80352e-6 0 -1 -1.01874e-6 0 -1 0 5.13876e-7 -1 0 1.07129e-6 -1 -0.2902225 0.9563116 -0.03520184 -0.03283685 0.9989652 -0.0314731 -0.2902947 0.9564196 -0.03147459 -0.4698829 0.882166 0.03151869 -0.4698571 0.8820377 0.03527027 -0.6822479 0.7304409 0.03152537 -0.8820356 0.469861 -0.0352692 -0.7304707 0.6822161 -0.03152436 -0.8821639 0.4698867 -0.0315175 -0.9564062 0.2903389 0.03147459 -0.9562981 0.2902667 0.03520357 -0.9989652 0.03283518 0.03147327 -0.9562982 -0.2902661 -0.03520351 -0.9989652 -0.03283452 -0.03147321 -0.9564064 -0.2903383 -0.03147453 -0.8821641 -0.4698865 0.03151595 -0.8820357 -0.4698609 0.035268 -0.7304382 -0.682251 0.03152263 -0.4698615 -0.8820353 -0.03527027 -0.6822165 -0.7304702 -0.03152513 -0.4698873 -0.8821637 -0.03151828 -0.2903357 -0.9564072 0.03147351 -0.2902634 -0.9562991 0.03520262 -0.03283178 -0.9989653 0.0314722 0.2902635 -0.956299 -0.03520351 0.03283178 -0.9989653 -0.0314731 0.2903357 -0.9564072 -0.03147441 0.4698889 -0.8821628 0.0315169 0.4698634 -0.8820344 0.03526902 0.6822179 -0.730469 0.03152382 0.8820344 -0.4698631 -0.03526848 0.7304692 -0.6822178 -0.03152328 0.8821629 -0.4698886 -0.03151643 0.9564069 -0.2903367 0.03147405 0.9562988 -0.2902644 0.03520309 0.9989652 -0.0328328 0.03147274 0.9562985 0.2902653 -0.03520381 0.9989652 0.03283375 -0.03147351 0.9564066 0.2903375 -0.03147482 0.8821646 0.4698854 0.03151839 0.8820363 0.4698596 0.03527003 0.730439 0.68225 0.03152507 0.4698559 0.8820384 -0.03526973 0.6822469 0.7304421 -0.03152483 0.4698815 0.8821666 -0.03151816 0.2902942 0.9564198 0.03147464 0.2902221 0.9563117 0.03520184 0.03283643 0.9989651 0.0314731 -0.2942962 0.9510849 -0.09395349 -0.04000169 0.9968604 -0.06833243 -0.2971334 0.9523867 -0.06834793 -0.9523869 0.2971329 0.06834834 -0.9510851 0.2942957 0.09395396 -0.9968605 0.04000115 0.06833279 -0.9510847 -0.294297 -0.09395414 -0.9968623 -0.03995466 -0.06833255 -0.9523864 -0.2971342 -0.06834846 -0.2971328 -0.9523869 0.06834852 -0.2942957 -0.951085 0.09395414 -0.04000109 -0.9968604 0.06833302 0.2942962 -0.9510849 -0.09395354 0.04000169 -0.9968604 -0.06833243 0.2971334 -0.9523867 -0.06834793 0.952387 -0.2971324 0.0683484 0.9510852 -0.2942952 0.09395408 0.9968604 -0.04000067 0.06833291 0.9510849 0.2942959 -0.09395426 0.9968604 0.04000145 -0.06833314 0.9523867 0.2971331 -0.06834864 0.2971327 0.9523869 0.06834793 0.2942956 0.9510852 0.09395349 0.04000103 0.9968604 0.06833237 -0.2902229 0.9563115 -0.03520107 -0.03283727 0.9989652 -0.03147232 -0.2902951 0.9564195 -0.03147381 -0.4698821 0.8821665 0.03151774 -0.4698562 0.8820381 0.03526943 -0.6822473 0.7304416 0.03152441 -0.8820353 0.4698617 -0.03526926 -0.7304702 0.6822167 -0.03152436 -0.8821636 0.4698873 -0.0315175 -0.9564067 0.2903372 0.03147423 -0.9562986 0.290265 0.03520321 -0.9989652 0.03283339 0.03147292 -0.9562985 -0.2902653 -0.03520333 -0.9989652 -0.03283363 -0.03147298 -0.9564067 -0.2903374 -0.03147429 -0.8821638 -0.4698871 0.03151601 -0.8820353 -0.4698616 0.035268 -0.7304376 -0.6822516 0.03152263 -0.4698621 -0.8820351 -0.03526949 -0.6822169 -0.73047 -0.0315243 -0.4698878 -0.8821634 -0.03151738 -0.2903358 -0.9564071 0.03147351 -0.2902635 -0.9562991 0.03520268 -0.0328319 -0.9989653 0.03147226 0.2902634 -0.9562991 -0.03520262 0.03283178 -0.9989653 -0.0314722 0.2903357 -0.9564072 -0.03147351 0.4698885 -0.8821629 0.03151738 0.4698629 -0.8820347 0.03526937 0.6822175 -0.7304694 0.03152424 0.8820355 -0.4698613 -0.03526836 0.7304707 -0.6822163 -0.03152322 0.8821639 -0.4698868 -0.03151637 0.9564066 -0.2903375 0.03147441 0.9562985 -0.2902653 0.03520339 0.9989652 -0.03283369 0.0314731 0.956298 0.2902672 -0.03520351 0.9989651 0.03283572 -0.03147327 0.956406 0.2903394 -0.03147459 0.8821645 0.4698857 0.03151714 0.8820362 0.46986 0.03526866 0.7304388 0.6822503 0.03152382 0.4698557 0.8820384 -0.03526961 0.4698815 0.8821666 -0.03151816 0.2902961 0.9564192 0.03147459 0.2902238 0.9563111 0.03520172 0.03283834 0.998965 0.03147304 -0.2942961 0.951085 -0.09395349 -0.04000157 0.9968604 -0.06833237 -0.2971333 0.9523867 -0.06834793 -0.952387 0.2971324 0.06834828 -0.9510852 0.2942951 0.0939539 -0.9968604 0.04000067 0.06833273 -0.951085 -0.294296 -0.09395444 -0.9968624 -0.03995352 -0.06833285 -0.9523867 -0.2971331 -0.06834876 -0.3880183 -0.9197828 0.05866497 -0.3864836 -0.919086 0.07688617 -0.1363934 -0.9889171 0.05865228 0.2958899 -0.9505553 -0.09430652 0.03986454 -0.9960761 -0.07901537 0.2969961 -0.9516019 -0.07903832 0.7126632 -0.6981183 0.06886219 0.7124935 -0.6979269 0.07246315 0.8693473 -0.4893853 0.06882858 0.9512221 0.2969282 -0.08372622 0.9956345 0.03978794 -0.08443284 0.9511597 0.2969194 -0.08446371 0.9246072 0.3798112 0.02906775 0.9244611 0.3811088 0.01130551 0.7947659 0.6062194 0.02907723 0.1524845 0.9882617 0.009350419 0.1489388 0.9880614 0.03939503 -0.1084004 0.9940634 0.009343862 -0.2942962 0.9510849 -0.09395354 -0.2971334 0.9523867 -0.06834793 -0.952387 0.2971324 0.0683484 -0.9510852 0.2942952 0.09395408 -0.9968604 0.04000067 0.06833291 -0.9510849 -0.2942959 -0.09395426 -0.9968604 -0.04000145 -0.06833314 -0.9523867 -0.2971331 -0.06834864 -0.2971327 -0.9523869 0.06834793 -0.2942956 -0.9510852 0.09395349 -0.04000103 -0.9968604 0.06833237 0.2942962 -0.9510849 -0.09395349 0.2971334 -0.9523867 -0.06834793 0.9523869 -0.2971329 0.06834834 0.9510851 -0.2942957 0.09395396 0.9968605 -0.04000115 0.06833279 0.9510847 0.294297 -0.09395414 0.9968623 0.03995466 -0.06833255 0.9523864 0.2971342 -0.06834846 0.2971328 0.9523869 0.06834852 0.2942957 0.951085 0.09395414 0.04000109 0.9968604 0.06833302 -0.2902635 0.956299 -0.03520351 -0.03283178 0.9989653 -0.0314731 -0.2903357 0.9564072 -0.03147441 -0.4698889 0.8821628 0.0315169 -0.4698634 0.8820344 0.03526902 -0.6822179 0.730469 0.03152382 -0.8820344 0.4698631 -0.03526848 -0.7304692 0.6822178 -0.03152328 -0.8821629 0.4698886 -0.03151643 -0.9564069 0.2903367 0.03147405 -0.9562988 0.2902644 0.03520309 -0.9989652 0.0328328 0.03147274 -0.9562985 -0.2902653 -0.03520381 -0.9989652 -0.03283375 -0.03147351 -0.9564066 -0.2903375 -0.03147482 -0.8821646 -0.4698854 0.03151839 -0.8820363 -0.4698596 0.03527003 -0.730439 -0.68225 0.03152507 -0.4698559 -0.8820384 -0.03526973 -0.6822469 -0.7304421 -0.03152483 -0.4698815 -0.8821666 -0.03151816 -0.2902942 -0.9564198 0.03147464 -0.2902221 -0.9563117 0.03520184 -0.03283643 -0.9989651 0.0314731 0.2902225 -0.9563116 -0.03520184 0.03283685 -0.9989652 -0.0314731 0.2902947 -0.9564196 -0.03147459 0.4698829 -0.882166 0.03151869 0.4698571 -0.8820377 0.03527027 0.6822479 -0.7304409 0.03152537 0.8820356 -0.469861 -0.0352692 0.7304707 -0.6822161 -0.03152436 0.8821639 -0.4698867 -0.0315175 0.9564062 -0.2903389 0.03147459 0.9562981 -0.2902667 0.03520357 0.9989652 -0.03283518 0.03147327 0.9562982 0.2902661 -0.03520351 0.9989652 0.03283452 -0.03147321 0.9564064 0.2903383 -0.03147453 0.8821641 0.4698865 0.03151595 0.8820357 0.4698609 0.035268 0.7304382 0.682251 0.03152263 0.4698615 0.8820353 -0.03527027 0.6822165 0.7304702 -0.03152513 0.4698873 0.8821637 -0.03151828 0.2903357 0.9564072 0.03147351 0.2902634 0.9562991 0.03520262 0.03283178 0.9989653 0.0314722 -0.2902634 0.9562991 -0.03520262 -0.03283178 0.9989653 -0.0314722 -0.2903357 0.9564072 -0.03147351 -0.4698885 0.8821629 0.03151738 -0.4698629 0.8820347 0.03526937 -0.6822175 0.7304694 0.03152424 -0.8820355 0.4698613 -0.03526836 -0.7304707 0.6822163 -0.03152322 -0.8821639 0.4698868 -0.03151637 -0.9564066 0.2903375 0.03147441 -0.9562985 0.2902653 0.03520339 -0.9989652 0.03283369 0.0314731 -0.956298 -0.2902672 -0.03520351 -0.9989651 -0.03283572 -0.03147327 -0.956406 -0.2903394 -0.03147459 -0.8821645 -0.4698857 0.03151714 -0.8820362 -0.46986 0.03526866 -0.7304388 -0.6822503 0.03152382 -0.4698557 -0.8820384 -0.03526961 -0.4698815 -0.8821666 -0.03151816 -0.2902961 -0.9564192 0.03147459 -0.2902238 -0.9563111 0.03520172 -0.03283834 -0.998965 0.03147304 0.3824548 -0.922633 -0.04976844 0.1304061 -0.9902057 -0.04987126 0.3824534 -0.9226274 -0.04988265 0.4696745 -0.8818761 0.0412364 0.4703475 -0.8819739 0.02992498 0.6820399 -0.7301515 0.04123717 0.9566548 -0.2903784 -0.02218359 0.9578867 -0.2870431 0.007712066 0.9992132 -0.03287458 -0.0221855 0.9982979 -0.01055443 -0.05735749 0.9632377 -0.2667186 -0.03216135 0.9994491 -0.008245825 -0.03214979 0.8821362 0.4698687 0.03254514 0.8815957 0.4700208 0.04323995 0.7304099 0.6822329 0.03255349 0.5084586 0.8598312 -0.04647928 0.7138172 0.6993272 -0.03750455 0.5084255 0.8602893 -0.0374971 0.2903358 0.9564071 0.03147351 0.2902635 0.9562991 0.03520268 0.0328319 0.9989653 0.03147226 -0.2958899 0.9505553 -0.09430652 -0.03986454 0.9960761 -0.07901537 -0.2969961 0.9516019 -0.07903832 -0.7126632 0.6981183 0.06886219 -0.7124935 0.6979269 0.07246315 -0.8693473 0.4893853 0.06882858 -0.9512221 -0.2969282 -0.08372622 -0.9956345 -0.03978794 -0.08443284 -0.9511597 -0.2969194 -0.08446371 -0.9246072 -0.3798112 0.02906775 -0.9244611 -0.3811088 0.01130551 -0.7947659 -0.6062194 0.02907723 -0.1524845 -0.9882617 0.009350419 -0.1489388 -0.9880614 0.03939503 0.1084004 -0.9940634 0.009343862 0.2942961 -0.951085 -0.09395349 0.04000157 -0.9968604 -0.06833237 0.2971333 -0.9523867 -0.06834793 0.952387 -0.2971324 0.06834828 0.9510852 -0.2942951 0.0939539 0.9968604 -0.04000067 0.06833273 0.951085 0.294296 -0.09395444 0.9968624 0.03995352 -0.06833285 0.9523867 0.2971331 -0.06834876 0.3880183 0.9197828 0.05866497 0.3864836 0.919086 0.07688617 0.1363934 0.9889171 0.05865228 -0.2966637 0.9537901 -0.04769927 -0.04030478 0.998601 -0.03422755 -0.2974365 0.9541277 -0.03423297 -0.9541277 0.2974367 0.03423297 -0.95379 0.2966639 0.04769927 -0.9986011 0.04030495 0.03422755 -0.9537902 -0.2966633 -0.04769915 -0.9986011 -0.04030442 -0.03422743 -0.9541277 -0.2974361 -0.03423291 -0.2974365 -0.9541277 0.03423297 -0.2966638 -0.9537901 0.04769927 -0.04030478 -0.998601 0.03422755 0.2966641 -0.9537899 -0.04769927 0.04030513 -0.9986011 -0.03422755 0.2974369 -0.9541276 -0.03423297 0.9541277 -0.2974365 0.03423291 0.9537901 -0.2966637 0.04769921 0.998601 -0.04030478 0.03422743 0.95379 0.2966641 -0.04769927 0.998601 0.04030513 -0.03422755 0.9541276 0.2974368 -0.03423297 0.2974367 0.9541276 0.03423297 0.2966639 0.95379 0.04769927 0.04030495 0.9986011 0.03422755 -2.3759e-6 0 1 4.75181e-6 0 1 -0.2966641 0.9537899 -0.04769927 -0.04030513 0.9986011 -0.03422755 -0.2974369 0.9541276 -0.03423297 -0.9541277 0.2974365 0.03423291 -0.9537901 0.2966637 0.04769921 -0.998601 0.04030478 0.03422743 -0.95379 -0.2966641 -0.04769927 -0.998601 -0.04030513 -0.03422755 -0.9541276 -0.2974368 -0.03423297 -0.2974367 -0.9541276 0.03423297 -0.2966639 -0.95379 0.04769927 -0.04030495 -0.9986011 0.03422755 0.2966637 -0.9537901 -0.04769927 0.04030478 -0.998601 -0.03422755 0.2974365 -0.9541277 -0.03423297 0.9541277 -0.2974367 0.03423297 0.95379 -0.2966639 0.04769927 0.9986011 -0.04030495 0.03422755 0.9537902 0.2966633 -0.04769915 0.9986011 0.04030442 -0.03422743 0.9541277 0.2974361 -0.03423291 0.2974365 0.9541277 0.03423297 0.2966638 0.9537901 0.04769927 0.04030478 0.998601 0.03422755 2.3759e-6 0 1 -4.75181e-6 0 1 0 1 1.94025e-6 0 -1 1.94025e-6</float_array>
          <technique_common>
            <accessor source="#Shape_IndexedFaceSet_865-mesh-normals-array" count="4224" stride="3">
              <param name="X" type="float"/>
              <param name="Y" type="float"/>
              <param name="Z" type="float"/>
            </accessor>
          </technique_common>
        </source>
        <source id="Shape_IndexedFaceSet_865-mesh-map-0">
          <float_array id="Shape_IndexedFaceSet_865-mesh-map-0-array" count="19908">0.3333333 1 0.3333333 0.7738884 1 1 1 1 0.3333333 0.7738884 1 0.7738884 0.3333333 0.7261117 0.3333333 1 1 0.7261117 1 0.7261117 0.3333333 1 1 1 0.3333333 0.2261116 0.3333333 0.7261117 1 0.2261116 1 0.2261116 0.3333333 0.7261117 1 0.7261117 0.3333333 0 0.3333333 0.2261116 1 0 1 0 0.3333333 0.2261116 1 0.2261116 0.3333333 0.2738884 0.3333333 0 1 0.2738884 1 0.2738884 0.3333333 0 1 0 0.3333333 0.7738884 0.3333333 0.2738884 1 0.7738884 1 0.7738884 0.3333333 0.2738884 1 0.2738884 0.3333333 0.4636866 0.3333333 0.2903487 0.3333333 0.2738884 0.3333333 0.2738884 0.3333333 0.2903487 0.3333333 0 0.3333333 0.7738884 0.3333333 0.4636866 0.3333333 0.2738884 0.3333333 0.2993136 0.3333333 0.5144299 0.3333333 0.2261116 0.3333333 1 0.3333334 0.7187854 0.3333333 0.7738884 0.3333333 0.7738884 0.3333334 0.7187854 0.3333334 0.6577019 0.3333333 0.7738884 0.3333334 0.6577019 0.3333333 0.4636866 0.3333333 0.2903487 0.3333333 0.2993136 0.3333333 0 0.3333333 0 0.3333333 0.2993136 0.3333333 0.2261116 0.3333333 0.2261116 0.3333333 0.5144299 0.3333333 0.7261117 0.3333333 0.7261117 0.3333333 0.5144299 0.3333334 0.7187854 0.3333333 0.7261117 0.3333334 0.7187854 0.3333333 1 1 0.2261116 1 0.3505315 1 0 1 0.7738884 1 0.6494686 1 1 1 0.7261117 1 0.5968975 1 0.2261116 1 0.2261116 1 0.5968975 1 0.3505315 1 0.6494686 1 0.5968975 1 1 1 1 1 0.5968975 1 0.7261117 1 0.2738884 1 0.403101 1 0.7738884 1 0.7738884 1 0.403101 1 0.6494686 1 0.3505315 1 0.403101 1 0 1 0 1 0.403101 1 0.2738884 0.6 0.3443899 0.6 0.5860221 0.5499333 0.5 0.5499333 0.5 0.6 0.5860221 0.6 0.6556107 0.6 0.6556107 0.6 0.4139772 0.5499333 0.5 0.6 0.4139772 0.6 0.3443899 0.5499333 0.5 0.6 0.3443899 1 0.3505315 0.6 0.5860221 0.6 0.5860221 1 0.3505315 1 0.5968975 0.6 0.5860221 1 0.5968975 0.6 0.6556107 0.6 0.6556107 1 0.5968975 1 0.6494686 0.6 0.6556107 1 0.6494686 0.6 0.4139772 0.6 0.4139772 1 0.6494686 1 0.403101 0.6 0.4139772 1 0.403101 0.6 0.3443899 0.6 0.3443899 1 0.403101 1 0.3505315 0.3333334 0.6577019 0 0.5910612 0.3333333 0.4636866 0.3333333 0.4636866 0 0.5910612 0 0.3908839 0.3333333 0.4636866 0 0.3908839 0.3333333 0.2903487 0.3333333 0.2903487 0 0.3908839 0 0.2845918 0.3333333 0.2903487 0 0.2845918 0.3333333 0.2993136 0.3333333 0.2993136 0 0.2845918 0 0.4755054 0.3333333 0.2993136 0 0.4755054 0.3333333 0.5144299 0.3333333 0.5144299 0 0.4755054 0 0.6823294 0.3333333 0.5144299 0 0.6823294 0.3333334 0.7187854 0.3333334 0.7187854 0 0.6823294 0 0.7198494 0.3333334 0.7187854 0 0.7198494 0.3333334 0.6577019 0.3333334 0.6577019 0 0.7198494 0 0.5910612 0 0.5910612 0 0.2845918 0 0.3908839 0 0.4755054 0 0.2845918 0 0.5910612 0 0.6823294 0 0.4755054 0 0.5910612 0 0.5910612 0 0.7198494 0 0.6823294 0.3333333 1 0.3333333 0.7738884 1 1 1 1 0.3333333 0.7738884 1 0.7738884 0.3333333 0.7261117 0.3333333 1 1 0.7261117 1 0.7261117 0.3333333 1 1 1 0.3333333 0.2261116 0.3333333 0.7261117 1 0.2261116 1 0.2261116 0.3333333 0.7261117 1 0.7261117 0.3333333 0 0.3333333 0.2261116 1 0 1 0 0.3333333 0.2261116 1 0.2261116 0.3333333 0.2738884 0.3333333 0 1 0.2738884 1 0.2738884 0.3333333 0 1 0 0.3333333 0.7738884 0.3333333 0.2738884 1 0.7738884 1 0.7738884 0.3333333 0.2738884 1 0.2738884 0.3333333 0.4636872 0.3333334 0.2903473 0.3333333 0.2738884 0.3333333 0.2738884 0.3333334 0.2903473 0.3333333 0 0.3333333 0.7738884 0.3333333 0.4636872 0.3333333 0.2738884 0.3333333 0.2993133 0.3333333 0.5144296 0.3333333 0.2261116 0.3333333 1 0.3333333 0.7187858 0.3333333 0.7738884 0.3333333 0.7738884 0.3333333 0.7187858 0.3333334 0.6577029 0.3333333 0.7738884 0.3333334 0.6577029 0.3333333 0.4636872 0.3333334 0.2903473 0.3333333 0.2993133 0.3333333 0 0.3333333 0 0.3333333 0.2993133 0.3333333 0.2261116 0.3333333 0.2261116 0.3333333 0.5144296 0.3333333 0.7261117 0.3333333 0.7261117 0.3333333 0.5144296 0.3333333 0.7187858 0.3333333 0.7261117 0.3333333 0.7187858 0.3333333 1 1 0.2261116 1 0.3505314 1 0 1 0.7738884 1 0.649468 1 1 1 0.7261117 1 0.5968983 1 0.2261116 1 0.2261116 1 0.5968983 1 0.3505314 1 0.649468 1 0.5968983 1 1 1 1 1 0.5968983 1 0.7261117 1 0.2738884 1 0.4031025 1 0.7738884 1 0.7738884 1 0.4031025 1 0.649468 1 0.3505314 1 0.4031025 1 0 1 0 1 0.4031025 1 0.2738884 0.6 0.3443892 0.6 0.5860229 0.5499333 0.5 0.5499333 0.5 0.6 0.5860229 0.6 0.65561 0.6 0.65561 0.6 0.4139778 0.5499333 0.5 0.6 0.4139778 0.6 0.3443892 0.5499333 0.5 0.6 0.3443892 1 0.3505314 0.6 0.5860229 0.6 0.5860229 1 0.3505314 1 0.5968983 0.6 0.5860229 1 0.5968983 0.6 0.65561 0.6 0.65561 1 0.5968983 1 0.649468 0.6 0.65561 1 0.649468 0.6 0.4139778 0.6 0.4139778 1 0.649468 1 0.4031025 0.6 0.4139778 1 0.4031025 0.6 0.3443892 0.6 0.3443892 1 0.4031025 1 0.3505314 0.3333334 0.6577029 0 0.5910618 0.3333333 0.4636872 0.3333333 0.4636872 0 0.5910618 0 0.390886 0.3333333 0.4636872 0 0.390886 0.3333334 0.2903473 0.3333334 0.2903473 0 0.390886 0 0.2845912 0.3333334 0.2903473 0 0.2845912 0.3333333 0.2993133 0.3333333 0.2993133 0 0.2845912 0 0.4755063 0.3333333 0.2993133 0 0.4755063 0.3333333 0.5144296 0.3333333 0.5144296 0 0.4755063 0 0.6823293 0.3333333 0.5144296 0 0.6823293 0.3333333 0.7187858 0.3333333 0.7187858 0 0.6823293 0 0.7198485 0.3333333 0.7187858 0 0.7198485 0.3333334 0.6577029 0.3333334 0.6577029 0 0.7198485 0 0.5910618 0 0.5910618 0 0.2845912 0 0.390886 0 0.4755063 0 0.2845912 0 0.5910618 0 0.6823293 0 0.4755063 0 0.5910618 0 0.5910618 0 0.7198485 0 0.6823293 0.3333333 1 0.3333333 0.7738884 1 1 1 1 0.3333333 0.7738884 1 0.7738884 0.3333333 0.7261117 0.3333333 1 1 0.7261117 1 0.7261117 0.3333333 1 1 1 0.3333333 0.2261116 0.3333333 0.7261117 1 0.2261116 1 0.2261116 0.3333333 0.7261117 1 0.7261117 0.3333333 0 0.3333333 0.2261116 1 0 1 0 0.3333333 0.2261116 1 0.2261116 0.3333333 0.2738884 0.3333333 0 1 0.2738884 1 0.2738884 0.3333333 0 1 0 0.3333333 0.7738884 0.3333333 0.2738884 1 0.7738884 1 0.7738884 0.3333333 0.2738884 1 0.2738884 0.3333333 0.4636854 0.3333333 0.2903485 0.3333333 0.2738884 0.3333333 0.2738884 0.3333333 0.2903485 0.3333333 0 0.3333333 0.7738884 0.3333333 0.4636854 0.3333333 0.2738884 0.3333333 0.2993135 0.3333333 0.5144298 0.3333333 0.2261116 0.3333333 1 0.3333334 0.7187855 0.3333333 0.7738884 0.3333333 0.7738884 0.3333334 0.7187855 0.3333333 0.657702 0.3333333 0.7738884 0.3333333 0.657702 0.3333333 0.4636854 0.3333333 0.2903485 0.3333333 0.2993135 0.3333333 0 0.3333333 0 0.3333333 0.2993135 0.3333333 0.2261116 0.3333333 0.2261116 0.3333333 0.5144298 0.3333333 0.7261117 0.3333333 0.7261117 0.3333333 0.5144298 0.3333334 0.7187855 0.3333333 0.7261117 0.3333334 0.7187855 0.3333333 1 1 0.2261116 1 0.3505321 1 0 1 0.7738884 1 0.6494687 1 1 1 0.7261117 1 0.5968975 1 0.2261116 1 0.2261116 1 0.5968975 1 0.3505321 1 0.6494687 1 0.5968975 1 1 1 1 1 0.5968975 1 0.7261117 1 0.2738884 1 0.4031016 1 0.7738884 1 0.7738884 1 0.4031016 1 0.6494687 1 0.3505321 1 0.4031016 1 0 1 0 1 0.4031016 1 0.2738884 0.6 0.34439 0.6 0.5860221 0.5499333 0.5 0.5499333 0.5 0.6 0.5860221 0.6 0.6556108 0.6 0.6556108 0.6 0.4139772 0.5499333 0.5 0.6 0.4139772 0.6 0.34439 0.5499333 0.5 0.6 0.34439 1 0.3505321 0.6 0.5860221 0.6 0.5860221 1 0.3505321 1 0.5968975 0.6 0.5860221 1 0.5968975 0.6 0.6556108 0.6 0.6556108 1 0.5968975 1 0.6494687 0.6 0.6556108 1 0.6494687 0.6 0.4139772 0.6 0.4139772 1 0.6494687 1 0.4031016 0.6 0.4139772 1 0.4031016 0.6 0.34439 0.6 0.34439 1 0.4031016 1 0.3505321 0.3333333 0.657702 0 0.5910614 0.3333333 0.4636854 0.3333333 0.4636854 0 0.5910614 0 0.3908847 0.3333333 0.4636854 0 0.3908847 0.3333333 0.2903485 0.3333333 0.2903485 0 0.3908847 0 0.2845917 0.3333333 0.2903485 0 0.2845917 0.3333333 0.2993135 0.3333333 0.2993135 0 0.2845917 0 0.4755054 0.3333333 0.2993135 0 0.4755054 0.3333333 0.5144298 0.3333333 0.5144298 0 0.4755054 0 0.6823293 0.3333333 0.5144298 0 0.6823293 0.3333334 0.7187855 0.3333334 0.7187855 0 0.6823293 0 0.7198494 0.3333334 0.7187855 0 0.7198494 0.3333333 0.657702 0.3333333 0.657702 0 0.7198494 0 0.5910614 0 0.5910614 0 0.2845917 0 0.3908847 0 0.4755054 0 0.2845917 0 0.5910614 0 0.6823293 0 0.4755054 0 0.5910614 0 0.5910614 0 0.7198494 0 0.6823293 0.939467 0.2011831 0.8485061 0.1911967 0.8393151 0.173188 0.9537693 0.1911965 0.9445783 0.173188 1 0 1 0 0.9445783 0.173188 0.1973684 0 0.8342038 0.2011837 0.1973684 0 0.8393151 0.173188 0.1973684 0 0.9445783 0.173188 0.8393151 0.173188 0.8393151 0.173188 0.9445783 0.173188 0.939467 0.2011831 0.1642955 0.1911966 0.2322307 0.423541 0.2292714 0.4722893 0.1642955 0.1911966 0.2292714 0.4722893 0.1973684 1 1 1 0.9501586 0.826812 0.9551832 0.8007746 0.1973684 1 0.2292714 0.4722893 0.2342478 0.4997965 0.8346326 0.8032159 0.8428534 0.8269159 0.1973684 1 0.1973684 1 0.8428534 0.8269159 1 1 1 1 0.9551832 0.8007746 1 0 1 0 0.9551832 0.8007746 0.9537693 0.1911965 0.8346326 0.8032159 0.7711961 0.46214 0.8342038 0.2011837 0.7711961 0.46214 0.7675119 0.4209241 0.8342038 0.2011837 0.8428534 0.8269159 0.84992 0.800774 0.9411785 0.8107472 0.8428534 0.8269159 0.9411785 0.8107472 1 1 1 1 0.9411785 0.8107472 0.9501586 0.826812 0.8346326 0.8032159 0.7642654 0.5000565 0.7711961 0.46214 0.8342038 0.2011837 0.7675119 0.4209241 0.1642955 0.1911966 0.1642955 0.1911966 0.7675119 0.4209241 0.2322307 0.423541 0.1973684 1 0.2342478 0.4997965 0.7642654 0.5000565 0.1973684 1 0.7642654 0.5000565 0.8346326 0.8032159 0.8485061 0.1911967 0.939467 0.2011831 0.84992 0.800774 0.84992 0.800774 0.939467 0.2011831 0.9411785 0.8107472 0.8342038 0.2011837 0.1642955 0.1911966 0.1973684 0 0 0 0.1551045 0.1731882 0.1499933 0.2011837 0.1973684 0 0.1642955 0.1911966 0.1551045 0.1731882 0.1973684 0 0.1551045 0.1731882 0 0 0 0 0.0498414 0.173188 0.04473018 0.201183 0.1499933 0.2011837 0.05903244 0.1911966 0 0 0 0 0.05903244 0.1911966 0.0498414 0.173188 0 0 0.04473018 0.201183 0 1 0 1 0.04473018 0.201183 0.04644173 0.8107475 0.1973684 1 0.1606849 0.8268119 0.1657095 0.8007739 0.1973684 1 0.1657095 0.8007739 0.1642955 0.1911966 0 1 0.04644173 0.8107475 0.05542171 0.8268119 0 1 0.05542171 0.8268119 0.1973684 1 0.05542171 0.8268119 0.06044632 0.8007742 0.1517049 0.8107475 0.05542171 0.8268119 0.1517049 0.8107475 0.1973684 1 0.1973684 1 0.1517049 0.8107475 0.1606849 0.8268119 0.05903244 0.1911966 0.1499933 0.2011837 0.06044632 0.8007742 0.06044632 0.8007742 0.1499933 0.2011837 0.1517049 0.8107475 0.1657961 0.2011837 0.2292714 0.4419963 0.2340679 0.4147198 0.1973684 1 0.2320227 0.4901393 0.1657961 0.2011837 0.1657961 0.2011837 0.2320227 0.4901393 0.2292714 0.4419963 0.763836 0.5008029 0.8393151 0.8268119 0.8342905 0.8007739 0.9445782 0.8268119 0.9395536 0.8007742 0.848295 0.8107475 0.9535582 0.8107476 0.9445782 0.8268119 1 1 1 1 0.9445782 0.8268119 0.848295 0.8107475 1 1 0.848295 0.8107475 0.8393151 0.8268119 1 1 0.8393151 0.8268119 0.1973684 1 0.8342905 0.8007739 0.7677932 0.4232661 0.7709085 0.4697168 0.1657961 0.2011837 0.2340679 0.4147198 0.7677932 0.4232661 0.8357045 0.1911966 0.7677932 0.4232661 0.8342905 0.8007739 0.1973684 1 0.8393151 0.8268119 0.2320227 0.4901393 0.2320227 0.4901393 0.8393151 0.8268119 0.763836 0.5008029 0.8342905 0.8007739 0.7709085 0.4697168 0.763836 0.5008029 1 0 0.9552697 0.201183 1 1 1 1 0.9552697 0.201183 0.9535582 0.8107476 0.8448955 0.1731882 0.8500066 0.2011837 0.9410838 0.1903774 0.9410838 0.1903774 0.8500066 0.2011837 0.9395536 0.8007742 0.9395536 0.8007742 0.8500066 0.2011837 0.848295 0.8107475 0.1973684 0 0.8357045 0.1911966 0.8448955 0.1731882 0.8448955 0.1731882 0.9410838 0.1903774 0.1973684 0 0.1973684 0 0.9410838 0.1903774 1 0 1 0 0.9410838 0.1903774 0.9501586 0.173188 1 0 0.9501586 0.173188 0.9552697 0.201183 0 1 0.0498414 0.826812 0.04481679 0.8007746 0.1640845 0.8107475 0.1551045 0.8268118 0.1973684 1 0.1973684 1 0.1551045 0.8268118 0.05882138 0.8107474 0.1973684 1 0.05882138 0.8107474 0 1 0 1 0.05882138 0.8107474 0.0498414 0.826812 0 1 0.04481679 0.8007746 0 0 0.1551045 0.8268118 0.1500799 0.8007739 0.05882138 0.8107474 0.1973684 0 0.1657961 0.2011837 0.8357045 0.1911966 0.8357045 0.1911966 0.1657961 0.2011837 0.7677932 0.4232661 0.04481679 0.8007746 0.04623067 0.1911965 0 0 0.1973684 1 0.1657961 0.2011837 0.1640845 0.8107475 0.05882138 0.8107474 0.1500799 0.8007739 0.06053292 0.2011831 0.06053292 0.2011831 0.1500799 0.8007739 0.1514939 0.1911966 0.05542171 0.173188 0.06053292 0.2011831 0.1514939 0.1911966 0 0 0.1514939 0.1911966 0.1973684 0 0.1973684 0 0.1514939 0.1911966 0.1606849 0.173188 0.1973684 0 0.1606849 0.173188 0.1657961 0.2011837 0.04623067 0.1911965 0.05542171 0.173188 0 0 0 0 0.05542171 0.173188 0.1514939 0.1911966 1 1 1 1 0.1973684 1 0.1973684 1 1 1 0.1973684 1 0.1973684 1 0.1973684 1 0 1 0 1 0.1973684 1 0 1 1 0 1 0 1 1 1 1 1 0 1 1 0 0 0 0 0.1973684 0 0.1973684 0 0 0 0.1973684 0 0.1973684 0 0.1973684 0 1 0 1 0 0.1973684 0 1 0 0 1 0 1 0 0 0 0 0 1 0 0 0.2322307 0.423541 0.2340679 0.4147198 0.2292714 0.4419963 0.2322307 0.423541 0.2292714 0.4419963 0.2292714 0.4722893 0.2292714 0.4722893 0.2292714 0.4419963 0.2320227 0.4901393 0.2292714 0.4722893 0.2320227 0.4901393 0.2342478 0.4997965 0.7642654 0.5000565 0.763836 0.5008029 0.7709085 0.4697168 0.7642654 0.5000565 0.7709085 0.4697168 0.7711961 0.46214 0.7711961 0.46214 0.7709085 0.4697168 0.7677932 0.4232661 0.7711961 0.46214 0.7677932 0.4232661 0.7675119 0.4209241 0.2320227 0.4901393 0.763836 0.5008029 0.2342478 0.4997965 0.2342478 0.4997965 0.763836 0.5008029 0.7642654 0.5000565 0.2340679 0.4147198 0.2322307 0.423541 0.7677932 0.4232661 0.7677932 0.4232661 0.2322307 0.423541 0.7675119 0.4209241 0.04473018 0.201183 0.04623067 0.1911965 0.04644173 0.8107475 0.04644173 0.8107475 0.04623067 0.1911965 0.04481679 0.8007746 0.04644173 0.8107475 0.04481679 0.8007746 0.0498414 0.826812 0.04644173 0.8107475 0.0498414 0.826812 0.05542171 0.8268119 0.05542171 0.8268119 0.0498414 0.826812 0.05882138 0.8107474 0.05542171 0.8268119 0.05882138 0.8107474 0.06044632 0.8007742 0.06044632 0.8007742 0.05882138 0.8107474 0.05903244 0.1911966 0.05903244 0.1911966 0.05882138 0.8107474 0.06053292 0.2011831 0.05903244 0.1911966 0.06053292 0.2011831 0.05542171 0.173188 0.05903244 0.1911966 0.05542171 0.173188 0.0498414 0.173188 0.0498414 0.173188 0.05542171 0.173188 0.04623067 0.1911965 0.0498414 0.173188 0.04623067 0.1911965 0.04473018 0.201183 0.1499933 0.2011837 0.1514939 0.1911966 0.1517049 0.8107475 0.1517049 0.8107475 0.1514939 0.1911966 0.1500799 0.8007739 0.1517049 0.8107475 0.1500799 0.8007739 0.1551045 0.8268118 0.1517049 0.8107475 0.1551045 0.8268118 0.1606849 0.8268119 0.1606849 0.8268119 0.1551045 0.8268118 0.1640845 0.8107475 0.1606849 0.8268119 0.1640845 0.8107475 0.1657095 0.8007739 0.1657095 0.8007739 0.1640845 0.8107475 0.1642955 0.1911966 0.1642955 0.1911966 0.1640845 0.8107475 0.1657961 0.2011837 0.1642955 0.1911966 0.1657961 0.2011837 0.1606849 0.173188 0.1642955 0.1911966 0.1606849 0.173188 0.1551045 0.1731882 0.1551045 0.1731882 0.1606849 0.173188 0.1514939 0.1911966 0.1551045 0.1731882 0.1514939 0.1911966 0.1499933 0.2011837 0.8346326 0.8032159 0.8342905 0.8007739 0.8393151 0.8268119 0.8346326 0.8032159 0.8393151 0.8268119 0.8428534 0.8269159 0.8428534 0.8269159 0.8393151 0.8268119 0.848295 0.8107475 0.8428534 0.8269159 0.848295 0.8107475 0.84992 0.800774 0.84992 0.800774 0.848295 0.8107475 0.8485061 0.1911967 0.8485061 0.1911967 0.848295 0.8107475 0.8500066 0.2011837 0.8485061 0.1911967 0.8500066 0.2011837 0.8448955 0.1731882 0.8485061 0.1911967 0.8448955 0.1731882 0.8393151 0.173188 0.8393151 0.173188 0.8448955 0.1731882 0.8357045 0.1911966 0.8393151 0.173188 0.8357045 0.1911966 0.8342038 0.2011837 0.8342038 0.2011837 0.8357045 0.1911966 0.8346326 0.8032159 0.8346326 0.8032159 0.8357045 0.1911966 0.8342905 0.8007739 0.939467 0.2011831 0.9410838 0.1903774 0.9411785 0.8107472 0.9411785 0.8107472 0.9410838 0.1903774 0.9395536 0.8007742 0.9537693 0.1911965 0.9552697 0.201183 0.9501586 0.173188 0.9537693 0.1911965 0.9501586 0.173188 0.9445783 0.173188 0.9445783 0.173188 0.9501586 0.173188 0.9410838 0.1903774 0.9445783 0.173188 0.9410838 0.1903774 0.939467 0.2011831 0.9551832 0.8007746 0.9535582 0.8107476 0.9537693 0.1911965 0.9537693 0.1911965 0.9535582 0.8107476 0.9552697 0.201183 0.9411785 0.8107472 0.9395536 0.8007742 0.9445782 0.8268119 0.9411785 0.8107472 0.9445782 0.8268119 0.9501586 0.826812 0.9501586 0.826812 0.9445782 0.8268119 0.9535582 0.8107476 0.9501586 0.826812 0.9535582 0.8107476 0.9551832 0.8007746 0.3333333 1 0.3333333 0.7738884 1 1 1 1 0.3333333 0.7738884 1 0.7738884 0.3333333 0.7261117 0.3333333 1 1 0.7261117 1 0.7261117 0.3333333 1 1 1 0.3333333 0.2261116 0.3333333 0.7261117 1 0.2261116 1 0.2261116 0.3333333 0.7261117 1 0.7261117 0.3333333 0 0.3333333 0.2261116 1 0 1 0 0.3333333 0.2261116 1 0.2261116 0.3333333 0.2738884 0.3333333 0 1 0.2738884 1 0.2738884 0.3333333 0 1 0 0.3333333 0.7738884 0.3333333 0.2738884 1 0.7738884 1 0.7738884 0.3333333 0.2738884 1 0.2738884 0.3333334 0.4636872 0.3333333 0.2903472 0.3333333 0.2738884 0.3333333 0.2738884 0.3333333 0.2903472 0.3333333 0 0.3333333 0.7738884 0.3333334 0.4636872 0.3333333 0.2738884 0.3333333 0.2993132 0.3333333 0.5144296 0.3333333 0.2261116 0.3333333 1 0.3333334 0.7187858 0.3333333 0.7738884 0.3333333 0.7738884 0.3333334 0.7187858 0.3333333 0.6577031 0.3333333 0.7738884 0.3333333 0.6577031 0.3333334 0.4636872 0.3333333 0.2903472 0.3333333 0.2993132 0.3333333 0 0.3333333 0 0.3333333 0.2993132 0.3333333 0.2261116 0.3333333 0.2261116 0.3333333 0.5144296 0.3333333 0.7261117 0.3333333 0.7261117 0.3333333 0.5144296 0.3333334 0.7187858 0.3333333 0.7261117 0.3333334 0.7187858 0.3333333 1 1 0.2261116 1 0.3505314 1 0 1 0.7738884 1 0.6494686 1 1 1 0.7261117 1 0.596899 1 0.2261116 1 0.2261116 1 0.596899 1 0.3505314 1 0.6494686 1 0.596899 1 1 1 1 1 0.596899 1 0.7261117 1 0.2738884 1 0.4031025 1 0.7738884 1 0.7738884 1 0.4031025 1 0.6494686 1 0.3505314 1 0.4031025 1 0 1 0 1 0.4031025 1 0.2738884 0.6 0.3443893 0.6 0.5860229 0.5499333 0.5 0.5499333 0.5 0.6 0.5860229 0.6 0.6556102 0.6 0.6556102 0.6 0.4139779 0.5499333 0.5 0.6 0.4139779 0.6 0.3443893 0.5499333 0.5 0.6 0.3443893 1 0.3505314 0.6 0.5860229 0.6 0.5860229 1 0.3505314 1 0.596899 0.6 0.5860229 1 0.596899 0.6 0.6556102 0.6 0.6556102 1 0.596899 1 0.6494686 0.6 0.6556102 1 0.6494686 0.6 0.4139779 0.6 0.4139779 1 0.6494686 1 0.4031025 0.6 0.4139779 1 0.4031025 0.6 0.3443893 0.6 0.3443893 1 0.4031025 1 0.3505314 0.3333333 0.6577031 0 0.5910619 0.3333334 0.4636872 0.3333334 0.4636872 0 0.5910619 0 0.3908869 0.3333334 0.4636872 0 0.3908869 0.3333333 0.2903472 0.3333333 0.2903472 0 0.3908869 0 0.2845913 0.3333333 0.2903472 0 0.2845913 0.3333333 0.2993132 0.3333333 0.2993132 0 0.2845913 0 0.4755063 0.3333333 0.2993132 0 0.4755063 0.3333333 0.5144296 0.3333333 0.5144296 0 0.4755063 0 0.6823292 0.3333333 0.5144296 0 0.6823292 0.3333334 0.7187858 0.3333334 0.7187858 0 0.6823292 0 0.7198485 0.3333334 0.7187858 0 0.7198485 0.3333333 0.6577031 0.3333333 0.6577031 0 0.7198485 0 0.5910619 0 0.5910619 0 0.2845913 0 0.3908869 0 0.4755063 0 0.2845913 0 0.5910619 0 0.6823292 0 0.4755063 0 0.5910619 0 0.5910619 0 0.7198485 0 0.6823292 0.3160105 0.5620689 0.2342478 0.560222 0.3160105 0.5620689 0.3160105 0.5620689 0.2342478 0.560222 0.2320227 0.5543944 0.2340679 0.5088827 0.2322307 0.5142058 0.3160105 0.5068966 0.3160105 0.5068966 0.2322307 0.5142058 0.3160105 0.5068966 1 0.862069 1 0.862069 0.6552632 0.862069 0.6552632 0.862069 1 0.862069 0.6552632 0.862069 0 0.2586206 0 0.2586206 0.281579 0.2586206 0.281579 0.2586206 0 0.2586206 0.281579 0.2586206 0.6839842 0.6655173 0.6839842 0.5620689 0.7643615 0.5607076 0.9395536 0.3788431 0.9409675 0.7466917 0.8482951 0.3728248 1 0.862069 0.9552698 0.7406654 1 0.2586206 1 0.2586206 0.9552698 0.7406654 0.9535582 0.3728248 0.9445783 0.3631308 0.9395536 0.3788431 0.8482951 0.3728248 1 0.2586206 0.9535582 0.3728248 0.9445783 0.3631308 1 0.2586206 0.9445783 0.3631308 0.8482951 0.3728248 0.9501586 0.757559 0.9552698 0.7406654 1 0.862069 0.9409675 0.7466917 0.9501586 0.757559 1 0.862069 0.1052631 0.2965517 0.1551045 0.3631308 0.1500799 0.3788433 0.3447368 0.862069 0.1586429 0.7576217 0.1657961 0.740665 0.1500799 0.3788433 0.1503342 0.7424189 0.1052631 0.7698276 0.1503342 0.7424189 0.1586429 0.7576217 0.1052631 0.7698276 0.1052631 0.7698276 0.1586429 0.7576217 0.3447368 0.862069 0 0.2586206 0.04481679 0.378843 0.04623067 0.7466917 0.1500799 0.3788433 0.1052631 0.7698276 0.1052631 0.2965517 0.1052631 0.2965517 0.1052631 0.7698276 0.06053292 0.7406654 0.1052631 0.2965517 0.06053292 0.7406654 0.05882143 0.3728249 0.05882143 0.3728249 0.0498414 0.3631307 0 0.2586206 0 0.2586206 0.0498414 0.3631307 0.04481679 0.378843 0.05542171 0.757559 0.06053292 0.7406654 0.1052631 0.7698276 0 0.862069 0.04623067 0.7466917 0.05542171 0.757559 0 0.862069 0.05542171 0.757559 0.1052631 0.7698276 0.9409675 0.7466917 0.8448955 0.7575588 0.8500066 0.740665 0.7714474 0.7698276 0.8357046 0.7466917 0.8448955 0.7575588 0.7714474 0.7698276 0.8448955 0.7575588 0.9409675 0.7466917 0.8026316 0.2965517 0.8342905 0.3788433 0.7714474 0.7698276 0.7714474 0.7698276 0.8342905 0.3788433 0.8357046 0.7466917 0.9409675 0.7466917 0.8500066 0.740665 0.8482951 0.3728248 0.8026316 0.2965517 0.8482951 0.3728248 0.8393151 0.3631308 0.8026316 0.2965517 0.8393151 0.3631308 0.8342905 0.3788433 0.3447368 0.862069 0 0.862069 0.1052631 0.7698276 0.3447368 0.862069 0.3677682 0.8984749 0.3663765 0.9245525 0.3447368 0.862069 0.3663765 0.9245525 0.3447368 1 0.3663765 0.9245525 0.374337 0.9291113 0.3447368 1 0.3447368 1 0.374337 0.9291113 0.5 1 0.6256629 0.8984749 0.3757287 0.9030339 0.3447368 0.862069 0.3447368 0.862069 0.3757287 0.9030339 0.3677682 0.8984749 0.5 1 0.374337 0.9291113 0.3757287 0.9030339 0.5 1 0.3757287 0.9030339 0.6256629 0.8984749 0.6552632 0.862069 0.6336235 0.9030338 0.6256629 0.8984749 0.6322318 0.9291113 0.6336235 0.9030338 0.6552632 0.862069 0.6242713 0.9245524 0.5 1 0.6256629 0.8984749 0.5 1 0.6242713 0.9245524 0.6552632 1 0.6552632 1 0.6242713 0.9245524 0.6322318 0.9291113 0.6552632 1 0.6322318 0.9291113 0.6552632 0.862069 0.6552632 0.862069 0.7714474 0.7698276 0.9409675 0.7466917 0.6552632 0.862069 0.9409675 0.7466917 1 0.862069 0.8026316 0.2965517 0.7184211 0.2586206 1 0.2586206 0.8026316 0.2965517 1 0.2586206 0.8482951 0.3728248 0.7184211 0 0.7073076 0.118551 0.6993473 0.1139922 0.7184211 0 0.6993473 0.1139922 0.5414474 0 0.7184211 0.2586206 0.7059161 0.1446285 0.7073076 0.118551 0.7184211 0.2586206 0.7073076 0.118551 0.7184211 0 0.6839842 0.2327586 0.6979555 0.1400697 0.7184211 0.2586206 0.7184211 0.2586206 0.6979555 0.1400697 0.7059161 0.1446285 0.2959729 0.1095763 0.2921274 0.1185664 0.281579 0 0.281579 0 0.2921274 0.1185664 0.281579 0.2586206 0.5414474 0 0.3020445 0.1185509 0.281579 0 0.281579 0 0.3020445 0.1185509 0.2959729 0.1095763 0.3160105 0.2327586 0.3006529 0.1446285 0.3020445 0.1185509 0.2921274 0.1185664 0.2926924 0.1400696 0.281579 0.2586206 0.281579 0.2586206 0.3160105 0.2327586 0.3160105 0.5068966 0.1640845 0.3728248 0.1551045 0.3631308 0.1052631 0.2965517 0.1640845 0.3728248 0.1052631 0.2965517 0.281579 0.2586206 0.281579 0.2586206 0.1052631 0.2965517 0 0.2586206 0.1052631 0.2965517 0.05882143 0.3728249 0 0.2586206 0.7714474 0.7698276 0.7643615 0.5607076 0.7711961 0.5374982 0.7714474 0.7698276 0.7711961 0.5374982 0.8026316 0.2965517 0.8026316 0.2965517 0.7711961 0.5374982 0.7670873 0.5120067 0.8026316 0.2965517 0.7670873 0.5120067 0.7184211 0.2586206 0.3160105 0.6655173 0.6839842 0.6655173 0.6256629 0.8984749 0.7714474 0.7698276 0.6839842 0.6655173 0.7643615 0.5607076 0.2342478 0.560222 0.3160105 0.5620689 0.3160105 0.6655173 0.1640845 0.3728248 0.2322307 0.5142058 0.1657961 0.740665 0.1657961 0.740665 0.2322307 0.5142058 0.2292714 0.5436229 0.1657961 0.740665 0.2292714 0.5436229 0.2342478 0.560222 0.1657961 0.740665 0.2342478 0.560222 0.3160105 0.6655173 0.281579 0.2586206 0.3160105 0.5068966 0.1640845 0.3728248 0.1640845 0.3728248 0.3160105 0.5068966 0.2322307 0.5142058 0.2926924 0.1400696 0.3006529 0.1446285 0.281579 0.2586206 0.281579 0.2586206 0.3006529 0.1446285 0.3160105 0.2327586 0.7670873 0.5120067 0.6839842 0.5068966 0.7184211 0.2586206 0.7184211 0.2586206 0.6839842 0.5068966 0.6839842 0.2327586 0.3447368 0.862069 0.1657961 0.740665 0.3160105 0.6655173 0.3447368 0.862069 0.3160105 0.6655173 0.6256629 0.8984749 0.6256629 0.8984749 0.6839842 0.6655173 0.6552632 0.862069 0.6552632 0.862069 0.6839842 0.6655173 0.7714474 0.7698276 0.04623067 0.7466917 0 0.862069 0 0.2586206 0.3020445 0.1185509 0.5414474 0 0.3160105 0.2327586 0.3160105 0.2327586 0.5414474 0 0.6839842 0.2327586 0.6839842 0.2327586 0.5414474 0 0.6993473 0.1139922 0.6839842 0.2327586 0.6993473 0.1139922 0.6979555 0.1400697 0.7184211 0.2586206 0.6839842 0.2327586 0.6839842 0.5068966 0.9445782 0.757559 0.9394671 0.7406654 0.8947368 0.7698276 1 0.862069 0.9537693 0.7466917 0.9445782 0.757559 1 0.862069 0.9445782 0.757559 0.8947368 0.7698276 1 0.2586206 0.9551832 0.378843 1 0.862069 1 0.862069 0.9551832 0.378843 0.9537693 0.7466917 0.9501586 0.3631307 0.9551832 0.378843 1 0.2586206 0.9411786 0.3728249 0.9501586 0.3631307 1 0.2586206 0.84992 0.3788433 0.8947368 0.7698276 0.9411786 0.3728249 0.9411786 0.3728249 0.8947368 0.7698276 0.9394671 0.7406654 0.8448955 0.3631308 0.84992 0.3788433 0.9411786 0.3728249 0.7184211 0.2586206 0.8359154 0.3728248 0.8448955 0.3631308 0.7184211 0.2586206 0.8448955 0.3631308 0.9411786 0.3728249 0.84992 0.3788433 0.8485061 0.7466916 0.8947368 0.7698276 0.7184211 0.2586206 0.834204 0.740665 0.8359154 0.3728248 0.8947368 0.7698276 0.8485061 0.7466916 0.8393151 0.757559 0.1973684 0.7698276 0.1642956 0.7466917 0.1551045 0.7575588 0.1973684 0.7698276 0.1551045 0.7575588 0.05903244 0.7466917 0.1551045 0.7575588 0.1499933 0.740665 0.05903244 0.7466917 0.1499933 0.740665 0.1517049 0.3728248 0.1052631 0.2965517 0.1642956 0.7466917 0.1973684 0.7698276 0.1657095 0.3788434 0.1657095 0.3788434 0.1973684 0.7698276 0.1973684 0.2965517 0.1052631 0.2965517 0.1517049 0.3728248 0.1973684 0.2965517 0.1973684 0.2965517 0.1517049 0.3728248 0.1606849 0.3631308 0.1973684 0.2965517 0.1606849 0.3631308 0.1657095 0.3788434 0.0498414 0.757559 0.04473018 0.7406654 0 0.862069 0 0.862069 0.05903244 0.7466917 0.0498414 0.757559 0 0.2586206 0.04473018 0.7406654 0.04644173 0.3728247 0.1499933 0.740665 0.1052631 0.2965517 0.05903244 0.7466917 0.05903244 0.7466917 0.1052631 0.2965517 0.06044632 0.3788432 0.05542171 0.3631308 0.06044632 0.3788432 0.1052631 0.2965517 0 0.2586206 0.04644173 0.3728247 0.05542171 0.3631308 0 0.2586206 0.05542171 0.3631308 0.1052631 0.2965517 0.5 1 0.6552632 1 0.6256631 0.9291113 0.5 1 0.6256631 0.9291113 0.6242713 0.9030339 0.5 1 0.6242713 0.9030339 0.3743371 0.898475 0.6552632 1 0.6336235 0.9245525 0.6256631 0.9291113 1 0.862069 0.8947368 0.7698276 0.6552632 0.862069 0.6552632 0.862069 0.8947368 0.7698276 0.8393151 0.757559 0.6552632 0.862069 0.3743371 0.898475 0.6322318 0.8984749 0.6322318 0.8984749 0.3743371 0.898475 0.6242713 0.9030339 0.6552632 0.862069 0.6322318 0.8984749 0.6336235 0.9245525 0.6552632 0.862069 0.6336235 0.9245525 0.6552632 1 0.3447368 1 0.3677682 0.9291113 0.3447368 0.862069 0.3447368 0.862069 0.3677682 0.9291113 0.3663766 0.9030339 0.3677682 0.9291113 0.3447368 1 0.3757287 0.9245525 0.3757287 0.9245525 0.3447368 1 0.5 1 0.3447368 0.862069 0.3663766 0.9030339 0.3743371 0.898475 0.5 1 0.3743371 0.898475 0.3757287 0.9245525 0 0.862069 0.3447368 0.862069 0.1973684 0.7698276 0 0.862069 0.1973684 0.7698276 0.05903244 0.7466917 0.2926923 0.118551 0.281579 0 0.281579 0.2586206 0.2926923 0.118551 0.281579 0.2586206 0.294084 0.1446285 0.3006528 0.1139922 0.3020445 0.1400697 0.3160105 0.2327586 0.3160105 0.2327586 0.3020445 0.1400697 0.281579 0.2586206 0.281579 0.2586206 0.3020445 0.1400697 0.294084 0.1446285 0.281579 0 0.2926923 0.118551 0.3006528 0.1139922 0.281579 0 0.3006528 0.1139922 0.4585526 0 0.7184211 0 0.7059159 0.1139922 0.7184211 0.2586206 0.7184211 0.2586206 0.7059159 0.1139922 0.7073076 0.1400696 0.7184211 0.2586206 0.7073076 0.1400696 0.6993471 0.1446284 0.7184211 0.2586206 0.6993471 0.1446284 0.6839842 0.2327586 0.4585526 0 0.6979555 0.1185509 0.7184211 0 0.7184211 0 0.6979555 0.1185509 0.7059159 0.1139922 0 0.2586206 0.1052631 0.2965517 0.281579 0.2586206 0.281579 0.2586206 0.1052631 0.2965517 0.1973684 0.2965517 0.281579 0.2586206 0.1973684 0.2965517 0.3160105 0.5068966 0.281579 0.2586206 0.3160105 0.5068966 0.3160105 0.2327586 1 0.2586206 0.7184211 0.2586206 0.9411786 0.3728249 0.2292714 0.5253427 0.1973684 0.2965517 0.1973684 0.7698276 0.2292714 0.5253427 0.1973684 0.7698276 0.2320227 0.5543944 0.1973684 0.2965517 0.2292714 0.5253427 0.2340679 0.5088827 0.1973684 0.7698276 0.3160105 0.6655173 0.3160105 0.5620689 0.1973684 0.7698276 0.3160105 0.5620689 0.2320227 0.5543944 0.2340679 0.5088827 0.3160105 0.5068966 0.1973684 0.2965517 0.6839842 0.6655173 0.3160105 0.6655173 0.3743371 0.898475 0.6839842 0.6655173 0.8393151 0.757559 0.6839842 0.5620689 0.834204 0.740665 0.763158 0.5614942 0.8393151 0.757559 0.8393151 0.757559 0.763158 0.5614942 0.6839842 0.5620689 0.7710587 0.5287942 0.7683886 0.5544206 0.834204 0.740665 0.7683886 0.5544206 0.763158 0.5614942 0.834204 0.740665 0.766018 0.5095353 0.7710587 0.5287942 0.7184211 0.2586206 0.7184211 0.2586206 0.7710587 0.5287942 0.834204 0.740665 0.6839842 0.5068966 0.766018 0.5095353 0.7184211 0.2586206 0.4585526 0 0.3006528 0.1139922 0.3160105 0.2327586 0.4585526 0 0.3160105 0.2327586 0.6839842 0.2327586 0.4585526 0 0.6839842 0.2327586 0.6979555 0.1185509 0.6979555 0.1185509 0.6839842 0.2327586 0.6993471 0.1446284 0.3160105 0.6655173 0.1973684 0.7698276 0.3447368 0.862069 0.3160105 0.6655173 0.3447368 0.862069 0.3743371 0.898475 0.6839842 0.6655173 0.3743371 0.898475 0.6552632 0.862069 0.6839842 0.6655173 0.6552632 0.862069 0.8393151 0.757559 0 0.862069 0.04473018 0.7406654 0 0.2586206 0.3447368 0.862069 0.3447368 0.862069 0 0.862069 0 0.862069 0.3447368 0.862069 0 0.862069 1 0.2586206 1 0.2586206 1 0.862069 1 0.862069 1 0.2586206 1 0.862069 0.7184211 0.2586206 0.7184211 0.2586206 1 0.2586206 1 0.2586206 0.7184211 0.2586206 1 0.2586206 0 0.862069 0 0.862069 0 0.2586206 0 0.2586206 0 0.862069 0 0.2586206 0.2322307 0.5142058 0.2340679 0.5088827 0.2292714 0.5253427 0.2322307 0.5142058 0.2292714 0.5253427 0.2292714 0.5436229 0.2292714 0.5436229 0.2292714 0.5253427 0.2320227 0.5543944 0.2292714 0.5436229 0.2320227 0.5543944 0.2342478 0.560222 0.7683886 0.5544206 0.7643615 0.5607076 0.763158 0.5614942 0.7643615 0.5607076 0.7683886 0.5544206 0.7711961 0.5374982 0.7711961 0.5374982 0.7683886 0.5544206 0.7710587 0.5287942 0.7711961 0.5374982 0.7710587 0.5287942 0.7670873 0.5120067 0.7670873 0.5120067 0.7710587 0.5287942 0.766018 0.5095353 0.763158 0.5614942 0.7643615 0.5607076 0.6839842 0.5620689 0.6839842 0.5620689 0.7643615 0.5607076 0.6839842 0.5620689 0.6839842 0.5068966 0.6839842 0.5068966 0.766018 0.5095353 0.766018 0.5095353 0.6839842 0.5068966 0.7670873 0.5120067 0.04481679 0.378843 0.04644173 0.3728247 0.04623067 0.7466917 0.04623067 0.7466917 0.04644173 0.3728247 0.04473018 0.7406654 0.04623067 0.7466917 0.04473018 0.7406654 0.0498414 0.757559 0.04623067 0.7466917 0.0498414 0.757559 0.05542171 0.757559 0.05542171 0.757559 0.0498414 0.757559 0.05903244 0.7466917 0.05542171 0.757559 0.05903244 0.7466917 0.06053292 0.7406654 0.06053292 0.7406654 0.05903244 0.7466917 0.05882143 0.3728249 0.05882143 0.3728249 0.05903244 0.7466917 0.06044632 0.3788432 0.05882143 0.3728249 0.06044632 0.3788432 0.05542171 0.3631308 0.05882143 0.3728249 0.05542171 0.3631308 0.0498414 0.3631307 0.0498414 0.3631307 0.05542171 0.3631308 0.04644173 0.3728247 0.0498414 0.3631307 0.04644173 0.3728247 0.04481679 0.378843 0.1500799 0.3788433 0.1517049 0.3728248 0.1503342 0.7424189 0.1503342 0.7424189 0.1517049 0.3728248 0.1499933 0.740665 0.1503342 0.7424189 0.1499933 0.740665 0.1551045 0.7575588 0.1503342 0.7424189 0.1551045 0.7575588 0.1586429 0.7576217 0.1586429 0.7576217 0.1551045 0.7575588 0.1642956 0.7466917 0.1586429 0.7576217 0.1642956 0.7466917 0.1657961 0.740665 0.1657961 0.740665 0.1642956 0.7466917 0.1640845 0.3728248 0.1640845 0.3728248 0.1642956 0.7466917 0.1657095 0.3788434 0.1640845 0.3728248 0.1657095 0.3788434 0.1606849 0.3631308 0.1640845 0.3728248 0.1606849 0.3631308 0.1551045 0.3631308 0.1551045 0.3631308 0.1606849 0.3631308 0.1517049 0.3728248 0.1551045 0.3631308 0.1517049 0.3728248 0.1500799 0.3788433 0.8357046 0.7466917 0.834204 0.740665 0.8393151 0.757559 0.8357046 0.7466917 0.8393151 0.757559 0.8448955 0.7575588 0.8448955 0.7575588 0.8393151 0.757559 0.8485061 0.7466916 0.8448955 0.7575588 0.8485061 0.7466916 0.8500066 0.740665 0.8500066 0.740665 0.8485061 0.7466916 0.8482951 0.3728248 0.8482951 0.3728248 0.8485061 0.7466916 0.84992 0.3788433 0.8482951 0.3728248 0.84992 0.3788433 0.8448955 0.3631308 0.8482951 0.3728248 0.8448955 0.3631308 0.8393151 0.3631308 0.8393151 0.3631308 0.8448955 0.3631308 0.8359154 0.3728248 0.8393151 0.3631308 0.8359154 0.3728248 0.8342905 0.3788433 0.8342905 0.3788433 0.8359154 0.3728248 0.8357046 0.7466917 0.8357046 0.7466917 0.8359154 0.3728248 0.834204 0.740665 0.9395536 0.3788431 0.9411786 0.3728249 0.9409675 0.7466917 0.9409675 0.7466917 0.9411786 0.3728249 0.9394671 0.7406654 0.9535582 0.3728248 0.9551832 0.378843 0.9501586 0.3631307 0.9535582 0.3728248 0.9501586 0.3631307 0.9445783 0.3631308 0.9445783 0.3631308 0.9501586 0.3631307 0.9411786 0.3728249 0.9445783 0.3631308 0.9411786 0.3728249 0.9395536 0.3788431 0.9552698 0.7406654 0.9537693 0.7466917 0.9535582 0.3728248 0.9535582 0.3728248 0.9537693 0.7466917 0.9551832 0.378843 0.9409675 0.7466917 0.9394671 0.7406654 0.9445782 0.757559 0.9409675 0.7466917 0.9445782 0.757559 0.9501586 0.757559 0.9501586 0.757559 0.9445782 0.757559 0.9537693 0.7466917 0.9501586 0.757559 0.9537693 0.7466917 0.9552698 0.7406654 0.7184211 0 0.7184211 0 0.7184211 0.2586206 0.7184211 0.2586206 0.7184211 0 0.7184211 0.2586206 0.281579 0 0.281579 0 0.281579 0.2586206 0.281579 0.2586206 0.281579 0 0.281579 0.2586206 0.281579 0 0.281579 0 0.5414474 0 0.5414474 0 0.281579 0 0.4585526 0 0.5414474 0 0.4585526 0 0.7184211 0 0.7184211 0 0.4585526 0 0.7184211 0 0.6979555 0.1400697 0.6979555 0.1185509 0.6993471 0.1446284 0.6979555 0.1400697 0.6993471 0.1446284 0.7059161 0.1446285 0.7059161 0.1446285 0.6993471 0.1446284 0.7073076 0.1400696 0.7059161 0.1446285 0.7073076 0.1400696 0.7073076 0.118551 0.7073076 0.118551 0.7073076 0.1400696 0.7059159 0.1139922 0.7073076 0.118551 0.7059159 0.1139922 0.6993473 0.1139922 0.6993473 0.1139922 0.7059159 0.1139922 0.6979555 0.1185509 0.6993473 0.1139922 0.6979555 0.1185509 0.6979555 0.1400697 0.2926924 0.1400696 0.2926923 0.118551 0.294084 0.1446285 0.2926924 0.1400696 0.294084 0.1446285 0.3006529 0.1446285 0.3006529 0.1446285 0.294084 0.1446285 0.3020445 0.1400697 0.3006529 0.1446285 0.3020445 0.1400697 0.3020445 0.1185509 0.3020445 0.1185509 0.3020445 0.1400697 0.3006528 0.1139922 0.3020445 0.1185509 0.3006528 0.1139922 0.2959729 0.1095763 0.2959729 0.1095763 0.3006528 0.1139922 0.2926923 0.118551 0.2959729 0.1095763 0.2926923 0.118551 0.2921274 0.1185664 0.2921274 0.1185664 0.2926923 0.118551 0.2926924 0.1400696 0.6839842 0.5068966 0.6839842 0.5068966 0.6839842 0.2327586 0.6839842 0.2327586 0.6839842 0.5068966 0.6839842 0.2327586 0.6839842 0.2327586 0.6839842 0.2327586 0.3160105 0.2327586 0.3160105 0.2327586 0.6839842 0.2327586 0.3160105 0.2327586 0.3160105 0.5068966 0.3160105 0.5068966 0.3160105 0.2327586 0.3160105 0.2327586 0.3160105 0.5068966 0.3160105 0.2327586 0.6242713 0.9245524 0.6242713 0.9030339 0.6256631 0.9291113 0.6242713 0.9245524 0.6256631 0.9291113 0.6322318 0.9291113 0.6322318 0.9291113 0.6256631 0.9291113 0.6336235 0.9245525 0.6322318 0.9291113 0.6336235 0.9245525 0.6336235 0.9030338 0.6336235 0.9030338 0.6336235 0.9245525 0.6322318 0.8984749 0.6336235 0.9030338 0.6322318 0.8984749 0.6256629 0.8984749 0.6256629 0.8984749 0.6322318 0.8984749 0.6242713 0.9030339 0.6256629 0.8984749 0.6242713 0.9030339 0.6242713 0.9245524 0.6552632 1 0.6552632 1 0.5 1 0.5 1 0.6552632 1 0.5 1 0.5 1 0.5 1 0.3447368 1 0.3447368 1 0.5 1 0.3447368 1 0.6552632 0.862069 0.6552632 1 0.6552632 0.862069 0.6552632 0.862069 0.6552632 1 0.6552632 1 0.3447368 1 0.3447368 1 0.3447368 0.862069 0.3447368 0.862069 0.3447368 1 0.3447368 0.862069 0.3663765 0.9245525 0.3663766 0.9030339 0.3677682 0.9291113 0.3663765 0.9245525 0.3677682 0.9291113 0.374337 0.9291113 0.374337 0.9291113 0.3677682 0.9291113 0.3757287 0.9245525 0.374337 0.9291113 0.3757287 0.9245525 0.3757287 0.9030339 0.3757287 0.9030339 0.3757287 0.9245525 0.3743371 0.898475 0.3757287 0.9030339 0.3743371 0.898475 0.3677682 0.8984749 0.3677682 0.8984749 0.3743371 0.898475 0.3663766 0.9030339 0.3677682 0.8984749 0.3663766 0.9030339 0.3663765 0.9245525 0.6839842 0.6655173 0.6839842 0.6655173 0.3160105 0.6655173 0.3160105 0.6655173 0.6839842 0.6655173 0.3160105 0.6655173 0.6839842 0.6655173 0.6839842 0.6655173 0.6839842 0.5620689 0.6839842 0.5620689 0.6839842 0.6655173 0.6839842 0.5620689 0.3160105 0.6655173 0.3160105 0.5620689 0.3160105 0.6655173 0.3160105 0.6655173 0.3160105 0.5620689 0.3160105 0.5620689 0.5 1 0.5 0.644131 1 1 1 1 0.5 0.644131 1 0.644131 0.5 0.8560311 0.5 1 1 0.8560311 1 0.8560311 0.5 1 1 1 0.5 0.355869 0.5 0.8560311 1 0.355869 1 0.355869 0.5 0.8560311 1 0.8560311 0.5 0 0.5 0.355869 1 0 1 0 0.5 0.355869 1 0.355869 0.5 0.1439688 0.5 0 1 0.1439688 1 0.1439688 0.5 0 1 0 0.5 0.644131 0.5 0.1439688 1 0.644131 1 0.644131 0.5 0.1439688 1 0.1439688 0.5 1 0.5 0.688601 0.5 0.6115803 0.5 1 0.5 0.6115803 0.5 0.644131 0.5 0.3195164 0.5 0.2842264 0.5 0 0.5 0.644131 0.5 0.6115803 0.5 0.1439688 0.5 0.1439688 0.5 0.6115803 0.5 0.3195164 0.5 0.1439688 0.5 0.3195164 0.5 0 0.5 0 0.5 0.2842264 0.5 0.355869 0.5 0.2842264 0.5 0.441495 0.5 0.355869 0.5 0.355869 0.5 0.441495 0.5 0.8560311 0.5 0.441495 0.5 0.688601 0.5 0.8560311 0.5 0.8560311 0.5 0.688601 0.5 1 1 0.355869 1 0.5892032 1 0.3939564 1 0.4107967 1 0.6060428 1 0.644131 1 0.644131 1 0.6060428 1 1 1 1 1 0.6060428 1 0.6934427 1 1 1 0.6934427 1 0.8560311 1 0.8560311 1 0.6934427 1 0.5892032 1 0.355869 1 0.3939564 1 0 1 0 1 0.3939564 1 0.3065568 1 0 1 0.3065568 1 0.1439688 1 0.1439688 1 0.3065568 1 0.4107967 1 0.8560311 1 0.5892032 1 0.355869 1 0.1439688 1 0.4107967 1 0.644131 0.5 0.3582444 1 0.3939564 0.5 0.5588772 0.5 0.5588772 1 0.3939564 1 0.5892032 0.5 0.5588772 1 0.5892032 0.5 0.6874437 0.5 0.6874437 1 0.5892032 1 0.6934427 0.5 0.6874437 1 0.6934427 0.5 0.6417555 0.5 0.6417555 1 0.6934427 1 0.6060428 0.5 0.6417555 1 0.6060428 0.5 0.4411228 0.5 0.4411228 1 0.6060428 1 0.4107967 0.5 0.4411228 1 0.4107967 0.5 0.3125556 0.5 0.3125556 1 0.4107967 1 0.3065568 0.5 0.3125556 1 0.3065568 0.5 0.3582444 0.5 0.3582444 1 0.3065568 1 0.3939564 0.5 0.4411228 0.5 0.6874437 0.5 0.6417555 0.5 0.4411228 0.5 0.5588772 0.5 0.6874437 0.5 0.4411228 0.5 0.3582444 0.5 0.5588772 0.5 0.4411228 0.5 0.3125556 0.5 0.3582444 0.5 0.441495 0 0.4949699 0.5 0.688601 0.5 0.688601 0 0.4949699 0 0.7193307 0.5 0.688601 0 0.7193307 0.5 0.6115803 0.5 0.6115803 0 0.7193307 0 0.5050292 0.5 0.6115803 0 0.5050292 0.5 0.3195164 0.5 0.3195164 0 0.5050292 0 0.2806706 0.5 0.3195164 0 0.2806706 0.5 0.2842264 0.5 0.2842264 0 0.2806706 0 0.4949699 0.5 0.2842264 0 0.4949699 0.5 0.441495 0 0.7193307 0 0.2806706 0 0.5050292 0 0.7193307 0 0.4949699 0 0.2806706 0.5 1 0.5 0.7655216 1 1 1 1 0.5 0.7655216 1 0.7655216 0.5 0.734636 0.5 1 1 0.734636 1 0.734636 0.5 1 1 1 0.5 0.2344784 0.5 0.734636 1 0.2344784 1 0.2344784 0.5 0.734636 1 0.734636 0.5 0 0.5 0.2344784 1 0 1 0 0.5 0.2344784 1 0.2344784 0.5 0.265364 0.5 0 1 0.265364 1 0.265364 0.5 0 1 0 0.5 0.7655216 0.5 0.265364 1 0.7655216 1 0.7655216 0.5 0.265364 1 0.265364 0.5 0 0.5 0.2888591 0.5 0.2344784 0.5 0.734636 0.5 0.7111412 0.5 1 0.5 0.2344784 0.5 0.2888591 0.5 0.5321421 0.5 0.265364 0.5 0.4678577 0.5 0.2888591 0.5 0.265364 0.5 0.2888591 0.5 0 0.5 0.734636 0.5 0.5321421 0.5 0.7111412 0.5 1 0.5 0.7111412 0.5 0.7655216 0.5 0.7655216 0.5 0.4678577 0.5 0.265364 0.5 0.7111412 0.5 0.4678577 0.5 0.7655216 0.5 0.2344784 0.5 0.5321421 0.5 0.734636 1 0.4992706 1 0.3393875 1 0.2344784 1 0.652511 1 0.4992706 1 0.734636 1 0.734636 1 0.4992706 1 0.2344784 1 0.2344784 1 0.3393875 1 0 1 0.7655216 1 0.6606131 1 1 1 0.6606131 1 0.652511 1 1 1 1 1 0.652511 1 0.734636 1 0.5007317 1 0.6606131 1 0.7655216 1 0.3474886 1 0.5007317 1 0.265364 1 0.265364 1 0.5007317 1 0.7655216 1 0.3393875 1 0.3474886 1 0 1 0 1 0.3474886 1 0.265364 0.5 0.3770413 1 0.3393875 1 0.4992706 0.5 0.3770413 1 0.4992706 0.5 0.5641432 0.5 0.5641432 1 0.4992706 1 0.652511 0.5 0.5641432 1 0.652511 0.5 0.6880271 0.5 0.6880271 1 0.652511 1 0.6606131 0.5 0.6880271 1 0.6606131 0.5 0.6229593 0.5 0.6229593 1 0.6606131 1 0.5007317 0.5 0.6229593 1 0.5007317 0.5 0.4358574 0.5 0.4358574 1 0.5007317 1 0.3474886 0.5 0.4358574 1 0.3474886 0.5 0.3119741 0.5 0.3119741 1 0.3474886 1 0.3393875 0.5 0.3119741 1 0.3393875 0.5 0.3770413 0.5 0.4358574 0.5 0.6880271 0.5 0.6229593 0.5 0.5641432 0.5 0.6880271 0.5 0.4358574 0.5 0.3770413 0.5 0.5641432 0.5 0.4358574 0.5 0.4358574 0.5 0.3119741 0.5 0.3770413 0.5 0.5321421 0 0.3106379 0 0.5986121 0.5 0.5321421 0 0.5986121 0.5 0.7111412 0.5 0.7111412 0 0.5986121 0 0.6893622 0.5 0.7111412 0 0.6893622 0.5 0.4678577 0.5 0.4678577 0 0.6893622 0 0.401389 0.5 0.4678577 0 0.401389 0.5 0.2888591 0.5 0.2888591 0 0.401389 0 0.3106379 0.5 0.2888591 0 0.3106379 0.5 0.5321421 0 0.401389 0 0.5986121 0 0.3106379 0 0.401389 0 0.6893622 0 0.5986121 0.3735215 0.983068 0.4905005 0.9992775 0.4691997 0.5797874 0.4691997 0.5797874 0.4905005 0.9992775 0.5 0.5862446 0.5781828 0.4653958 0.5862069 0.5 0.9903184 0.4064849 0.5797526 0.5308138 0.9921795 0.5831534 0.5862069 0.5 0.5862069 0.5 0.9921795 0.5831534 1 0.5 0.5862069 0.5 1 0.5 0.9903184 0.4064849 0.818594 0.8844168 0.5609598 0.5609864 0.5345891 0.578217 0.5 0.5862446 0.4905005 0.9992775 0.6079712 0.9875428 0.5 0.5862446 0.6079712 0.9875428 0.5345891 0.578217 0.5797526 0.5308138 0.9687126 0.6741796 0.9921795 0.5831534 0.5345891 0.578217 0.6079712 0.9875428 0.7194111 0.9485367 0.5345891 0.578217 0.7194111 0.9485367 0.818594 0.8844168 0.3735215 0.983068 0.4691997 0.5797874 0.2636257 0.9398254 0.4390403 0.5609864 0.184954 0.8884341 0.4691997 0.5797874 0.4691997 0.5797874 0.184954 0.8884341 0.2636257 0.9398254 0.7619718 0.0749371 0.6879138 0.03645265 0.5308004 0.4202126 0.7619718 0.0749371 0.5308004 0.4202126 0.5609598 0.4390136 0.7619718 0.0749371 0.5609598 0.4390136 0.8544584 0.1484071 0.8544584 0.1484071 0.5609598 0.4390136 0.5781828 0.4653958 0.8544584 0.1484071 0.5781828 0.4653958 0.9270918 0.2415435 0.5781828 0.4653958 0.9903184 0.4064849 0.9687126 0.3258205 0.5781828 0.4653958 0.9687126 0.3258205 0.9270918 0.2415435 0.818594 0.8844168 0.8787529 0.8265565 0.5609598 0.5609864 0.5609598 0.5609864 0.8787529 0.8265565 0.9324435 0.749392 0.5609598 0.5609864 0.9324435 0.749392 0.5797526 0.5308138 0.5797526 0.5308138 0.9324435 0.749392 0.9687126 0.6741796 0.4218171 0.5346042 0.05834728 0.7326835 0.1253387 0.8299607 0.4218171 0.5346042 0.1253387 0.8299607 0.4390403 0.5609864 0.4390403 0.5609864 0.1253387 0.8299607 0.184954 0.8884341 0.465411 0.421783 0.5 0.4137554 0.4210944 0.006913423 0.6879138 0.03645265 0.5976732 0.01028877 0.5308004 0.4202126 0.5308004 0.4202126 0.5976732 0.01028877 0.5 0.4137554 0.5 0.4137554 0.5976732 0.01028877 0.5148161 0 0.5 0.4137554 0.5148161 0 0.4210944 0.006913423 0.4137931 0.5 7.2448e-4 0.5045462 0.01607859 0.6224073 0.4137931 0.5 0.01607859 0.6224073 0.4218171 0.5346042 0.4218171 0.5346042 0.01607859 0.6224073 0.05834728 0.7326835 0.4390403 0.4390136 0.1184691 0.178014 0.4202474 0.4691862 0.1184691 0.178014 0.4390403 0.4390136 0.2047375 0.0973652 0.2047375 0.0973652 0.4390403 0.4390136 0.465411 0.421783 0.4202474 0.4691862 0.01360696 0.3878265 0.4137931 0.5 0.4137931 0.5 0.01360696 0.3878265 7.2448e-4 0.5045462 0.1184691 0.178014 0.05354177 0.2766825 0.4202474 0.4691862 0.4202474 0.4691862 0.05354177 0.2766825 0.01360696 0.3878265 0.465411 0.421783 0.4210944 0.006913423 0.3075379 0.03924846 0.465411 0.421783 0.3075379 0.03924846 0.2047375 0.0973652 0.3735217 0.01693189 0.4905004 7.22495e-4 0.4691997 0.4202126 0.4691997 0.4202126 0.4905004 7.22495e-4 0.5 0.4137554 0.9324435 0.250608 0.9687126 0.3258205 0.5797526 0.4691862 0.5 0.4137554 0.4905004 7.22495e-4 0.6079712 0.01245713 0.5 0.4137554 0.6079712 0.01245713 0.5345891 0.421783 0.5 0.5862446 0.5148161 1 0.4210944 0.9930866 0.5609598 0.4390136 0.8787529 0.1734436 0.5797526 0.4691862 0.5797526 0.4691862 0.8787529 0.1734436 0.9324435 0.250608 0.5345891 0.421783 0.818594 0.1155832 0.5609598 0.4390136 0.5609598 0.4390136 0.818594 0.1155832 0.8787529 0.1734436 0.5345891 0.421783 0.6079712 0.01245713 0.7194111 0.0514633 0.5345891 0.421783 0.7194111 0.0514633 0.818594 0.1155832 0.3735217 0.01693189 0.4691997 0.4202126 0.2636256 0.06017464 0.4390403 0.4390136 0.184954 0.111566 0.4691997 0.4202126 0.4691997 0.4202126 0.184954 0.111566 0.2636256 0.06017464 0.5 0.5862446 0.4210944 0.9930866 0.465411 0.578217 0.9687126 0.3258205 0.9921796 0.4168465 0.5797526 0.4691862 0.5797526 0.4691862 0.9921796 0.4168465 0.5862069 0.5 0.4218172 0.4653958 0.05834728 0.2673165 0.1253388 0.1700392 0.4218172 0.4653958 0.1253388 0.1700392 0.4390403 0.4390136 0.4390403 0.4390136 0.1253388 0.1700392 0.184954 0.111566 0.5148161 1 0.5 0.5862446 0.5976732 0.9897112 0.5976732 0.9897112 0.5 0.5862446 0.5308004 0.5797874 0.5976732 0.9897112 0.5308004 0.5797874 0.6879138 0.9635473 0.6879138 0.9635473 0.5308004 0.5797874 0.7619718 0.9250629 0.7619718 0.9250629 0.5308004 0.5797874 0.5609598 0.5609864 0.7619718 0.9250629 0.5609598 0.5609864 0.8544583 0.8515928 0.9921796 0.4168465 1 0.5 0.5862069 0.5 0.5862069 0.5 1 0.5 0.9903184 0.5935152 0.5862069 0.5 0.9903184 0.5935152 0.5781829 0.5346042 0.5781829 0.5346042 0.9903184 0.5935152 0.9687126 0.6741796 0.4137931 0.5 7.24492e-4 0.4954542 0.01607859 0.3775926 0.4137931 0.5 0.01607859 0.3775926 0.4218172 0.4653958 0.4218172 0.4653958 0.01607859 0.3775926 0.05834728 0.2673165 0.4390403 0.5609864 0.118469 0.821986 0.4202474 0.5308138 0.118469 0.821986 0.4390403 0.5609864 0.2047376 0.9026347 0.2047376 0.9026347 0.4390403 0.5609864 0.465411 0.578217 0.9687126 0.6741796 0.9270918 0.7584565 0.5781829 0.5346042 0.5781829 0.5346042 0.9270918 0.7584565 0.5609598 0.5609864 0.5609598 0.5609864 0.9270918 0.7584565 0.8544583 0.8515928 0.4202474 0.5308138 0.01360696 0.6121733 0.4137931 0.5 0.4137931 0.5 0.01360696 0.6121733 7.24492e-4 0.4954542 0.118469 0.821986 0.05354183 0.7233176 0.4202474 0.5308138 0.4202474 0.5308138 0.05354183 0.7233176 0.01360696 0.6121733 0.465411 0.578217 0.4210944 0.9930866 0.307538 0.9607515 0.465411 0.578217 0.307538 0.9607515 0.2047376 0.9026347 7.24492e-4 0.4954542 7.2448e-4 0.5045462 0.01360696 0.3878265 7.24492e-4 0.4954542 0.01360696 0.3878265 0.01607859 0.3775926 0.01607859 0.3775926 0.01360696 0.3878265 0.05354177 0.2766825 0.01607859 0.3775926 0.05354177 0.2766825 0.05834728 0.2673165 0.05834728 0.2673165 0.05354177 0.2766825 0.1184691 0.178014 0.05834728 0.2673165 0.1184691 0.178014 0.1253388 0.1700392 0.1253388 0.1700392 0.1184691 0.178014 0.2047375 0.0973652 0.1253388 0.1700392 0.2047375 0.0973652 0.184954 0.111566 0.184954 0.111566 0.2047375 0.0973652 0.2636256 0.06017464 0.2636256 0.06017464 0.2047375 0.0973652 0.3075379 0.03924846 0.2636256 0.06017464 0.3075379 0.03924846 0.3735217 0.01693189 0.3735217 0.01693189 0.3075379 0.03924846 0.4210944 0.006913423 0.3735217 0.01693189 0.4210944 0.006913423 0.4905004 7.22495e-4 0.4905004 7.22495e-4 0.4210944 0.006913423 0.5148161 0 0.4905004 7.22495e-4 0.5148161 0 0.5976732 0.01028877 0.4905004 7.22495e-4 0.5976732 0.01028877 0.6079712 0.01245713 0.6079712 0.01245713 0.5976732 0.01028877 0.6879138 0.03645265 0.6079712 0.01245713 0.6879138 0.03645265 0.7194111 0.0514633 0.7194111 0.0514633 0.6879138 0.03645265 0.7619718 0.0749371 0.7194111 0.0514633 0.7619718 0.0749371 0.818594 0.1155832 0.818594 0.1155832 0.7619718 0.0749371 0.8544584 0.1484071 0.818594 0.1155832 0.8544584 0.1484071 0.8787529 0.1734436 0.8787529 0.1734436 0.8544584 0.1484071 0.9270918 0.2415435 0.8787529 0.1734436 0.9270918 0.2415435 0.9324435 0.250608 0.9324435 0.250608 0.9270918 0.2415435 0.9687126 0.3258205 0.9324435 0.250608 0.9687126 0.3258205 0.9687126 0.3258205 0.9687126 0.3258205 0.9687126 0.3258205 0.9903184 0.4064849 0.9687126 0.3258205 0.9903184 0.4064849 0.9921796 0.4168465 0.9921796 0.4168465 0.9903184 0.4064849 1 0.5 0.9921796 0.4168465 1 0.5 1 0.5 1 0.5 1 0.5 0.9921795 0.5831534 1 0.5 0.9921795 0.5831534 0.9903184 0.5935152 0.9903184 0.5935152 0.9921795 0.5831534 0.9687126 0.6741796 0.9903184 0.5935152 0.9687126 0.6741796 0.9687126 0.6741796 0.9687126 0.6741796 0.9687126 0.6741796 0.9324435 0.749392 0.9687126 0.6741796 0.9324435 0.749392 0.9270918 0.7584565 0.9270918 0.7584565 0.9324435 0.749392 0.8787529 0.8265565 0.9270918 0.7584565 0.8787529 0.8265565 0.8544583 0.8515928 0.8544583 0.8515928 0.8787529 0.8265565 0.818594 0.8844168 0.8544583 0.8515928 0.818594 0.8844168 0.7619718 0.9250629 0.7619718 0.9250629 0.818594 0.8844168 0.7194111 0.9485367 0.7619718 0.9250629 0.7194111 0.9485367 0.6879138 0.9635473 0.6879138 0.9635473 0.7194111 0.9485367 0.6079712 0.9875428 0.6879138 0.9635473 0.6079712 0.9875428 0.5976732 0.9897112 0.5976732 0.9897112 0.6079712 0.9875428 0.4905005 0.9992775 0.5976732 0.9897112 0.4905005 0.9992775 0.5148161 1 0.5148161 1 0.4905005 0.9992775 0.4210944 0.9930866 0.4210944 0.9930866 0.4905005 0.9992775 0.3735215 0.983068 0.4210944 0.9930866 0.3735215 0.983068 0.307538 0.9607515 0.307538 0.9607515 0.3735215 0.983068 0.2636257 0.9398254 0.307538 0.9607515 0.2636257 0.9398254 0.2047376 0.9026347 0.2047376 0.9026347 0.2636257 0.9398254 0.184954 0.8884341 0.2047376 0.9026347 0.184954 0.8884341 0.1253387 0.8299607 0.2047376 0.9026347 0.1253387 0.8299607 0.118469 0.821986 0.118469 0.821986 0.1253387 0.8299607 0.05834728 0.7326835 0.118469 0.821986 0.05834728 0.7326835 0.05354183 0.7233176 0.05354183 0.7233176 0.05834728 0.7326835 0.01607859 0.6224073 0.05354183 0.7233176 0.01607859 0.6224073 0.01360696 0.6121733 0.01360696 0.6121733 0.01607859 0.6224073 7.2448e-4 0.5045462 0.01360696 0.6121733 7.2448e-4 0.5045462 7.24492e-4 0.4954542 0.5862069 0.5 0.5862069 0.5 0.5797526 0.5308138 0.5797526 0.5308138 0.5862069 0.5 0.5781829 0.5346042 0.5797526 0.5308138 0.5781829 0.5346042 0.5609598 0.5609864 0.5609598 0.5609864 0.5781829 0.5346042 0.5609598 0.5609864 0.5609598 0.5609864 0.5609598 0.5609864 0.5345891 0.578217 0.5345891 0.578217 0.5609598 0.5609864 0.5308004 0.5797874 0.5345891 0.578217 0.5308004 0.5797874 0.5 0.5862446 0.5 0.5862446 0.5308004 0.5797874 0.5 0.5862446 0.5 0.5862446 0.5 0.5862446 0.4691997 0.5797874 0.4691997 0.5797874 0.5 0.5862446 0.465411 0.578217 0.4691997 0.5797874 0.465411 0.578217 0.4390403 0.5609864 0.4390403 0.5609864 0.465411 0.578217 0.4390403 0.5609864 0.4390403 0.5609864 0.4390403 0.5609864 0.4218171 0.5346042 0.4218171 0.5346042 0.4390403 0.5609864 0.4202474 0.5308138 0.4218171 0.5346042 0.4202474 0.5308138 0.4137931 0.5 0.4137931 0.5 0.4202474 0.5308138 0.4137931 0.5 0.4137931 0.5 0.4137931 0.5 0.4202474 0.4691862 0.4202474 0.4691862 0.4137931 0.5 0.4218172 0.4653958 0.4202474 0.4691862 0.4218172 0.4653958 0.4390403 0.4390136 0.4390403 0.4390136 0.4218172 0.4653958 0.4390403 0.4390136 0.4390403 0.4390136 0.4390403 0.4390136 0.465411 0.421783 0.465411 0.421783 0.4390403 0.4390136 0.4691997 0.4202126 0.465411 0.421783 0.4691997 0.4202126 0.5 0.4137554 0.5 0.4137554 0.4691997 0.4202126 0.5 0.4137554 0.5 0.4137554 0.5 0.4137554 0.5308004 0.4202126 0.5308004 0.4202126 0.5 0.4137554 0.5345891 0.421783 0.5308004 0.4202126 0.5345891 0.421783 0.5609598 0.4390136 0.5609598 0.4390136 0.5345891 0.421783 0.5609598 0.4390136 0.5609598 0.4390136 0.5609598 0.4390136 0.5781828 0.4653958 0.5781828 0.4653958 0.5609598 0.4390136 0.5797526 0.4691862 0.5781828 0.4653958 0.5797526 0.4691862 0.5862069 0.5 0.5862069 0.5 0.5797526 0.4691862 0.5862069 0.5 1 0 0.2 0 1 0.3543894 1 0.3543894 0.2 0 0.2 0.3543894 1 0.1456106 0.2 0.1456106 1 0 1 0 0.2 0.1456106 0.2 0 1 0.6456106 0.2 0.6456106 1 0.1456106 1 0.1456106 0.2 0.6456106 0.2 0.1456106 1 1 0.2 1 1 0.6456106 1 0.6456106 0.2 1 0.2 0.6456106 1 0.8543894 0.2 0.8543894 1 1 1 1 0.2 0.8543894 0.2 1 1 0.3543894 0.2 0.3543894 1 0.8543894 1 0.8543894 0.2 0.3543894 0.2 0.8543894 0.2 1 0.2 0.6740627 0.2 0.6456106 0.2 0.1456106 0.2 0.3666489 0.2 0 0.2 0 0.2 0.3666489 0.2 0.3259377 0.2 0.6740627 0.2 0.3666489 0.2 0.6456106 0.2 0.6456106 0.2 0.3666489 0.2 0.1456106 0.2 0 0.2 0.3259377 0.2 0.3543894 0.2 0.3259377 0.2 0.6333526 0.2 0.3543894 0.2 0.3543894 0.2 0.6333526 0.2 0.8543894 0.2 0.8543894 0.2 0.6333526 0.2 1 0.2 1 0.2 0.6333526 0.2 0.6740627 0.2 0.6740627 0 0.4238287 0.2 0.3666489 0.2 0.3666489 0 0.4238287 0 0.2940899 0.2 0.3666489 0 0.2940899 0.2 0.3259377 0.2 0.3259377 0 0.2940899 0 0.5761713 0.2 0.3259377 0 0.5761713 0.2 0.6333526 0.2 0.6333526 0 0.5761713 0 0.7059096 0.2 0.6333526 0 0.7059096 0.2 0.6740627 0.2 0.6740627 0 0.7059096 0 0.4238287 0 0.5761713 0 0.2940899 0 0.7059096 0 0.2940899 0 0.4238287 0 0.7059096 1 0.3543894 1 0.5431225 1 0.3199172 1 0.3543894 1 0.3199172 1 0 1 1 1 0.6800811 1 0.8543894 1 0.8543894 1 0.6800811 1 0.5431225 1 0.1456106 1 0.456879 1 0.6456106 1 0.8543894 1 0.5431225 1 0.3543894 1 0 1 0.3199172 1 0.1456106 1 0.1456106 1 0.3199172 1 0.456879 1 0.6456106 1 0.456879 1 0.6800811 1 0.6456106 1 0.6800811 1 1 0.56 0.4696429 0.56 0.3145539 0.52996 0.5 0.56 0.3145539 0.56 0.3442803 0.52996 0.5 0.52996 0.5 0.56 0.3442803 0.56 0.5303586 0.56 0.5303586 0.56 0.6854453 0.52996 0.5 0.52996 0.5 0.56 0.6854453 0.56 0.6557207 0.56 0.6557207 0.56 0.4696429 0.52996 0.5 0.56 0.4696429 1 0.456879 0.56 0.3145539 0.56 0.3145539 1 0.456879 1 0.3199172 0.56 0.3145539 1 0.3199172 0.56 0.3442803 0.56 0.3442803 1 0.3199172 1 0.5431225 0.56 0.3442803 1 0.5431225 0.56 0.5303586 0.56 0.5303586 1 0.5431225 0.56 0.6854453 0.56 0.6854453 1 0.5431225 1 0.6800811 0.56 0.6854453 1 0.6800811 0.56 0.6557207 0.56 0.6557207 1 0.6800811 1 0.456879 0.56 0.6557207 1 0.456879 0.56 0.4696429 0.577439 0.9668863 0.3146342 0.9668863 0.577439 0.7669376 0.577439 0.7669376 0.3146342 0.9668863 0.3146342 0.8470951 0.9329268 0.06845211 0.9329268 0 0.957605 0.04818689 0.957605 0.04818689 0.9329268 0 0.9717584 0.03462994 0.7537195 0.7669376 0.8010267 0.813273 0.7868732 0.8268299 0.9329268 0.06845211 0.957605 0.04818689 0.3146342 0.8470951 0.3146342 0.8470951 0.957605 0.04818689 0.577439 0.7669376 0.577439 0.7669376 0.957605 0.04818689 0.7537195 0.7669376 1 0 0.9717584 0.03462994 0.9329268 0 0.7868732 0.8268299 0.7537195 0.9668863 0.7537195 0.7669376 0.7537195 0.9668863 0.7868732 0.8268299 0.7965342 0.8466911 0.7537195 0.9668863 0.7965342 0.8466911 1 0.9668863 0.3146342 0.8470951 0.2560976 0.8470951 0.9329268 0.06845211 0.9329268 0.06845211 0.2560976 0.8470951 0.2034658 0.813273 0.9329268 0.06845211 0.2034658 0.813273 0.07926827 0.06845211 0 0 0.1893122 0.8268299 0 0.9668863 0 0 0.07926827 0 0.03273403 0.03462994 0.7965342 0.8466911 0.8106877 0.8331342 1 0.9668863 0.03273403 0.03462994 0.01858049 0.04818689 0 0 0.04239505 0.05449122 0.03273403 0.03462994 0.07926827 0 0.1893122 0.8268299 0.1989732 0.8466911 0 0.9668863 0 0.9668863 0.1989732 0.8466911 0.2560976 0.9668863 0.2560976 0.9668863 0.1989732 0.8466911 0.2131268 0.8331342 0.2560976 0.9668863 0.2131268 0.8331342 0.2560976 0.8470951 0.2560976 0.8470951 0.2131268 0.8331342 0.2034658 0.813273 1 0.9668863 0.8106877 0.8331342 1 0 1 0 0.8106877 0.8331342 0.8010267 0.813273 0.967266 0.06804817 0.9814195 0.05449116 0.8010267 0.813273 0.7537195 0.7669376 0.957605 0.04818689 0.8010267 0.813273 0.9814195 0.05449116 0.9717584 0.03462994 1 0 0 0 0.01858049 0.04818689 0.1893122 0.8268299 0.1893122 0.8268299 0.01858049 0.04818689 0.02824145 0.06804817 0.957605 0.04818689 0.967266 0.06804817 0.8010267 0.813273 0.04239505 0.05449122 0.07926827 0.06845211 0.2034658 0.813273 0.04239505 0.05449122 0.2034658 0.813273 0.02824145 0.06804817 0.02824145 0.06804817 0.2034658 0.813273 0.1893122 0.8268299 0.07926827 0.06845211 0.04239505 0.05449122 0.07926827 0 0.8010267 0.813273 0.9814195 0.05449116 1 0 0.7220402 0.08679372 0.7916585 0.09150338 0.7380366 0.07732808 0.7258415 0.02566951 0.7339715 0.008556485 0.7172805 0 0.7172805 0 0.7339715 0.008556485 0.7852303 0.005028188 0.7380366 0.02566951 0.7725895 0.02566951 0.7339715 0.008556485 0.7339715 0.008556485 0.7725895 0.02566951 0.7685244 0.008556485 0.7339715 0.008556485 0.7685244 0.008556485 0.7852303 0.005028188 0.7766545 0.06591939 0.7807195 0.08303242 0.7916585 0.09150338 0.7916585 0.09150338 0.7807195 0.08303242 0.7685244 0.08303242 0.7916585 0.09150338 0.7685244 0.08303242 0.7380366 0.07732808 0.7220402 0.08679372 0.7258415 0.06591939 0.7172805 0 0.7172805 0 0.7258415 0.06591939 0.7380366 0.07732808 0.7172805 0 0.7380366 0.07732808 0.7258415 0.02566951 0.7258415 0.02566951 0.7380366 0.07732808 0.7685244 0.08303242 0.7258415 0.02566951 0.7685244 0.08303242 0.7380366 0.02566951 0.7380366 0.02566951 0.7685244 0.08303242 0.7766545 0.06591939 0.7380366 0.02566951 0.7766545 0.06591939 0.7725895 0.02566951 0.7725895 0.02566951 0.7766545 0.06591939 0.7916585 0.09150338 0.7725895 0.02566951 0.7916585 0.09150338 0.7852303 0.005028188 0.6476499 0.08679378 0.7172683 0.09150338 0.6636463 0.07732808 0.6428902 0 0.6514512 0.01426082 0.6636463 0.008556485 0.6428902 0 0.6636463 0.008556485 0.71084 0.005028188 0.6636463 0.02566951 0.6981992 0.02566951 0.6636463 0.008556485 0.6636463 0.008556485 0.6981992 0.02566951 0.6941342 0.008556485 0.6636463 0.008556485 0.6941342 0.008556485 0.71084 0.005028188 0.7172683 0.09150338 0.7063293 0.07732808 0.6941342 0.08303242 0.7172683 0.09150338 0.6941342 0.08303242 0.6636463 0.07732808 0.6476499 0.08679378 0.6514512 0.06591939 0.6428902 0 0.6428902 0 0.6514512 0.06591939 0.6636463 0.07732808 0.6428902 0 0.6636463 0.07732808 0.6514512 0.01426082 0.6514512 0.01426082 0.6636463 0.07732808 0.6941342 0.08303242 0.6514512 0.01426082 0.6941342 0.08303242 0.6636463 0.02566951 0.6636463 0.02566951 0.6941342 0.08303242 0.6941342 0.06591939 0.6636463 0.02566951 0.6941342 0.06591939 0.6981992 0.02566951 0.6981992 0.02566951 0.6941342 0.06591939 0.7063293 0.07732808 0.6981992 0.02566951 0.7063293 0.07732808 0.7172683 0.09150338 0.6981992 0.02566951 0.7172683 0.09150338 0.71084 0.005028188 0.5732597 0.08679378 0.6428781 0.09150338 0.5892561 0.07732808 0.5723141 0.003812074 0.5892561 0.008556485 0.6364498 0.005028188 0.581126 0.02566951 0.6197438 0.01426082 0.5892561 0.008556485 0.5892561 0.008556485 0.6197438 0.01426082 0.6364498 0.005028188 0.6428781 0.09150338 0.6319391 0.07732808 0.6197439 0.08303242 0.6428781 0.09150338 0.6197439 0.08303242 0.5892561 0.07732808 0.5732597 0.08679378 0.577061 0.06591939 0.5723141 0.003812074 0.5723141 0.003812074 0.577061 0.06591939 0.5892561 0.07732808 0.5723141 0.003812074 0.5892561 0.07732808 0.581126 0.02566951 0.581126 0.02566951 0.5892561 0.07732808 0.6197439 0.08303242 0.581126 0.02566951 0.6197439 0.08303242 0.6197439 0.06591939 0.581126 0.02566951 0.6197439 0.06591939 0.6197438 0.01426082 0.6197438 0.01426082 0.6197439 0.06591939 0.6319391 0.07732808 0.6197438 0.01426082 0.6319391 0.07732808 0.6319391 0.02566951 0.6319391 0.02566951 0.6319391 0.07732808 0.6428781 0.09150338 0.6319391 0.02566951 0.6428781 0.09150338 0.6364498 0.005028188 0.4988694 0.08679378 0.5639902 0.08802056 0.5148659 0.08303242 0.4979239 0.003812074 0.5148659 0.008556485 0.5684878 0 0.5067358 0.02566951 0.5453537 0.02566951 0.5148659 0.008556485 0.5148659 0.008556485 0.5453537 0.02566951 0.5534837 0.008556485 0.5148659 0.008556485 0.5534837 0.008556485 0.5684878 0 0.5684878 0 0.5534837 0.008556485 0.5575488 0.02566951 0.5639902 0.08802056 0.5453537 0.08303242 0.5148659 0.08303242 0.5148659 0.08303242 0.5453537 0.08303242 0.5108008 0.06591939 0.4988694 0.08679378 0.5108008 0.06591939 0.4979239 0.003812074 0.4979239 0.003812074 0.5108008 0.06591939 0.5067358 0.02566951 0.5067358 0.02566951 0.5108008 0.06591939 0.5453537 0.08303242 0.5067358 0.02566951 0.5453537 0.08303242 0.5534837 0.06591939 0.5067358 0.02566951 0.5534837 0.06591939 0.5453537 0.02566951 0.5453537 0.02566951 0.5534837 0.06591939 0.5575488 0.02566951 0.5575488 0.02566951 0.5534837 0.06591939 0.5639902 0.08802056 0.5575488 0.02566951 0.5639902 0.08802056 0.5684878 0 0.4244792 0.08679378 0.4896 0.08802056 0.4404756 0.08303242 0.4235336 0.003812074 0.4404756 0.008556485 0.4876693 0.005028188 0.4323455 0.02566951 0.4709634 0.01426082 0.4404756 0.008556485 0.4404756 0.008556485 0.4709634 0.01426082 0.4876693 0.005028188 0.4896 0.08802056 0.4709634 0.08303242 0.4404756 0.08303242 0.4404756 0.08303242 0.4709634 0.08303242 0.4364106 0.06591939 0.4244792 0.08679378 0.4364106 0.06591939 0.4235336 0.003812074 0.4235336 0.003812074 0.4364106 0.06591939 0.4323455 0.02566951 0.4323455 0.02566951 0.4364106 0.06591939 0.4709634 0.08303242 0.4323455 0.02566951 0.4709634 0.08303242 0.4790935 0.06591939 0.4323455 0.02566951 0.4790935 0.06591939 0.4709634 0.01426082 0.4709634 0.01426082 0.4790935 0.06591939 0.4831585 0.02566951 0.4831585 0.02566951 0.4790935 0.06591939 0.4896 0.08802056 0.4831585 0.02566951 0.4896 0.08802056 0.4876693 0.005028188 0.3500889 0.08679378 0.4197073 0.09150338 0.3660854 0.07732808 0.3453292 0 0.3538902 0.01426082 0.3660854 0.008556485 0.3453292 0 0.3660854 0.008556485 0.4197073 0 0.3660854 0.02566951 0.3965731 0.02566951 0.3660854 0.008556485 0.3660854 0.008556485 0.3965731 0.02566951 0.4047032 0.008556485 0.3660854 0.008556485 0.4047032 0.008556485 0.4197073 0 0.4197073 0 0.4047032 0.008556485 0.4087683 0.02566951 0.4047032 0.06591939 0.4087683 0.08303242 0.4197073 0.09150338 0.4197073 0.09150338 0.4087683 0.08303242 0.3965731 0.08303242 0.4197073 0.09150338 0.3965731 0.08303242 0.3660854 0.07732808 0.3500889 0.08679378 0.3538902 0.06591939 0.3453292 0 0.3453292 0 0.3538902 0.06591939 0.3660854 0.07732808 0.3453292 0 0.3660854 0.07732808 0.3538902 0.01426082 0.3538902 0.01426082 0.3660854 0.07732808 0.3965731 0.08303242 0.3538902 0.01426082 0.3965731 0.08303242 0.3660854 0.02566951 0.3660854 0.02566951 0.3965731 0.08303242 0.4047032 0.06591939 0.3660854 0.02566951 0.4047032 0.06591939 0.3965731 0.02566951 0.3965731 0.02566951 0.4047032 0.06591939 0.4087683 0.02566951 0.4087683 0.02566951 0.4047032 0.06591939 0.4197073 0.09150338 0.4087683 0.02566951 0.4197073 0.09150338 0.4197073 0 0.2756987 0.08679378 0.3453171 0.09150338 0.2916951 0.07732808 0.2747531 0.003812074 0.2916951 0.008556485 0.3388888 0.005028188 0.2835651 0.02566951 0.3262479 0.02566951 0.2916951 0.008556485 0.2916951 0.008556485 0.3262479 0.02566951 0.3221829 0.008556485 0.2916951 0.008556485 0.3221829 0.008556485 0.3388888 0.005028188 0.330313 0.06591939 0.3343781 0.08303242 0.3453171 0.09150338 0.3453171 0.09150338 0.3343781 0.08303242 0.3221829 0.08303242 0.3453171 0.09150338 0.3221829 0.08303242 0.2916951 0.07732808 0.2756987 0.08679378 0.2795 0.06591939 0.2747531 0.003812074 0.2747531 0.003812074 0.2795 0.06591939 0.2916951 0.07732808 0.2747531 0.003812074 0.2916951 0.07732808 0.2835651 0.02566951 0.2835651 0.02566951 0.2916951 0.07732808 0.3221829 0.08303242 0.2835651 0.02566951 0.3221829 0.08303242 0.330313 0.06591939 0.2835651 0.02566951 0.330313 0.06591939 0.3262479 0.02566951 0.3262479 0.02566951 0.330313 0.06591939 0.3453171 0.09150338 0.3262479 0.02566951 0.3453171 0.09150338 0.3388888 0.005028188 0.2013084 0.08679378 0.2664293 0.08802056 0.2173048 0.08303242 0.2003629 0.003812074 0.2173048 0.008556485 0.2644985 0.005028188 0.2091748 0.02566951 0.2477926 0.01426082 0.2173048 0.008556485 0.2173048 0.008556485 0.2477926 0.01426082 0.2644985 0.005028188 0.2664293 0.08802056 0.2477927 0.08303242 0.2173048 0.08303242 0.2173048 0.08303242 0.2477927 0.08303242 0.2132398 0.06591939 0.2013084 0.08679378 0.2132398 0.06591939 0.2003629 0.003812074 0.2003629 0.003812074 0.2132398 0.06591939 0.2091748 0.02566951 0.2091748 0.02566951 0.2132398 0.06591939 0.2477927 0.08303242 0.2091748 0.02566951 0.2477927 0.08303242 0.2559227 0.06591939 0.2091748 0.02566951 0.2559227 0.06591939 0.2477926 0.01426082 0.2477926 0.01426082 0.2559227 0.06591939 0.2599878 0.02566951 0.2599878 0.02566951 0.2559227 0.06591939 0.2664293 0.08802056 0.2599878 0.02566951 0.2664293 0.08802056 0.2644985 0.005028188 0.1269181 0.08679378 0.192039 0.08802056 0.1429146 0.08303242 0.1307195 0.02566951 0.1388496 0.008556485 0.1221585 0 0.1221585 0 0.1388496 0.008556485 0.1901082 0.005028188 0.1429146 0.02566951 0.1774674 0.02566951 0.1388496 0.008556485 0.1388496 0.008556485 0.1774674 0.02566951 0.1734024 0.008556485 0.1388496 0.008556485 0.1734024 0.008556485 0.1901082 0.005028188 0.192039 0.08802056 0.1734024 0.08303242 0.1429146 0.08303242 0.1429146 0.08303242 0.1734024 0.08303242 0.1388496 0.06591939 0.1269181 0.08679378 0.1388496 0.06591939 0.1221585 0 0.1221585 0 0.1388496 0.06591939 0.1307195 0.02566951 0.1307195 0.02566951 0.1388496 0.06591939 0.1734024 0.08303242 0.1307195 0.02566951 0.1734024 0.08303242 0.1429146 0.02566951 0.1429146 0.02566951 0.1734024 0.08303242 0.1815325 0.06591939 0.1429146 0.02566951 0.1815325 0.06591939 0.1774674 0.02566951 0.1774674 0.02566951 0.1815325 0.06591939 0.192039 0.08802056 0.1774674 0.02566951 0.192039 0.08802056 0.1901082 0.005028188 0.9390244 0.1061007 0.9390244 0.739283 1 0.775015 0.7172765 0.09150338 0.6428862 0.09150338 0.4878049 0.107447 0.7537195 0.7669376 0.9390244 0.739283 0.4878049 0.739283 0.1572682 0.7674682 0.4878049 0.739283 0.4878049 0.7109096 0.1572682 0.7674682 0.4878049 0.7109096 0.04197555 0.7109096 1 0.775015 0.963144 0.06768143 0.9390244 0.1061007 1 0.775015 0.9771832 0.06478315 0.963144 0.06768143 0.7172765 0.09150338 0.4878049 0.107447 0.9390244 0.1061007 0.7172765 0.09150338 0.9390244 0.1061007 0.7916585 0.09150338 0.7916585 0.09150338 0.9390244 0.1061007 0.963144 0.06768143 0.7916585 0.09150338 0.963144 0.06768143 0.9568876 0.05195003 0.9568876 0.05195003 0.9675272 0.03440326 0.7916585 0 0.5684959 0.09150338 0.4941057 0.09150338 0.4878049 0.107447 0.7916585 0.09150338 0.9568876 0.05195003 0.7916585 0 1 0 0.9813681 0.04390436 0.9771832 0.06478315 1 0 0.9771832 0.06478315 1 0.775015 0.5684959 0.09150338 0.4878049 0.107447 0.6428862 0.09150338 1 0 0.9675272 0.03440326 0.9813681 0.04390436 0.04197555 0.1121588 0.4878049 0.107447 0.4197155 0.09150338 0.4197155 0.09150338 0.4878049 0.107447 0.4941057 0.09150338 0.7916585 0 0.9675272 0.03440326 1 0 0.3453252 0.09150338 0.2709349 0.09150338 0.04197555 0.1121588 0.3453252 0.09150338 0.04197555 0.1121588 0.4197155 0.09150338 0.1965447 0.09150338 0.1221544 0.09150338 0.04197555 0.1121588 0.1965447 0.09150338 0.04197555 0.1121588 0.2709349 0.09150338 0.8427317 0.9668863 0.8064505 0.843427 0.7537195 0.9668863 0.8064505 0.843427 0.7900703 0.8428661 0.7537195 0.9668863 0.788841 0.8199636 0.8019129 0.8119307 0.8427317 0.7674682 0.7537195 0.9668863 0.7900703 0.8428661 0.7537195 0.7669376 0.7537195 0.7669376 0.7900703 0.8428661 0.788841 0.8199636 0.8427317 0.7674682 0.8019129 0.8119307 0.8106402 0.8225439 0.7537195 0.7669376 0.788841 0.8199636 0.8427317 0.7674682 0.7537195 0.7669376 0.8427317 0.7674682 0.9390244 0.739283 0.9390244 0.739283 0.8427317 0.7674682 0.9825976 0.7674682 0.9390244 0.739283 0.9825976 0.7674682 1 0.775015 1 0.775015 0.9825976 0.7674682 1 0.9668863 1 0.9668863 0.9825976 0.7674682 0.9825976 0.9668863 0.8427317 0.7674682 0.8106402 0.8225439 0.8427317 0.9668863 0.8427317 0.9668863 0.8106402 0.8225439 0.8064505 0.843427 0.3227073 0.9668863 0.3705976 0.9668863 0.3227073 0.8360229 0.3227073 0.8360229 0.3705976 0.9668863 0.3705976 0.8288868 0.2269268 0.9668863 0.2088924 0.8434297 0.1572682 0.9668863 0.5438171 0.9668863 0.577439 0.9668863 0.5438171 0.8288868 0.5438171 0.8288868 0.577439 0.9668863 0.577439 0.7669376 0.2088924 0.8434297 0.1925075 0.8428633 0.1572682 0.9668863 0.2107999 0.8192035 0.2088924 0.8434297 0.2269268 0.8360229 0.2269268 0.8360229 0.2088924 0.8434297 0.2269268 0.9668863 0.1883557 0.8255866 0.1572682 0.7674682 0.1925075 0.8428633 0.1925075 0.8428633 0.1572682 0.7674682 0.1572682 0.9668863 0.1572682 0.7674682 0.1883557 0.8255866 0.1959216 0.8133448 0.1959216 0.8133448 0.2107999 0.8192035 0.1572682 0.7674682 0.1572682 0.7674682 0.2107999 0.8192035 0.577439 0.7669376 0.1572682 0.7674682 0.577439 0.7669376 0.4878049 0.739283 0.4878049 0.739283 0.577439 0.7669376 0.7537195 0.7669376 0.2107999 0.8192035 0.2269268 0.8360229 0.3227073 0.8360229 0.2107999 0.8192035 0.3227073 0.8360229 0.577439 0.7669376 0.577439 0.7669376 0.3227073 0.8360229 0.3705976 0.8288868 0.577439 0.7669376 0.3705976 0.8288868 0.5438171 0.8288868 0.01740241 0.7674682 0 0 0 0.9668863 0.04197555 0.7109096 0.01740241 0.7674682 0.1572682 0.7674682 0.02915513 0.06949895 0.01918005 0.06101465 0.01740241 0.7674682 0.04197555 0.6940019 0.02915513 0.06949895 0.04197555 0.7109096 0.02054786 0.04132258 0 0 0.01918005 0.06101465 0.01918005 0.06101465 0 0 0.01740241 0.7674682 0.04197555 0.7109096 0.02915513 0.06949895 0.01740241 0.7674682 0.04197555 0.1121588 0.1221544 0.09150338 0.04776829 0.09150338 0.04197555 0.1121588 0.04776829 0.09150338 0.04191708 0.05759882 0.04191708 0.05759882 0.04776829 0.09150338 0.04776829 0 0.04191708 0.05759882 0.04776829 0 0.03642833 0.03569322 0.02915513 0.06949895 0.04197555 0.5740053 0.04197555 0.5570976 0.04197555 0.4371011 0.04197555 0.4201934 0.02915513 0.06949895 0.02915513 0.06949895 0.04197555 0.6424574 0.04197555 0.6255497 0.02915513 0.06949895 0.04197555 0.3686489 0.04197555 0.3517413 0.04197555 0.3001968 0.04197555 0.2832891 0.02915513 0.06949895 0.04197555 0.5055532 0.04197555 0.4886455 0.02915513 0.06949895 0 0 0.02054786 0.04132258 0.04776829 0 0.04776829 0 0.02054786 0.04132258 0.03642833 0.03569322 0.02915513 0.06949895 0.04197555 0.2317447 0.04197555 0.214837 0.02915513 0.06949895 0.04197555 0.1632925 0.04197555 0.1463848 0 0.9668863 0.01740241 0.9668863 0.01740241 0.7674682 0.04197555 0.1121588 0.04191708 0.05759882 0.02915513 0.06949895 0.04197555 0.1121588 0.02915513 0.06949895 0.04197555 0.1290665 0.04197555 0.1290665 0.02915513 0.06949895 0.04197555 0.1463848 0.04197555 0.1290665 0.04197555 0.1463848 0.4878049 0.140612 0.04197555 0.1632925 0.04197555 0.1806109 0.4878049 0.1748381 0.04197555 0.1806109 0.04197555 0.1632925 0.02915513 0.06949895 0.04197555 0.1806109 0.02915513 0.06949895 0.04197555 0.1975186 0.04197555 0.1975186 0.02915513 0.06949895 0.04197555 0.214837 0.04197555 0.1975186 0.04197555 0.214837 0.4878049 0.2090641 0.04197555 0.2317447 0.04197555 0.249063 0.4878049 0.2432903 0.04197555 0.249063 0.04197555 0.2317447 0.02915513 0.06949895 0.04197555 0.249063 0.02915513 0.06949895 0.04197555 0.2659707 0.04197555 0.2659707 0.02915513 0.06949895 0.04197555 0.2832891 0.04197555 0.2659707 0.04197555 0.2832891 0.4878049 0.2775163 0.04197555 0.3001968 0.04197555 0.3175152 0.4878049 0.3117424 0.04197555 0.3175152 0.04197555 0.3001968 0.02915513 0.06949895 0.04197555 0.3175152 0.02915513 0.06949895 0.04197555 0.3344228 0.04197555 0.3344228 0.02915513 0.06949895 0.04197555 0.3517413 0.04197555 0.3344228 0.04197555 0.3517413 0.4878049 0.3459684 0.04197555 0.3686489 0.04197555 0.3859673 0.4878049 0.3801945 0.04197555 0.3859673 0.04197555 0.3686489 0.02915513 0.06949895 0.04197555 0.3859673 0.02915513 0.06949895 0.04197555 0.402875 0.04197555 0.402875 0.02915513 0.06949895 0.04197555 0.4201934 0.04197555 0.402875 0.04197555 0.4201934 0.4878049 0.4144206 0.04197555 0.4371011 0.04197555 0.4544194 0.4878049 0.4486466 0.04197555 0.4544194 0.04197555 0.4371011 0.02915513 0.06949895 0.04197555 0.4544194 0.02915513 0.06949895 0.04197555 0.4713271 0.04197555 0.4713271 0.02915513 0.06949895 0.04197555 0.4886455 0.04197555 0.4713271 0.04197555 0.4886455 0.4878049 0.4828727 0.04197555 0.5055532 0.04197555 0.5228716 0.4878049 0.5170988 0.04197555 0.5228716 0.04197555 0.5055532 0.02915513 0.06949895 0.04197555 0.5228716 0.02915513 0.06949895 0.04197555 0.5397793 0.04197555 0.5397793 0.02915513 0.06949895 0.04197555 0.5570976 0.04197555 0.5397793 0.04197555 0.5570976 0.4878049 0.5513249 0.04197555 0.5740053 0.04197555 0.5913237 0.4878049 0.5855509 0.04197555 0.5913237 0.04197555 0.5740053 0.02915513 0.06949895 0.04197555 0.5913237 0.02915513 0.06949895 0.04197555 0.6082314 0.04197555 0.6082314 0.02915513 0.06949895 0.04197555 0.6255497 0.04197555 0.6082314 0.04197555 0.6255497 0.4878049 0.619777 0.04197555 0.6424574 0.04197555 0.6597758 0.4878049 0.654003 0.04197555 0.6597758 0.04197555 0.6424574 0.02915513 0.06949895 0.04197555 0.6597758 0.02915513 0.06949895 0.04197555 0.6766835 0.04197555 0.6766835 0.02915513 0.06949895 0.04197555 0.6940019 0.04197555 0.6766835 0.04197555 0.6940019 0.4878049 0.6882291 0.0525279 0.08679378 0.1221463 0.09150338 0.06852436 0.08303242 0.05632925 0.02566951 0.06445932 0.008556485 0.04776829 0 0.04776829 0 0.06445932 0.008556485 0.1221463 0 0.06852436 0.02566951 0.09901219 0.02566951 0.06445932 0.008556485 0.06445932 0.008556485 0.09901219 0.02566951 0.1071423 0.008556485 0.06445932 0.008556485 0.1071423 0.008556485 0.1221463 0 0.1221463 0 0.1071423 0.008556485 0.1112073 0.02566951 0.1112073 0.06591939 0.1030772 0.08303242 0.1221463 0.09150338 0.1221463 0.09150338 0.1030772 0.08303242 0.06852436 0.08303242 0.06852436 0.08303242 0.1030772 0.08303242 0.06445932 0.06591939 0.0525279 0.08679378 0.06445932 0.06591939 0.04776829 0 0.04776829 0 0.06445932 0.06591939 0.05632925 0.02566951 0.05632925 0.02566951 0.06445932 0.06591939 0.1030772 0.08303242 0.05632925 0.02566951 0.1030772 0.08303242 0.06852436 0.02566951 0.06852436 0.02566951 0.1030772 0.08303242 0.09901219 0.06591939 0.06852436 0.02566951 0.09901219 0.06591939 0.09901219 0.02566951 0.09901219 0.02566951 0.09901219 0.06591939 0.1112073 0.06591939 0.09901219 0.02566951 0.1112073 0.06591939 0.1112073 0.02566951 0.1112073 0.02566951 0.1112073 0.06591939 0.1221463 0.09150338 0.1112073 0.02566951 0.1221463 0.09150338 0.1221463 0 0.7099146 0.9987451 0.7397652 0.9975723 0.7099146 0.9978486 0.7099146 0.9978486 0.7397652 0.9975723 0.7365732 0.9962351 0.7099146 0.9978486 0.7365732 0.9962351 0.6996585 0.9976256 0.7401683 0.8630958 0.7365732 0.8615898 0.7365732 0.8593309 0.7401683 0.8630958 0.7365732 0.8593309 0.7397652 0.9975723 0.7397652 0.9975723 0.7365732 0.8593309 0.7365732 0.9962351 0.6996585 0.9976256 0.7365732 0.9962351 0.6996585 0.8630958 0.6996585 0.8630958 0.7365732 0.9962351 0.7365732 0.8593309 0.6996585 0.8630958 0.7365732 0.8593309 0.6311342 0.8630958 0.6311342 0.8630958 0.7365732 0.8593309 0.5924756 0.8593309 0.6311342 0.8630958 0.5924756 0.8593309 0.6311342 0.9977411 0.6311342 0.9977411 0.5924756 0.8593309 0.5924756 0.9962351 0.5884805 0.9987993 0.5924756 0.9962351 0.5913025 0.8630958 0.5913025 0.8630958 0.5924756 0.9962351 0.5924756 0.8593309 0.5913025 0.8630958 0.5924756 0.8593309 0.5907072 0.8624383 0.5907072 0.8624383 0.5924756 0.8593309 0.7365732 0.8615898 0.7365732 0.8615898 0.5924756 0.8593309 0.7365732 0.8593309 0.6208781 0.9977411 0.6311342 0.9977411 0.5924756 0.9962351 0.6208781 0.9977411 0.5924756 0.9962351 0.6208781 0.9981176 0.6208781 0.9981176 0.5924756 0.9962351 0.5884805 0.9987993 0.6311342 0.8630958 0.6996585 0.8630958 0.6311342 0.8630958 0.7365732 0.8615898 0.7401683 0.8630958 0.745561 0.8630958 0.7365732 0.8615898 0.745561 0.8630958 0.5907072 0.8624383 0.6996585 0.9976256 0.6996585 0.8630958 0.6996585 1 0.6311342 0.9977411 0.6311342 1 0.6311342 0.8630958 0.6311342 0.8630958 0.6311342 1 0.6311342 0.8630958 0.5913025 0.8630958 0.5907072 0.8624383 0.5884805 0.9987993 0.5884805 0.9987993 0.5907072 0.8624383 0.5866098 1 0.5907072 0.8624383 0.745561 0.8630958 0.5866098 1 0.5866098 1 0.745561 0.8630958 0.7500464 1 0.745561 0.8630958 0.7401683 0.8630958 0.7500464 1 0.7500464 1 0.7401683 0.8630958 0.7397652 0.9975723 0.6996585 0.8630958 0.6311342 0.8630958 0.6996585 1 0.6996585 1 0.6311342 0.8630958 0.6311342 1 0.5294302 0.8614005 0.5305448 0.8610271 0.5293844 0.9977976 0.5293844 0.9977976 0.5305448 0.8610271 0.5284759 0.9976732 0.3871202 0.8613809 0.3864014 0.8610461 0.3871812 0.9977692 0.3871812 0.9977692 0.3864014 0.8610461 0.3878464 0.9976684 0.3864014 0.8610461 0.3871202 0.8613809 0.5294302 0.8614005 0.5294302 0.8614005 0.3871202 0.8613809 0.5305448 0.8610271 0.5305448 0.8610271 0.3871202 0.8613809 0.5284759 0.9976732 0.5284759 0.9976732 0.3871202 0.8613809 0.3871812 0.9977692 0.3864014 0.8610461 0.5294302 0.8614005 0.3878464 0.9976684 0.3878464 0.9976684 0.5294302 0.8614005 0.5293844 0.9977976 0.3099435 0.860343 0.3103549 0.8601693 0.3099206 0.996619 0.3099206 0.996619 0.3103549 0.8601693 0.3095699 0.9969501 0.2384123 0.8603491 0.2377704 0.8601629 0.2384328 0.9969313 0.2384328 0.9969313 0.2377704 0.8601629 0.2387739 0.9969763 0.2377704 0.8601629 0.2384123 0.8603491 0.3099435 0.860343 0.3099435 0.860343 0.2384123 0.8603491 0.3103549 0.8601693 0.3103549 0.8601693 0.2384123 0.8603491 0.3095699 0.9969501 0.3095699 0.9969501 0.2384123 0.8603491 0.2384328 0.9969313 0.2377704 0.8601629 0.3099435 0.860343 0.2387739 0.9969763 0.2387739 0.9969763 0.3099435 0.860343 0.3099206 0.996619 1 0.9668863 0.9825976 0.9668863 1 0.9668863 1 0.9668863 0.9825976 0.9668863 0.8427317 0.9668863 1 0.9668863 0.8427317 0.9668863 0.7537195 0.9668863 0.7537195 0.9668863 0.8427317 0.9668863 0.7537195 0.9668863 0.4878049 0.1290665 0.4878049 0.140612 0.4878049 0.1576566 0.4878049 0.1082533 0.4878049 0.1290665 0.4880829 0.4007046 0.4880829 0.4007046 0.4878049 0.1290665 0.4878049 0.1576566 0.4878049 0.2090641 0.4878049 0.2261087 0.4878049 0.1918827 0.4878049 0.1918827 0.4878049 0.2261087 0.4880829 0.4007046 0.4878049 0.1918827 0.4880829 0.4007046 0.4878049 0.1576566 0.4878049 0.1918827 0.4878049 0.1576566 0.4878049 0.1748381 0.4878049 0.2775163 0.4878049 0.2945609 0.4878049 0.2603349 0.4878049 0.2603349 0.4878049 0.2945609 0.4880829 0.4007046 0.4878049 0.2603349 0.4880829 0.4007046 0.4878049 0.2261087 0.4878049 0.2603349 0.4878049 0.2261087 0.4878049 0.2432903 0.4878049 0.3459684 0.4878049 0.363013 0.4878049 0.328787 0.4878049 0.328787 0.4878049 0.363013 0.4880829 0.4007046 0.4878049 0.328787 0.4880829 0.4007046 0.4878049 0.2945609 0.4878049 0.328787 0.4878049 0.2945609 0.4878049 0.3117424 0.4878049 0.363013 0.4878049 0.3801945 0.4878049 0.3859673 0.4880829 0.4007046 0.4878049 0.4144206 0.4878049 0.4314652 0.4878049 0.3859673 0.4880829 0.4007046 0.4878049 0.363013 0.4878049 0.4314652 0.4878049 0.4486466 0.4878049 0.4656912 0.4878049 0.4314652 0.4878049 0.4656912 0.4880829 0.4007046 0.4878049 0.6710476 0.4878049 0.6882291 0.4878049 0.7052736 0.4878049 0.4656912 0.4878049 0.4828727 0.4878049 0.4999173 0.4878049 0.4656912 0.4878049 0.4999173 0.4880829 0.4007046 0.4878049 0.4999173 0.4878049 0.5170988 0.4878049 0.5341433 0.4878049 0.4999173 0.4878049 0.5341433 0.4880829 0.4007046 0.4878049 0.5855509 0.4878049 0.6025955 0.4878049 0.5683694 0.4878049 0.5683694 0.4878049 0.6025955 0.4880829 0.4007046 0.4878049 0.5683694 0.4880829 0.4007046 0.4878049 0.5341433 0.4878049 0.5683694 0.4878049 0.5341433 0.4878049 0.5513249 0.4878049 0.654003 0.4878049 0.6710476 0.4878049 0.6368215 0.4878049 0.6368215 0.4878049 0.6710476 0.4880829 0.4007046 0.4878049 0.6368215 0.4880829 0.4007046 0.4878049 0.6025955 0.4878049 0.6368215 0.4878049 0.6025955 0.4878049 0.619777 0.4878049 0.7109096 0.4878049 0.739283 0.4878049 0.7052736 0.4878049 0.7052736 0.4878049 0.739283 0.4878049 0.739283 0.4878049 0.7052736 0.4878049 0.739283 0.4880829 0.4007046 0.4878049 0.7052736 0.4880829 0.4007046 0.4878049 0.6710476 0.9390244 0.739283 0.9444296 0.4769368 0.8640887 0.6415638 0.9390244 0.739283 0.8640887 0.6415638 0.7424396 0.7121256 0.9390244 0.739283 0.7424396 0.7121256 0.4878049 0.739283 0.4878049 0.739283 0.7424396 0.7121256 0.6208328 0.6941674 0.4878049 0.739283 0.6208328 0.6941674 0.5216481 0.5665094 0.4878049 0.739283 0.5216481 0.5665094 0.4880829 0.4007046 0.5256795 0.2365106 0.6270824 0.111157 0.4878049 0.1082533 0.4878049 0.1082533 0.4880829 0.4007046 0.5256795 0.2365106 1 0.9668863 1 0.9668863 1 0.775015 1 0.775015 1 0.9668863 1 0 1 0.775015 1 0 1 0 0.07926827 0 0.07926827 0 0.1221463 0 0.04776829 0 0.1221463 0 0.04776829 0 0.04776829 0 0.1221463 0 0.07926827 0 0.04776829 0 0.07926827 0 0 0 0 0 0.07926827 0 0 0 0.1221585 0 0.1901082 0.005028188 0.1221504 0 0.1221504 0 0.1901082 0.005028188 0.1965406 0 0.2709309 0 0.2747531 0.003812074 0.3388888 0.005028188 0.1221463 0 0.1221504 0 0.07926827 0 0.07926827 0 0.1221504 0 0.9329268 0 0.9329268 0 0.1221504 0 0.1965406 0 0.3388888 0.005028188 0.3453211 0 0.2709309 0 0.2709309 0 0.3453211 0 0.9329268 0 0.2709309 0 0.9329268 0 0.1965406 0 0.2709309 0 0.1965406 0 0.2644985 0.005028188 0.2644985 0.005028188 0.1965406 0 0.2003629 0.003812074 0.4197114 0 0.4235336 0.003812074 0.4876693 0.005028188 0.4876693 0.005028188 0.4941017 0 0.4197114 0 0.4197114 0 0.4941017 0 0.9329268 0 0.4197114 0 0.9329268 0 0.3453211 0 0.4197114 0 0.3453211 0 0.4197073 0 0.4197073 0 0.3453211 0 0.3453292 0 0.5684919 0 0.5723141 0.003812074 0.6364498 0.005028188 0.6364498 0.005028188 0.6428821 0 0.5684919 0 0.5684919 0 0.6428821 0 0.9329268 0 0.5684919 0 0.9329268 0 0.4941017 0 0.5684919 0 0.4941017 0 0.5684878 0 0.5684878 0 0.4941017 0 0.4979239 0.003812074 0.7172724 0 0.7172805 0 0.7852303 0.005028188 0.9329268 0 0.7916585 0 0.9329268 0 0.9329268 0 0.7916585 0 1 0 0.9329268 0 1 0 1 0 0.7852303 0.005028188 0.7916585 0 0.7172724 0 0.7172724 0 0.7916585 0 0.9329268 0 0.7172724 0 0.9329268 0 0.6428821 0 0.7172724 0 0.6428821 0 0.71084 0.005028188 0.71084 0.005028188 0.6428821 0 0.6428902 0 0 0 0 0 0 0.9668863 0 0.9668863 0 0 0 0.9668863 0.2560976 0.9668863 0.3146342 0.9668863 0.2560976 0.9668863 0.2560976 0.9668863 0.3146342 0.9668863 0.3146342 0.9668863 0.577439 0.9668863 0.5438171 0.9668863 0.577439 0.9668863 0.577439 0.9668863 0.5438171 0.9668863 0.3705976 0.9668863 0.577439 0.9668863 0.3705976 0.9668863 0.3146342 0.9668863 0.3705976 0.9668863 0.3227073 0.9668863 0.3146342 0.9668863 0.3146342 0.9668863 0.3227073 0.9668863 0.2269268 0.9668863 0.3146342 0.9668863 0.2269268 0.9668863 0.2560976 0.9668863 0.2560976 0.9668863 0.2269268 0.9668863 0.1572682 0.9668863 0.2560976 0.9668863 0.1572682 0.9668863 0 0.9668863 0 0.9668863 0.1572682 0.9668863 0.01740241 0.9668863 0 0.9668863 0.01740241 0.9668863 0 0.9668863 0.2131268 0.8331342 0.2107999 0.8192035 0.2034658 0.813273 0.2034658 0.813273 0.2107999 0.8192035 0.1959216 0.8133448 0.2034658 0.813273 0.1959216 0.8133448 0.1893122 0.8268299 0.1893122 0.8268299 0.1959216 0.8133448 0.1883557 0.8255866 0.1893122 0.8268299 0.1883557 0.8255866 0.1925075 0.8428633 0.1893122 0.8268299 0.1925075 0.8428633 0.1989732 0.8466911 0.1989732 0.8466911 0.1925075 0.8428633 0.2088924 0.8434297 0.1989732 0.8466911 0.2088924 0.8434297 0.2131268 0.8331342 0.2131268 0.8331342 0.2088924 0.8434297 0.2107999 0.8192035 0.04239505 0.05449122 0.04191708 0.05759882 0.03642833 0.03569322 0.04239505 0.05449122 0.03642833 0.03569322 0.03273403 0.03462994 0.03273403 0.03462994 0.03642833 0.03569322 0.02054786 0.04132258 0.03273403 0.03462994 0.02054786 0.04132258 0.01858049 0.04818689 0.01858049 0.04818689 0.02054786 0.04132258 0.01918005 0.06101465 0.01858049 0.04818689 0.01918005 0.06101465 0.02824145 0.06804817 0.02824145 0.06804817 0.01918005 0.06101465 0.02915513 0.06949895 0.02824145 0.06804817 0.02915513 0.06949895 0.04191708 0.05759882 0.02824145 0.06804817 0.04191708 0.05759882 0.04239505 0.05449122 0.8106877 0.8331342 0.8106402 0.8225439 0.8010267 0.813273 0.8010267 0.813273 0.8106402 0.8225439 0.8019129 0.8119307 0.8010267 0.813273 0.8019129 0.8119307 0.788841 0.8199636 0.8010267 0.813273 0.788841 0.8199636 0.7868732 0.8268299 0.7868732 0.8268299 0.788841 0.8199636 0.7900703 0.8428661 0.7868732 0.8268299 0.7900703 0.8428661 0.7965342 0.8466911 0.7965342 0.8466911 0.7900703 0.8428661 0.8064505 0.843427 0.7965342 0.8466911 0.8064505 0.843427 0.8106877 0.8331342 0.8106877 0.8331342 0.8064505 0.843427 0.8106402 0.8225439 0.9814195 0.05449116 0.9813681 0.04390436 0.9717584 0.03462994 0.9717584 0.03462994 0.9813681 0.04390436 0.9675272 0.03440326 0.9717584 0.03462994 0.9675272 0.03440326 0.957605 0.04818689 0.957605 0.04818689 0.9675272 0.03440326 0.9568876 0.05195003 0.957605 0.04818689 0.9568876 0.05195003 0.967266 0.06804817 0.967266 0.06804817 0.9568876 0.05195003 0.963144 0.06768143 0.967266 0.06804817 0.963144 0.06768143 0.9771832 0.06478315 0.967266 0.06804817 0.9771832 0.06478315 0.9814195 0.05449116 0.9814195 0.05449116 0.9771832 0.06478315 0.9813681 0.04390436 0.9390244 0.739283 0.4878049 0.739283 0.9390244 0.739283 0.9390244 0.739283 0.4878049 0.739283 0.4878049 0.739283 0.9444296 0.4769368 0.9390244 0.739283 0.9390244 0.739283 0.9390244 0.1061007 0.9390244 0.1061007 0.934592 0.3972918 0.9390244 0.1061007 0.934592 0.3972918 0.9390244 0.739283 0.9390244 0.739283 0.934592 0.3972918 0.9444296 0.4769368 0.9390244 0.1061007 0.4878049 0.107447 0.7379891 0.1086543 0.4878049 0.107447 0.6640924 0.1174945 0.7379891 0.1086543 0.4878049 0.1082533 0.6270824 0.111157 0.4878049 0.107447 0.4878049 0.107447 0.6270824 0.111157 0.6640924 0.1174945 0.9390244 0.1061007 0.7379891 0.1086543 0.9390244 0.1061007 0.7379891 0.1086543 0.8520104 0.1656007 0.9390244 0.1061007 0.9390244 0.1061007 0.8520104 0.1656007 0.9144006 0.2775331 0.9390244 0.1061007 0.9144006 0.2775331 0.934592 0.3972918 0.9049363 0.4017013 0.9052779 0.3547149 0.8885553 0.2912582 0.9049363 0.4017013 0.8885553 0.2912582 0.887993 0.2920135 0.887993 0.2920135 0.8885553 0.2912582 0.8524178 0.2181238 0.887993 0.2920135 0.8524178 0.2181238 0.851268 0.2179861 0.851268 0.2179861 0.8524178 0.2181238 0.8012995 0.1655297 0.851268 0.2179861 0.8012995 0.1655297 0.7991755 0.1652313 0.7991755 0.1652313 0.8012995 0.1655297 0.7407597 0.1391645 0.7991755 0.1652313 0.7407597 0.1391645 0.7376473 0.1396818 0.7376473 0.1396818 0.7407597 0.1391645 0.6774104 0.141898 0.7376473 0.1396818 0.6774104 0.141898 0.6558321 0.1525807 0.6178723 0.1727528 0.6558321 0.1525807 0.6774104 0.141898 0.6558321 0.1525807 0.6178723 0.1727528 0.5860341 0.207815 0.5754454 0.2168858 0.5860341 0.207815 0.6178723 0.1727528 0.5860341 0.207815 0.5754454 0.2168858 0.545986 0.2755693 0.5860341 0.207815 0.545986 0.2755693 0.5466778 0.2784923 0.5466778 0.2784923 0.545986 0.2755693 0.524948 0.3598831 0.5466778 0.2784923 0.524948 0.3598831 0.5260701 0.3638214 0.5260701 0.3638214 0.524948 0.3598831 0.5256128 0.4509993 0.5260701 0.3638214 0.5256128 0.4509993 0.5267563 0.4539974 0.5267563 0.4539974 0.5256128 0.4509993 0.5450521 0.5338215 0.5267563 0.4539974 0.5450521 0.5338215 0.5486552 0.5386789 0.5486552 0.5386789 0.5450521 0.5338215 0.5851003 0.6046631 0.5486552 0.5386789 0.5851003 0.6046631 0.6047012 0.6233817 0.6289213 0.6478307 0.6047012 0.6233817 0.5851003 0.6046631 0.6047012 0.6233817 0.6289213 0.6478307 0.6779108 0.6704434 0.6047012 0.6233817 0.6779108 0.6704434 0.6774393 0.6692543 0.6774393 0.6692543 0.6779108 0.6704434 0.7143061 0.6793567 0.6774393 0.6692543 0.7143061 0.6793567 0.7417536 0.6717818 0.752781 0.673067 0.7417536 0.6717818 0.7143061 0.6793567 0.7417536 0.6717818 0.752781 0.673067 0.801805 0.6463137 0.7417536 0.6717818 0.801805 0.6463137 0.8028498 0.6443695 0.8028498 0.6443695 0.801805 0.6463137 0.8417837 0.6123399 0.8028498 0.6443695 0.8417837 0.6123399 0.8540962 0.5900749 0.8704103 0.5675492 0.8540962 0.5900749 0.8417837 0.6123399 0.8540962 0.5900749 0.8704103 0.5675492 0.8896481 0.5150483 0.8983874 0.4884259 0.8896481 0.5150483 0.8704103 0.5675492 0.8896481 0.5150483 0.8983874 0.4884259 0.9049363 0.4017013 0.9049363 0.4017013 0.8983874 0.4884259 0.9086999 0.4196527 0.9049363 0.4017013 0.9086999 0.4196527 0.9052779 0.3547149 0.7141786 0.5806965 0.7417536 0.6717818 0.7633288 0.5669628 0.7633288 0.5669628 0.7417536 0.6717818 0.8028498 0.6443695 0.7633288 0.5669628 0.8028498 0.6443695 0.8061157 0.5248621 0.8061157 0.5248621 0.8028498 0.6443695 0.8540962 0.5900749 0.6026782 0.3346857 0.5260701 0.3638214 0.5911117 0.4237253 0.5911117 0.4237253 0.5260701 0.3638214 0.5267563 0.4539974 0.5911117 0.4237253 0.5267563 0.4539974 0.6059799 0.4905467 0.6059799 0.4905467 0.5267563 0.4539974 0.5486552 0.5386789 0.6059799 0.4905467 0.5486552 0.5386789 0.6524123 0.5551321 0.5486552 0.5386789 0.6047012 0.6233817 0.6524123 0.5551321 0.6524123 0.5551321 0.6047012 0.6233817 0.6774393 0.6692543 0.6524123 0.5551321 0.6774393 0.6692543 0.7141786 0.5806965 0.7141786 0.5806965 0.6774393 0.6692543 0.7417536 0.6717818 0.8061157 0.5248621 0.8540962 0.5900749 0.8896481 0.5150483 0.8061157 0.5248621 0.8896481 0.5150483 0.8352381 0.4431333 0.8352381 0.4431333 0.8896481 0.5150483 0.9049363 0.4017013 0.8352381 0.4431333 0.9049363 0.4017013 0.8333324 0.3525874 0.6435126 0.263077 0.5860341 0.207815 0.6026782 0.3346857 0.6026782 0.3346857 0.5860341 0.207815 0.5466778 0.2784923 0.6026782 0.3346857 0.5466778 0.2784923 0.5260701 0.3638214 0.7534897 0.2418943 0.7376473 0.1396818 0.6895278 0.2351747 0.6895278 0.2351747 0.7376473 0.1396818 0.6558321 0.1525807 0.6895278 0.2351747 0.6558321 0.1525807 0.6435126 0.263077 0.6435126 0.263077 0.6558321 0.1525807 0.5860341 0.207815 0.9049363 0.4017013 0.887993 0.2920135 0.8333324 0.3525874 0.8333324 0.3525874 0.887993 0.2920135 0.8086724 0.2913247 0.8086724 0.2913247 0.887993 0.2920135 0.851268 0.2179861 0.8086724 0.2913247 0.851268 0.2179861 0.7534897 0.2418943 0.7534897 0.2418943 0.851268 0.2179861 0.7991755 0.1652313 0.7534897 0.2418943 0.7991755 0.1652313 0.7376473 0.1396818 0.6059799 0.4905467 0.6088501 0.4927648 0.5921227 0.4295148 0.6059799 0.4905467 0.5921227 0.4295148 0.5911117 0.4237253 0.6088501 0.4927648 0.6059799 0.4905467 0.6524123 0.5551321 0.6088501 0.4927648 0.6524123 0.5551321 0.6364876 0.5380644 0.6524123 0.5551321 0.6750045 0.5684397 0.6364876 0.5380644 0.6750045 0.5684397 0.6524123 0.5551321 0.7141786 0.5806965 0.6750045 0.5684397 0.7141786 0.5806965 0.7180451 0.5799213 0.7180451 0.5799213 0.7141786 0.5806965 0.7633288 0.5669628 0.7180451 0.5799213 0.7633288 0.5669628 0.7544 0.5709547 0.8061157 0.5248621 0.7925905 0.5405921 0.7633288 0.5669628 0.7633288 0.5669628 0.7925905 0.5405921 0.7544 0.5709547 0.7925905 0.5405921 0.8061157 0.5248621 0.8139414 0.5060049 0.8139414 0.5060049 0.8061157 0.5248621 0.8352381 0.4431333 0.8139414 0.5060049 0.8352381 0.4431333 0.8304687 0.4688357 0.8352381 0.4431333 0.8382894 0.4212605 0.8304687 0.4688357 0.8333324 0.3525874 0.8360154 0.3690906 0.8352381 0.4431333 0.8352381 0.4431333 0.8360154 0.3690906 0.8382894 0.4212605 0.8086724 0.2913247 0.8186056 0.3123081 0.8333324 0.3525874 0.8333324 0.3525874 0.8186056 0.3123081 0.8360154 0.3690906 0.8186056 0.3123081 0.8086724 0.2913247 0.7787086 0.2595777 0.7787086 0.2595777 0.8086724 0.2913247 0.7534897 0.2418943 0.7534897 0.2418943 0.7379251 0.2372848 0.7787086 0.2595777 0.7379251 0.2372848 0.7534897 0.2418943 0.70174 0.2352458 0.70174 0.2352458 0.7534897 0.2418943 0.6895278 0.2351747 0.70174 0.2352458 0.6895278 0.2351747 0.6615714 0.2514241 0.6615714 0.2514241 0.6895278 0.2351747 0.6435126 0.263077 0.6026782 0.3346857 0.6182569 0.2985388 0.6435126 0.263077 0.6435126 0.263077 0.6182569 0.2985388 0.6615714 0.2514241 0.6182569 0.2985388 0.6026782 0.3346857 0.5950613 0.3652119 0.5911117 0.4237253 0.5921227 0.4295148 0.5950613 0.3652119 0.5911117 0.4237253 0.5950613 0.3652119 0.6026782 0.3346857 0.814119 0.4128165 0.8084969 0.35267 0.7011843 0.5370275 0.7011843 0.5370275 0.7527707 0.5299225 0.814119 0.4128165 0.6194205 0.3969644 0.6547268 0.5015316 0.7011843 0.5370275 0.7011843 0.5370275 0.6360132 0.3238576 0.6194205 0.3969644 0.7011843 0.5370275 0.6880582 0.2789434 0.6360132 0.3238576 0.7500901 0.282927 0.6880582 0.2789434 0.7011843 0.5370275 0.7011843 0.5370275 0.8084969 0.35267 0.7500901 0.282927 0.814119 0.4128165 0.8159361 0.4724394 0.8315203 0.4271563 0.8382894 0.4212605 0.8315203 0.4271563 0.8304687 0.4688357 0.7260977 0.5668779 0.7011843 0.5370275 0.6752576 0.5532115 0.7260977 0.5668779 0.6752576 0.5532115 0.6750045 0.5684397 0.7260977 0.5668779 0.6750045 0.5684397 0.7180451 0.5799213 0.6752576 0.5532115 0.6547268 0.5015316 0.6389823 0.5173652 0.6752576 0.5532115 0.6389823 0.5173652 0.6364876 0.5380644 0.6752576 0.5532115 0.6364876 0.5380644 0.6750045 0.5684397 0.5921227 0.4295148 0.5999892 0.4159562 0.5950613 0.3652119 0.5950613 0.3652119 0.6072412 0.3493271 0.6182569 0.2985388 0.7379251 0.2372848 0.742307 0.256864 0.7787086 0.2595777 0.8159361 0.4724394 0.8304687 0.4688357 0.8315203 0.4271563 0.814119 0.4128165 0.7527707 0.5299225 0.7851337 0.5057022 0.814119 0.4128165 0.7851337 0.5057022 0.8159361 0.4724394 0.8159361 0.4724394 0.8139414 0.5060049 0.8304687 0.4688357 0.7797874 0.5404615 0.8139414 0.5060049 0.8159361 0.4724394 0.7797874 0.5404615 0.8159361 0.4724394 0.7851337 0.5057022 0.7797874 0.5404615 0.7925905 0.5405921 0.8139414 0.5060049 0.7851337 0.5057022 0.7527707 0.5299225 0.7797874 0.5404615 0.7544 0.5709547 0.7925905 0.5405921 0.7797874 0.5404615 0.7260977 0.5668779 0.7544 0.5709547 0.7797874 0.5404615 0.7260977 0.5668779 0.7797874 0.5404615 0.7527707 0.5299225 0.7544 0.5709547 0.7260977 0.5668779 0.7180451 0.5799213 0.7011843 0.5370275 0.7260977 0.5668779 0.7527707 0.5299225 0.7011843 0.5370275 0.6547268 0.5015316 0.6752576 0.5532115 0.6547268 0.5015316 0.6220492 0.4630708 0.6389823 0.5173652 0.6364876 0.5380644 0.6389823 0.5173652 0.6088501 0.4927648 0.6091019 0.4762928 0.6088501 0.4927648 0.6389823 0.5173652 0.6091019 0.4762928 0.6389823 0.5173652 0.6220492 0.4630708 0.6091019 0.4762928 0.6220492 0.4630708 0.5999892 0.4159562 0.6091019 0.4762928 0.5999892 0.4159562 0.6088501 0.4927648 0.6088501 0.4927648 0.5999892 0.4159562 0.5921227 0.4295148 0.5999892 0.4159562 0.6220492 0.4630708 0.6194205 0.3969644 0.6194205 0.3969644 0.6220492 0.4630708 0.6547268 0.5015316 0.6072412 0.3493271 0.5950613 0.3652119 0.5999892 0.4159562 0.6072412 0.3493271 0.5999892 0.4159562 0.6194205 0.3969644 0.6194205 0.3969644 0.6360132 0.3238576 0.6072412 0.3493271 0.627485 0.2969172 0.6182569 0.2985388 0.6072412 0.3493271 0.627485 0.2969172 0.6072412 0.3493271 0.6360132 0.3238576 0.6615714 0.2514241 0.6182569 0.2985388 0.659575 0.2691205 0.659575 0.2691205 0.6182569 0.2985388 0.627485 0.2969172 0.659575 0.2691205 0.627485 0.2969172 0.6360132 0.3238576 0.6880582 0.2789434 0.659575 0.2691205 0.6360132 0.3238576 0.70174 0.2352458 0.6615714 0.2514241 0.7023311 0.2523036 0.7023311 0.2523036 0.6615714 0.2514241 0.659575 0.2691205 0.7023311 0.2523036 0.659575 0.2691205 0.6880582 0.2789434 0.7379251 0.2372848 0.70174 0.2352458 0.742307 0.256864 0.742307 0.256864 0.70174 0.2352458 0.7023311 0.2523036 0.742307 0.256864 0.7023311 0.2523036 0.7500901 0.282927 0.7500901 0.282927 0.7023311 0.2523036 0.6880582 0.2789434 0.7851788 0.2933411 0.7787086 0.2595777 0.742307 0.256864 0.7851788 0.2933411 0.742307 0.256864 0.7500901 0.282927 0.7851788 0.2933411 0.8010257 0.2937847 0.7787086 0.2595777 0.8186056 0.3123081 0.7787086 0.2595777 0.8010257 0.2937847 0.8084969 0.35267 0.7851788 0.2933411 0.7500901 0.282927 0.8239583 0.3520239 0.8010257 0.2937847 0.7851788 0.2933411 0.7851788 0.2933411 0.8084969 0.35267 0.8239583 0.3520239 0.8010257 0.2937847 0.8239583 0.3520239 0.8186056 0.3123081 0.8360154 0.3690906 0.8186056 0.3123081 0.8239583 0.3520239 0.8084969 0.35267 0.814119 0.4128165 0.8239583 0.3520239 0.8239583 0.3520239 0.814119 0.4128165 0.8315203 0.4271563 0.8239583 0.3520239 0.8315203 0.4271563 0.8360154 0.3690906 0.8360154 0.3690906 0.8315203 0.4271563 0.8382894 0.4212605 0.7407597 0.1391645 0.7317659 0.1272701 0.6879137 0.1288233 0.7407597 0.1391645 0.6879137 0.1288233 0.6774104 0.141898 0.6774104 0.141898 0.6879137 0.1288233 0.6357604 0.1499941 0.6774104 0.141898 0.6357604 0.1499941 0.6178723 0.1727528 0.545986 0.2755693 0.5330857 0.2683292 0.524948 0.3598831 0.524948 0.3598831 0.5154598 0.4055195 0.5256128 0.4509993 0.5256128 0.4509993 0.5154598 0.4055195 0.5202072 0.4667651 0.5256128 0.4509993 0.5202072 0.4667651 0.5450521 0.5338215 0.5450521 0.5338215 0.5342572 0.5386359 0.5796221 0.6107719 0.5450521 0.5338215 0.5796221 0.6107719 0.5851003 0.6046631 0.5851003 0.6046631 0.5796221 0.6107719 0.6245175 0.6555607 0.5851003 0.6046631 0.6245175 0.6555607 0.6289213 0.6478307 0.6289213 0.6478307 0.6245175 0.6555607 0.6654848 0.6772276 0.6289213 0.6478307 0.6654848 0.6772276 0.6779108 0.6704434 0.6779108 0.6704434 0.6654848 0.6772276 0.7143061 0.6793567 0.752781 0.673067 0.8040395 0.6556693 0.801805 0.6463137 0.801805 0.6463137 0.8040395 0.6556693 0.8417837 0.6123399 0.8704103 0.5675492 0.8994867 0.5120256 0.8983874 0.4884259 0.8885553 0.2912582 0.9052779 0.3547149 0.8863939 0.2598671 0.8885553 0.2912582 0.8863939 0.2598671 0.8524178 0.2181238 0.8524178 0.2181238 0.8863939 0.2598671 0.8441813 0.192618 0.8524178 0.2181238 0.8441813 0.192618 0.8012995 0.1655297 0.8012995 0.1655297 0.8441813 0.192618 0.7853704 0.1450515 0.8012995 0.1655297 0.7853704 0.1450515 0.7407597 0.1391645 0.6357604 0.1499941 0.5767183 0.1924289 0.6178723 0.1727528 0.6178723 0.1727528 0.5767183 0.1924289 0.5754454 0.2168858 0.5754454 0.2168858 0.5767183 0.1924289 0.5330857 0.2683292 0.5754454 0.2168858 0.5330857 0.2683292 0.545986 0.2755693 0.5330857 0.2683292 0.5139209 0.3418318 0.524948 0.3598831 0.524948 0.3598831 0.5139209 0.3418318 0.5154598 0.4055195 0.5202072 0.4667651 0.5342572 0.5386359 0.5450521 0.5338215 0.6654848 0.6772276 0.719125 0.6946008 0.7143061 0.6793567 0.7143061 0.6793567 0.719125 0.6946008 0.752781 0.673067 0.752781 0.673067 0.719125 0.6946008 0.8001544 0.676637 0.752781 0.673067 0.8001544 0.676637 0.8040395 0.6556693 0.8040395 0.6556693 0.8684318 0.5964848 0.8417837 0.6123399 0.8417837 0.6123399 0.8684318 0.5964848 0.8704103 0.5675492 0.8704103 0.5675492 0.8684318 0.5964848 0.8994867 0.5120256 0.8994867 0.5120256 0.919129 0.4398477 0.8983874 0.4884259 0.8983874 0.4884259 0.919129 0.4398477 0.9086999 0.4196527 0.9086999 0.4196527 0.919129 0.4398477 0.9158665 0.3449256 0.9086999 0.4196527 0.9158665 0.3449256 0.9052779 0.3547149 0.9052779 0.3547149 0.9158665 0.3449256 0.8863939 0.2598671 0.7317659 0.1272701 0.7379891 0.1086543 0.6879137 0.1288233 0.6879137 0.1288233 0.7379891 0.1086543 0.6640924 0.1174945 0.6879137 0.1288233 0.6640924 0.1174945 0.6357604 0.1499941 0.6357604 0.1499941 0.6640924 0.1174945 0.6093965 0.1451743 0.6357604 0.1499941 0.6093965 0.1451743 0.5767183 0.1924289 0.5139209 0.3418318 0.5026989 0.3474243 0.5154598 0.4055195 0.5154598 0.4055195 0.5026989 0.3474243 0.5064325 0.4668278 0.5154598 0.4055195 0.5064325 0.4668278 0.5202072 0.4667651 0.5202072 0.4667651 0.5064325 0.4668278 0.5342572 0.5386359 0.5342572 0.5386359 0.5451231 0.5882663 0.5796221 0.6107719 0.5796221 0.6107719 0.5451231 0.5882663 0.595279 0.6525865 0.5796221 0.6107719 0.595279 0.6525865 0.6245175 0.6555607 0.6245175 0.6555607 0.595279 0.6525865 0.6588262 0.6937431 0.6245175 0.6555607 0.6588262 0.6937431 0.6654848 0.6772276 0.6654848 0.6772276 0.6588262 0.6937431 0.719125 0.6946008 0.8040395 0.6556693 0.8001544 0.676637 0.8684318 0.5964848 0.8684318 0.5964848 0.9444296 0.4769368 0.8994867 0.5120256 0.8994867 0.5120256 0.9444296 0.4769368 0.919129 0.4398477 0.8863939 0.2598671 0.8520104 0.1656007 0.8441813 0.192618 0.8441813 0.192618 0.8002956 0.1390019 0.7853704 0.1450515 0.5767183 0.1924289 0.6093965 0.1451743 0.5450734 0.2157075 0.5767183 0.1924289 0.5450734 0.2157075 0.5330857 0.2683292 0.5330857 0.2683292 0.5450734 0.2157075 0.5026989 0.3474243 0.5330857 0.2683292 0.5026989 0.3474243 0.5139209 0.3418318 0.5342572 0.5386359 0.5064325 0.4668278 0.5451231 0.5882663 0.719125 0.6946008 0.6588262 0.6937431 0.7424396 0.7121256 0.719125 0.6946008 0.7424396 0.7121256 0.8001544 0.676637 0.8001544 0.676637 0.8752469 0.6075281 0.8684318 0.5964848 0.8684318 0.5964848 0.8752469 0.6075281 0.9444296 0.4769368 0.919129 0.4398477 0.9444296 0.4769368 0.934592 0.3972918 0.919129 0.4398477 0.934592 0.3972918 0.9158665 0.3449256 0.9158665 0.3449256 0.934592 0.3972918 0.9144006 0.2775331 0.9158665 0.3449256 0.9144006 0.2775331 0.8863939 0.2598671 0.8863939 0.2598671 0.9144006 0.2775331 0.8520104 0.1656007 0.8441813 0.192618 0.8520104 0.1656007 0.8002956 0.1390019 0.8002956 0.1390019 0.8520104 0.1656007 0.7379891 0.1086543 0.9444296 0.4769368 0.8752469 0.6075281 0.8640887 0.6415638 0.8640887 0.6415638 0.8752469 0.6075281 0.8001544 0.676637 0.8640887 0.6415638 0.8001544 0.676637 0.7424396 0.7121256 0.7424396 0.7121256 0.6588262 0.6937431 0.6208328 0.6941674 0.6208328 0.6941674 0.6588262 0.6937431 0.595279 0.6525865 0.6208328 0.6941674 0.595279 0.6525865 0.5451231 0.5882663 0.6208328 0.6941674 0.5451231 0.5882663 0.5216481 0.5665094 0.5216481 0.5665094 0.5451231 0.5882663 0.5064325 0.4668278 0.5216481 0.5665094 0.5064325 0.4668278 0.4880829 0.4007046 0.6640924 0.1174945 0.6270824 0.111157 0.6093965 0.1451743 0.6093965 0.1451743 0.6270824 0.111157 0.5256795 0.2365106 0.6093965 0.1451743 0.5256795 0.2365106 0.5450734 0.2157075 0.5450734 0.2157075 0.5256795 0.2365106 0.5026989 0.3474243 0.5026989 0.3474243 0.5256795 0.2365106 0.4880829 0.4007046 0.5026989 0.3474243 0.4880829 0.4007046 0.5064325 0.4668278 0.8002956 0.1390019 0.7379891 0.1086543 0.7853704 0.1450515 0.7853704 0.1450515 0.7379891 0.1086543 0.7317659 0.1272701 0.7853704 0.1450515 0.7317659 0.1272701 0.7407597 0.1391645 0.4878049 0.1082533 0.4878049 0.107447 0.04197555 0.1121588 0.04197555 0.1121588 0.4878049 0.107447 0.04197555 0.1121588 0.04197555 0.1290665 0.04197555 0.1121588 0.04197555 0.1290665 0.04197555 0.1290665 0.04197555 0.1121588 0.04197555 0.1121588 0.4878049 0.140612 0.4878049 0.1290665 0.04197555 0.1290665 0.04197555 0.1290665 0.4878049 0.1290665 0.04197555 0.1290665 0.04197555 0.1121588 0.04197555 0.1290665 0.4878049 0.1082533 0.4878049 0.1082533 0.04197555 0.1290665 0.4878049 0.1290665 0.4878049 0.1576566 0.4878049 0.140612 0.04197555 0.1463848 0.04197555 0.1463848 0.4878049 0.140612 0.04197555 0.1463848 0.04197555 0.1632925 0.04197555 0.1463848 0.04197555 0.1632925 0.04197555 0.1632925 0.04197555 0.1463848 0.04197555 0.1463848 0.4878049 0.1748381 0.4878049 0.1576566 0.04197555 0.1632925 0.04197555 0.1632925 0.4878049 0.1576566 0.04197555 0.1632925 0.04197555 0.1463848 0.04197555 0.1632925 0.4878049 0.1576566 0.4878049 0.1918827 0.4878049 0.1748381 0.04197555 0.1806109 0.04197555 0.1806109 0.4878049 0.1748381 0.04197555 0.1806109 0.04197555 0.1975186 0.04197555 0.1806109 0.04197555 0.1975186 0.04197555 0.1975186 0.04197555 0.1806109 0.04197555 0.1806109 0.4878049 0.2090641 0.4878049 0.1918827 0.04197555 0.1975186 0.04197555 0.1975186 0.4878049 0.1918827 0.04197555 0.1975186 0.04197555 0.1806109 0.04197555 0.1975186 0.4878049 0.1918827 0.4878049 0.2261087 0.4878049 0.2090641 0.04197555 0.214837 0.04197555 0.214837 0.4878049 0.2090641 0.04197555 0.214837 0.04197555 0.2317447 0.04197555 0.214837 0.04197555 0.2317447 0.04197555 0.2317447 0.04197555 0.214837 0.04197555 0.214837 0.4878049 0.2432903 0.4878049 0.2261087 0.04197555 0.2317447 0.04197555 0.2317447 0.4878049 0.2261087 0.04197555 0.2317447 0.04197555 0.214837 0.04197555 0.2317447 0.4878049 0.2261087 0.4878049 0.2603349 0.4878049 0.2432903 0.04197555 0.249063 0.04197555 0.249063 0.4878049 0.2432903 0.04197555 0.249063 0.04197555 0.2659707 0.04197555 0.249063 0.04197555 0.2659707 0.04197555 0.2659707 0.04197555 0.249063 0.04197555 0.249063 0.4878049 0.2775163 0.4878049 0.2603349 0.04197555 0.2659707 0.04197555 0.2659707 0.4878049 0.2603349 0.04197555 0.2659707 0.04197555 0.249063 0.04197555 0.2659707 0.4878049 0.2603349 0.4878049 0.2945609 0.4878049 0.2775163 0.04197555 0.2832891 0.04197555 0.2832891 0.4878049 0.2775163 0.04197555 0.2832891 0.04197555 0.3001968 0.04197555 0.2832891 0.04197555 0.3001968 0.04197555 0.3001968 0.04197555 0.2832891 0.04197555 0.2832891 0.4878049 0.3117424 0.4878049 0.2945609 0.04197555 0.3001968 0.04197555 0.3001968 0.4878049 0.2945609 0.04197555 0.3001968 0.04197555 0.2832891 0.04197555 0.3001968 0.4878049 0.2945609 0.4878049 0.328787 0.4878049 0.3117424 0.04197555 0.3175152 0.04197555 0.3175152 0.4878049 0.3117424 0.04197555 0.3175152 0.04197555 0.3344228 0.04197555 0.3175152 0.04197555 0.3344228 0.04197555 0.3344228 0.04197555 0.3175152 0.04197555 0.3175152 0.4878049 0.3459684 0.4878049 0.328787 0.04197555 0.3344228 0.04197555 0.3344228 0.4878049 0.328787 0.04197555 0.3344228 0.04197555 0.3175152 0.04197555 0.3344228 0.4878049 0.328787 0.4878049 0.363013 0.4878049 0.3459684 0.04197555 0.3517413 0.04197555 0.3517413 0.4878049 0.3459684 0.04197555 0.3517413 0.04197555 0.3686489 0.04197555 0.3517413 0.04197555 0.3686489 0.04197555 0.3686489 0.04197555 0.3517413 0.04197555 0.3517413 0.4878049 0.3801945 0.4878049 0.363013 0.04197555 0.3686489 0.04197555 0.3686489 0.4878049 0.363013 0.04197555 0.3686489 0.04197555 0.3517413 0.04197555 0.3686489 0.4878049 0.363013 0.4878049 0.3859673 0.4878049 0.3801945 0.04197555 0.3859673 0.04197555 0.3859673 0.4878049 0.3801945 0.04197555 0.3859673 0.04197555 0.402875 0.04197555 0.3859673 0.04197555 0.402875 0.04197555 0.402875 0.04197555 0.3859673 0.04197555 0.3859673 0.4878049 0.4144206 0.4880829 0.4007046 0.04197555 0.402875 0.04197555 0.402875 0.4880829 0.4007046 0.04197555 0.402875 0.04197555 0.3859673 0.04197555 0.402875 0.4878049 0.3859673 0.4878049 0.3859673 0.04197555 0.402875 0.4880829 0.4007046 0.4878049 0.4314652 0.4878049 0.4144206 0.04197555 0.4201934 0.04197555 0.4201934 0.4878049 0.4144206 0.04197555 0.4201934 0.04197555 0.4371011 0.04197555 0.4201934 0.04197555 0.4371011 0.04197555 0.4371011 0.04197555 0.4201934 0.04197555 0.4201934 0.4878049 0.4486466 0.4878049 0.4314652 0.04197555 0.4371011 0.04197555 0.4371011 0.4878049 0.4314652 0.04197555 0.4371011 0.04197555 0.4201934 0.04197555 0.4371011 0.4878049 0.4314652 0.4878049 0.4656912 0.4878049 0.4486466 0.04197555 0.4544194 0.04197555 0.4544194 0.4878049 0.4486466 0.04197555 0.4544194 0.04197555 0.4713271 0.04197555 0.4544194 0.04197555 0.4713271 0.04197555 0.4713271 0.04197555 0.4544194 0.04197555 0.4544194 0.4878049 0.4828727 0.4878049 0.4656912 0.04197555 0.4713271 0.04197555 0.4713271 0.4878049 0.4656912 0.04197555 0.4713271 0.04197555 0.4544194 0.04197555 0.4713271 0.4878049 0.4656912 0.4878049 0.4999173 0.4878049 0.4828727 0.04197555 0.4886455 0.04197555 0.4886455 0.4878049 0.4828727 0.04197555 0.4886455 0.04197555 0.5055532 0.04197555 0.4886455 0.04197555 0.5055532 0.04197555 0.5055532 0.04197555 0.4886455 0.04197555 0.4886455 0.4878049 0.5170988 0.4878049 0.4999173 0.04197555 0.5055532 0.04197555 0.5055532 0.4878049 0.4999173 0.04197555 0.5055532 0.04197555 0.4886455 0.04197555 0.5055532 0.4878049 0.4999173 0.4878049 0.5341433 0.4878049 0.5170988 0.04197555 0.5228716 0.04197555 0.5228716 0.4878049 0.5170988 0.04197555 0.5228716 0.04197555 0.5397793 0.04197555 0.5228716 0.04197555 0.5397793 0.04197555 0.5397793 0.04197555 0.5228716 0.04197555 0.5228716 0.4878049 0.5513249 0.4878049 0.5341433 0.04197555 0.5397793 0.04197555 0.5397793 0.4878049 0.5341433 0.04197555 0.5397793 0.04197555 0.5228716 0.04197555 0.5397793 0.4878049 0.5341433 0.4878049 0.5683694 0.4878049 0.5513249 0.04197555 0.5570976 0.04197555 0.5570976 0.4878049 0.5513249 0.04197555 0.5570976 0.04197555 0.5740053 0.04197555 0.5570976 0.04197555 0.5740053 0.04197555 0.5740053 0.04197555 0.5570976 0.04197555 0.5570976 0.4878049 0.5855509 0.4878049 0.5683694 0.04197555 0.5740053 0.04197555 0.5740053 0.4878049 0.5683694 0.04197555 0.5740053 0.04197555 0.5570976 0.04197555 0.5740053 0.4878049 0.5683694 0.4878049 0.6025955 0.4878049 0.5855509 0.04197555 0.5913237 0.04197555 0.5913237 0.4878049 0.5855509 0.04197555 0.5913237 0.04197555 0.6082314 0.04197555 0.5913237 0.04197555 0.6082314 0.04197555 0.6082314 0.04197555 0.5913237 0.04197555 0.5913237 0.4878049 0.619777 0.4878049 0.6025955 0.04197555 0.6082314 0.04197555 0.6082314 0.4878049 0.6025955 0.04197555 0.6082314 0.04197555 0.5913237 0.04197555 0.6082314 0.4878049 0.6025955 0.4878049 0.6368215 0.4878049 0.619777 0.04197555 0.6255497 0.04197555 0.6255497 0.4878049 0.619777 0.04197555 0.6255497 0.04197555 0.6424574 0.04197555 0.6255497 0.04197555 0.6424574 0.04197555 0.6424574 0.04197555 0.6255497 0.04197555 0.6255497 0.4878049 0.654003 0.4878049 0.6368215 0.04197555 0.6424574 0.04197555 0.6424574 0.4878049 0.6368215 0.04197555 0.6424574 0.04197555 0.6255497 0.04197555 0.6424574 0.4878049 0.6368215 0.4878049 0.6710476 0.4878049 0.654003 0.04197555 0.6597758 0.04197555 0.6597758 0.4878049 0.654003 0.04197555 0.6597758 0.04197555 0.6766835 0.04197555 0.6597758 0.04197555 0.6766835 0.04197555 0.6766835 0.04197555 0.6597758 0.04197555 0.6597758 0.4878049 0.6882291 0.4878049 0.6710476 0.04197555 0.6766835 0.04197555 0.6766835 0.4878049 0.6710476 0.04197555 0.6766835 0.04197555 0.6597758 0.04197555 0.6766835 0.4878049 0.6710476 0.4878049 0.7052736 0.4878049 0.6882291 0.04197555 0.6940019 0.04197555 0.6940019 0.4878049 0.6882291 0.04197555 0.6940019 0.04197555 0.7109096 0.04197555 0.6940019 0.04197555 0.7109096 0.04197555 0.7109096 0.04197555 0.6940019 0.04197555 0.6940019 0.4878049 0.7109096 0.4878049 0.7052736 0.04197555 0.7109096 0.04197555 0.7109096 0.4878049 0.7052736 0.04197555 0.7109096 0.04197555 0.6940019 0.04197555 0.7109096 0.4878049 0.7052736 0.1572682 0.9668863 0.151628 0.9962351 0.01740241 0.9668863 0.01740241 0.9668863 0.151628 0.9962351 0.02389746 0.9962351 0.02389746 0.9962351 0.01740241 0.9962351 0.01740241 0.9668863 0.01740241 0.9668863 0.01740241 0.9962351 0.01740241 0.7674682 0.01740241 0.9668863 0.01740241 0.7674682 0.01740241 0.7674682 0.02779263 0.9962351 0.01740241 0.9962351 0.02389746 0.9962351 0.1459878 0.9962351 0.151628 0.9962351 0.1572682 0.9962351 0.1459878 0.9962351 0.1572682 0.9962351 0.02779263 0.9962351 0.02779263 0.9962351 0.1572682 0.9962351 0.01740241 0.9962351 0.1572682 0.7674682 0.1572682 0.7674682 0.1572682 0.9962351 0.1572682 0.7674682 0.1572682 0.9962351 0.1572682 0.9668863 0.1572682 0.9668863 0.1572682 0.9962351 0.151628 0.9962351 0.01740241 0.7674682 0.01740241 0.7674682 0.1572682 0.7674682 0.1572682 0.7674682 0.01740241 0.7674682 0.1572682 0.7674682 0.1572682 0.9962351 0.1572682 0.7674682 0.01740241 0.9962351 0.01740241 0.9962351 0.1572682 0.7674682 0.01740241 0.7674682 0.9825976 0.9668863 0.9825976 0.9962351 0.8427317 0.9668863 0.8427317 0.9668863 0.9825976 0.9962351 0.8427317 0.9962351 0.9825976 0.7674682 0.9825976 0.7674682 0.9825976 0.9668863 0.9825976 0.9668863 0.9825976 0.7674682 0.9825976 0.9962351 0.9825976 0.9668863 0.9825976 0.9962351 0.9825976 0.9962351 0.8427317 0.7674682 0.9825976 0.7674682 0.8427317 0.7674682 0.8427317 0.7674682 0.9825976 0.7674682 0.9825976 0.7674682 0.8427317 0.9962351 0.8427317 0.9962351 0.8427317 0.9668863 0.8427317 0.9668863 0.8427317 0.9962351 0.8427317 0.7674682 0.8427317 0.9668863 0.8427317 0.7674682 0.8427317 0.7674682 0.974561 0.9962351 0.9825976 0.9962351 0.8551341 0.9962351 0.8551341 0.9962351 0.9825976 0.9962351 0.8427317 0.9962351 0.8551341 0.9962351 0.8427317 0.9962351 0.8551341 0.9962351 0.8551341 0.9962351 0.8427317 0.9962351 0.8427317 0.9962351 0.8551341 0.9962351 0.8427317 0.9962351 0.974561 0.9962351 0.974561 0.9962351 0.8427317 0.9962351 0.9825976 0.9962351 0.974561 0.9962351 0.9825976 0.9962351 0.974561 0.9962351 0.974561 0.9962351 0.9825976 0.9962351 0.9825976 0.9962351 0.8427317 0.7674682 0.8427317 0.9962351 0.9825976 0.7674682 0.9825976 0.7674682 0.8427317 0.9962351 0.9825976 0.9962351 0.7537195 0.7669376 0.577439 0.7669376 0.7537195 0.7669376 0.7537195 0.7669376 0.577439 0.7669376 0.577439 0.7669376 0.7537195 1 0.7537195 0.7669376 0.7537195 0.7669376 0.7537195 0.7669376 0.7537195 0.9668863 0.7537195 1 0.7537195 1 0.7537195 0.9668863 0.7537195 0.9668863 0.7537195 1 0.7537195 0.9668863 0.7500464 1 0.7500464 1 0.7537195 0.9668863 0.7537195 0.7669376 0.7500464 1 0.7537195 0.7669376 0.7537195 0.7669376 0.7099146 0.9978486 0.6996585 0.9976256 0.6996585 1 0.6311342 0.9977411 0.6208781 0.9977411 0.577439 1 0.7500464 1 0.7397652 0.9975723 0.7537195 1 0.7537195 1 0.7397652 0.9975723 0.7099146 0.9987451 0.6208781 0.9977411 0.6208781 0.9981176 0.577439 1 0.577439 1 0.6208781 0.9981176 0.5884805 0.9987993 0.577439 1 0.5884805 0.9987993 0.577439 1 0.577439 1 0.5884805 0.9987993 0.5866098 1 0.577439 1 0.5866098 1 0.7500464 1 0.7099146 0.9987451 0.7099146 0.9978486 0.7537195 1 0.7537195 1 0.7099146 0.9978486 0.6996585 1 0.7537195 1 0.6996585 1 0.577439 1 0.577439 1 0.6996585 1 0.6311342 1 0.577439 1 0.6311342 1 0.6311342 0.9977411 0.577439 0.7669376 0.577439 0.7669376 0.577439 0.9668863 0.577439 0.9668863 0.577439 0.7669376 0.577439 1 0.577439 0.9668863 0.577439 1 0.577439 0.9668863 0.577439 0.9668863 0.577439 1 0.577439 1 0.577439 0.9668863 0.577439 1 0.577439 0.7669376 0.577439 0.7669376 0.577439 1 0.577439 0.7669376 0.577439 0.7669376 0.577439 0.7669376 0.7537195 0.7669376 0.7537195 0.7669376 0.577439 0.7669376 0.7537195 0.7669376 0.577439 1 0.577439 0.7669376 0.7537195 1 0.7537195 1 0.577439 0.7669376 0.7537195 0.7669376 0.577439 0.7669376 0.577439 1 0.7537195 0.7669376 0.7537195 0.7669376 0.577439 1 0.7500464 1 0.3227073 0.9668863 0.3227073 0.9976042 0.2269268 0.9668863 0.2269268 0.9668863 0.3227073 0.9976042 0.2269268 0.9976042 0.2269268 0.8360229 0.2269268 0.8360229 0.2269268 0.9976042 0.2269268 0.9976042 0.2269268 0.8360229 0.2269268 0.9668863 0.2269268 0.9976042 0.2269268 0.9668863 0.2269268 0.9976042 0.2387739 0.9969763 0.2269268 0.9976042 0.2384328 0.9969313 0.2384328 0.9969313 0.2269268 0.9976042 0.2269268 0.9976042 0.2384328 0.9969313 0.2269268 0.9976042 0.3095699 0.9969501 0.3095699 0.9969501 0.2269268 0.9976042 0.3227073 0.9976042 0.3095699 0.9969501 0.3227073 0.9976042 0.3099206 0.996619 0.3099206 0.996619 0.3227073 0.9976042 0.3227073 0.9976042 0.3099206 0.996619 0.3227073 0.9976042 0.2387739 0.9969763 0.2387739 0.9969763 0.3227073 0.9976042 0.2269268 0.9976042 0.3227073 0.8360229 0.3227073 0.8360229 0.3227073 0.9668863 0.3227073 0.9668863 0.3227073 0.8360229 0.3227073 0.9976042 0.3227073 0.9668863 0.3227073 0.9976042 0.3227073 0.9976042 0.2269268 0.8360229 0.3227073 0.8360229 0.2269268 0.8360229 0.2269268 0.8360229 0.3227073 0.8360229 0.3227073 0.8360229 0.3227073 0.9976042 0.3227073 0.8360229 0.2269268 0.9976042 0.2269268 0.9976042 0.3227073 0.8360229 0.2269268 0.8360229 0.5438171 0.9668863 0.5438171 0.9990246 0.3705976 0.9668863 0.3705976 0.9668863 0.5438171 0.9990246 0.3705976 0.9990246 0.3705976 0.9990246 0.3705976 0.9990246 0.3705976 0.9668863 0.3705976 0.9668863 0.3705976 0.9990246 0.3705976 0.8288868 0.3705976 0.9668863 0.3705976 0.8288868 0.3705976 0.8288868 0.3878464 0.9976684 0.3705976 0.9990246 0.3871812 0.9977692 0.3871812 0.9977692 0.3705976 0.9990246 0.3705976 0.9990246 0.3871812 0.9977692 0.3705976 0.9990246 0.5284759 0.9976732 0.5284759 0.9976732 0.3705976 0.9990246 0.5438171 0.9990246 0.5284759 0.9976732 0.5438171 0.9990246 0.5293844 0.9977976 0.5293844 0.9977976 0.5438171 0.9990246 0.5438171 0.9990246 0.5293844 0.9977976 0.5438171 0.9990246 0.3878464 0.9976684 0.3878464 0.9976684 0.5438171 0.9990246 0.3705976 0.9990246 0.5438171 0.8288868 0.5438171 0.8288868 0.5438171 0.9668863 0.5438171 0.9668863 0.5438171 0.8288868 0.5438171 0.9990246 0.5438171 0.9668863 0.5438171 0.9990246 0.5438171 0.9990246 0.3705976 0.8288868 0.5438171 0.8288868 0.3705976 0.8288868 0.3705976 0.8288868 0.5438171 0.8288868 0.5438171 0.8288868 0.5438171 0.9990246 0.5438171 0.8288868 0.3705976 0.9990246 0.3705976 0.9990246 0.5438171 0.8288868 0.3705976 0.8288868 0.974561 0.8593309 0.974561 0.8593309 0.974561 0.9962351 0.974561 0.9962351 0.974561 0.8593309 0.974561 0.9962351 0.974561 0.8593309 0.8551341 0.8593309 0.974561 0.9962351 0.974561 0.9962351 0.8551341 0.8593309 0.8551341 0.9962351 0.8551341 0.8593309 0.8551341 0.8593309 0.8551341 0.9962351 0.8551341 0.9962351 0.8551341 0.8593309 0.8551341 0.9962351 0.8551341 0.8593309 0.974561 0.8593309 0.8551341 0.9962351 0.8551341 0.9962351 0.974561 0.8593309 0.974561 0.9962351 0.8551341 0.8593309 0.8551341 0.8593309 0.974561 0.8593309 0.974561 0.8593309 0.8551341 0.8593309 0.974561 0.8593309 0.1459878 0.8593309 0.1459878 0.8593309 0.1459878 0.9962351 0.1459878 0.9962351 0.1459878 0.8593309 0.151628 0.9962351 0.1459878 0.8593309 0.02779263 0.8593309 0.151628 0.9962351 0.151628 0.9962351 0.02779263 0.8593309 0.02389746 0.9962351 0.02779263 0.8593309 0.02779263 0.8593309 0.02389746 0.9962351 0.02389746 0.9962351 0.02779263 0.8593309 0.02779263 0.9962351 0.02779263 0.8593309 0.1459878 0.8593309 0.02779263 0.9962351 0.02779263 0.9962351 0.1459878 0.8593309 0.1459878 0.9962351 0.02779263 0.8593309 0.02779263 0.8593309 0.1459878 0.8593309 0.1459878 0.8593309 0.02779263 0.8593309 0.1459878 0.8593309 0.1221463 0 0.1221463 0.09150338 0.1221504 0 0.1221504 0 0.1221463 0.09150338 0.1221544 0.09150338 0.0525279 0.08679378 0.04776829 0 0.04776829 0.09150338 0.04776829 0.09150338 0.04776829 0 0.04776829 0 0.1221544 0.09150338 0.1221463 0.09150338 0.0525279 0.08679378 0.1221544 0.09150338 0.0525279 0.08679378 0.04776829 0.09150338 0.06039428 0.06591939 0.06445932 0.08303242 0.06445932 0.06591939 0.06445932 0.06591939 0.06445932 0.08303242 0.06852436 0.08303242 0.06445932 0.08303242 0.06039428 0.06591939 0.0525279 0.08679378 0.0525279 0.08679378 0.06039428 0.06591939 0.06445932 0.06591939 0.06852436 0.08303242 0.06445932 0.08303242 0.0525279 0.08679378 0.1030772 0.06591939 0.1071423 0.08303242 0.1112073 0.06591939 0.1112073 0.06591939 0.1071423 0.08303242 0.1030772 0.08303242 0.09901219 0.06591939 0.1030772 0.06591939 0.1112073 0.06591939 0.1071423 0.08303242 0.1030772 0.06591939 0.1030772 0.08303242 0.1030772 0.08303242 0.1030772 0.06591939 0.09901219 0.06591939 0.1030772 0.008556485 0.1071423 0.02566951 0.1071423 0.008556485 0.1071423 0.008556485 0.1071423 0.02566951 0.1112073 0.02566951 0.1071423 0.02566951 0.1030772 0.008556485 0.09901219 0.02566951 0.09901219 0.02566951 0.1030772 0.008556485 0.1071423 0.008556485 0.1112073 0.02566951 0.1071423 0.02566951 0.09901219 0.02566951 0.06039428 0.008556485 0.06445932 0.02566951 0.06445932 0.008556485 0.06445932 0.008556485 0.06445932 0.02566951 0.06852436 0.02566951 0.06445932 0.02566951 0.06039428 0.008556485 0.05632925 0.02566951 0.05632925 0.02566951 0.06039428 0.008556485 0.06445932 0.008556485 0.06852436 0.02566951 0.06445932 0.02566951 0.05632925 0.02566951 0.1901082 0.005028188 0.192039 0.08802056 0.1965406 0 0.1965406 0 0.192039 0.08802056 0.1965447 0.09150338 0.1269181 0.08679378 0.1221585 0 0.1221544 0.09150338 0.1221544 0.09150338 0.1221585 0 0.1221504 0 0.192039 0.08802056 0.1269181 0.08679378 0.1965447 0.09150338 0.1965447 0.09150338 0.1269181 0.08679378 0.1221544 0.09150338 0.2644985 0.005028188 0.2664293 0.08802056 0.2709309 0 0.2709309 0 0.2664293 0.08802056 0.2709349 0.09150338 0.2013084 0.08679378 0.2003629 0.003812074 0.1965447 0.09150338 0.1965447 0.09150338 0.2003629 0.003812074 0.1965406 0 0.2664293 0.08802056 0.2013084 0.08679378 0.2709349 0.09150338 0.2709349 0.09150338 0.2013084 0.08679378 0.1965447 0.09150338 0.3388888 0.005028188 0.3453171 0.09150338 0.3453211 0 0.3453211 0 0.3453171 0.09150338 0.3453252 0.09150338 0.2756987 0.08679378 0.2747531 0.003812074 0.2709349 0.09150338 0.2709349 0.09150338 0.2747531 0.003812074 0.2709309 0 0.3453171 0.09150338 0.2756987 0.08679378 0.3453252 0.09150338 0.3453252 0.09150338 0.2756987 0.08679378 0.2709349 0.09150338 0.4197073 0 0.4197073 0.09150338 0.4197114 0 0.4197114 0 0.4197073 0.09150338 0.4197155 0.09150338 0.3500889 0.08679378 0.3453292 0 0.3453252 0.09150338 0.3453252 0.09150338 0.3453292 0 0.3453211 0 0.4197073 0.09150338 0.3500889 0.08679378 0.4197155 0.09150338 0.4197155 0.09150338 0.3500889 0.08679378 0.3453252 0.09150338 0.4876693 0.005028188 0.4896 0.08802056 0.4941017 0 0.4941017 0 0.4896 0.08802056 0.4941057 0.09150338 0.4244792 0.08679378 0.4235336 0.003812074 0.4197155 0.09150338 0.4197155 0.09150338 0.4235336 0.003812074 0.4197114 0 0.4896 0.08802056 0.4244792 0.08679378 0.4941057 0.09150338 0.4941057 0.09150338 0.4244792 0.08679378 0.4197155 0.09150338 0.5684878 0 0.5639902 0.08802056 0.5684919 0 0.5684919 0 0.5639902 0.08802056 0.5684959 0.09150338 0.4988694 0.08679378 0.4979239 0.003812074 0.4941057 0.09150338 0.4941057 0.09150338 0.4979239 0.003812074 0.4941017 0 0.5639902 0.08802056 0.4988694 0.08679378 0.5684959 0.09150338 0.5684959 0.09150338 0.4988694 0.08679378 0.4941057 0.09150338 0.6364498 0.005028188 0.6428781 0.09150338 0.6428821 0 0.6428821 0 0.6428781 0.09150338 0.6428862 0.09150338 0.5732597 0.08679378 0.5723141 0.003812074 0.5684959 0.09150338 0.5684959 0.09150338 0.5723141 0.003812074 0.5684919 0 0.6428781 0.09150338 0.5732597 0.08679378 0.6428862 0.09150338 0.6428862 0.09150338 0.5732597 0.08679378 0.5684959 0.09150338 0.71084 0.005028188 0.7172683 0.09150338 0.7172724 0 0.7172724 0 0.7172683 0.09150338 0.7172765 0.09150338 0.6476499 0.08679378 0.6428902 0 0.6428862 0.09150338 0.6428862 0.09150338 0.6428902 0 0.6428821 0 0.7172683 0.09150338 0.6476499 0.08679378 0.7172765 0.09150338 0.7172765 0.09150338 0.6476499 0.08679378 0.6428862 0.09150338 0.7852303 0.005028188 0.7916585 0.09150338 0.7916585 0 0.7916585 0 0.7916585 0.09150338 0.7916585 0.09150338 0.7220402 0.08679372 0.7172805 0 0.7172765 0.09150338 0.7172765 0.09150338 0.7172805 0 0.7172724 0 0.7916585 0.09150338 0.7220402 0.08679372 0.7916585 0.09150338 0.7916585 0.09150338 0.7220402 0.08679372 0.7172765 0.09150338 0.1347845 0.06591939 0.1388496 0.08303242 0.1388496 0.06591939 0.1388496 0.06591939 0.1388496 0.08303242 0.1429146 0.08303242 0.1388496 0.08303242 0.1347845 0.06591939 0.1269181 0.08679378 0.1269181 0.08679378 0.1347845 0.06591939 0.1388496 0.06591939 0.1429146 0.08303242 0.1388496 0.08303242 0.1269181 0.08679378 0.1774674 0.06591939 0.1815325 0.08303242 0.1815325 0.06591939 0.1815325 0.06591939 0.1815325 0.08303242 0.192039 0.08802056 0.1815325 0.08303242 0.1774674 0.06591939 0.1734024 0.08303242 0.1734024 0.08303242 0.1774674 0.06591939 0.1815325 0.06591939 0.192039 0.08802056 0.1815325 0.08303242 0.1734024 0.08303242 0.1774674 0.008556485 0.1815325 0.02566951 0.1901082 0.005028188 0.1901082 0.005028188 0.1815325 0.02566951 0.1774674 0.02566951 0.1734024 0.008556485 0.1774674 0.008556485 0.1901082 0.005028188 0.1815325 0.02566951 0.1774674 0.008556485 0.1774674 0.02566951 0.1774674 0.02566951 0.1774674 0.008556485 0.1734024 0.008556485 0.1347845 0.008556485 0.1388496 0.02566951 0.1388496 0.008556485 0.1388496 0.008556485 0.1388496 0.02566951 0.1429146 0.02566951 0.1388496 0.02566951 0.1347845 0.008556485 0.1307195 0.02566951 0.1307195 0.02566951 0.1347845 0.008556485 0.1388496 0.008556485 0.1429146 0.02566951 0.1388496 0.02566951 0.1307195 0.02566951 0.2091748 0.06591939 0.2132398 0.08303242 0.2132398 0.06591939 0.2132398 0.06591939 0.2132398 0.08303242 0.2173048 0.08303242 0.2132398 0.08303242 0.2091748 0.06591939 0.2013084 0.08679378 0.2013084 0.08679378 0.2091748 0.06591939 0.2132398 0.06591939 0.2173048 0.08303242 0.2132398 0.08303242 0.2013084 0.08679378 0.2518577 0.06591939 0.2559227 0.08303242 0.2559227 0.06591939 0.2559227 0.06591939 0.2559227 0.08303242 0.2664293 0.08802056 0.2559227 0.08303242 0.2518577 0.06591939 0.2477927 0.08303242 0.2477927 0.08303242 0.2518577 0.06591939 0.2559227 0.06591939 0.2664293 0.08802056 0.2559227 0.08303242 0.2477927 0.08303242 0.2518577 0.008556485 0.2559227 0.02566951 0.2644985 0.005028188 0.2644985 0.005028188 0.2559227 0.02566951 0.2599878 0.02566951 0.2477926 0.01426082 0.2518577 0.008556485 0.2644985 0.005028188 0.2559227 0.02566951 0.2518577 0.008556485 0.2477926 0.01426082 0.2599878 0.02566951 0.2559227 0.02566951 0.2477926 0.01426082 0.2091748 0.008556485 0.2132398 0.02566951 0.2173048 0.008556485 0.2173048 0.008556485 0.2132398 0.02566951 0.2091748 0.02566951 0.2003629 0.003812074 0.2091748 0.008556485 0.2173048 0.008556485 0.2132398 0.02566951 0.2091748 0.008556485 0.2091748 0.02566951 0.2091748 0.02566951 0.2091748 0.008556485 0.2003629 0.003812074 0.2795 0.07732808 0.2916951 0.07162374 0.2795 0.06591939 0.2795 0.06591939 0.2916951 0.07162374 0.2916951 0.07732808 0.2756987 0.08679378 0.2795 0.07732808 0.2795 0.06591939 0.2916951 0.07162374 0.2795 0.07732808 0.2916951 0.07732808 0.2916951 0.07732808 0.2795 0.07732808 0.2756987 0.08679378 0.330313 0.06591939 0.3343781 0.07162374 0.3343781 0.08303242 0.3221829 0.07732808 0.3343781 0.07162374 0.330313 0.06591939 0.3221829 0.08303242 0.3221829 0.07732808 0.330313 0.06591939 0.3343781 0.07162374 0.3221829 0.07732808 0.3343781 0.08303242 0.3343781 0.08303242 0.3221829 0.07732808 0.3221829 0.08303242 0.3262479 0.008556485 0.330313 0.02566951 0.3388888 0.005028188 0.3388888 0.005028188 0.330313 0.02566951 0.3262479 0.02566951 0.3221829 0.008556485 0.3262479 0.008556485 0.3388888 0.005028188 0.330313 0.02566951 0.3262479 0.008556485 0.3262479 0.02566951 0.3262479 0.02566951 0.3262479 0.008556485 0.3221829 0.008556485 0.2835651 0.008556485 0.2876301 0.02566951 0.2916951 0.008556485 0.2916951 0.008556485 0.2876301 0.02566951 0.2835651 0.02566951 0.2747531 0.003812074 0.2835651 0.008556485 0.2916951 0.008556485 0.2876301 0.02566951 0.2835651 0.008556485 0.2835651 0.02566951 0.2835651 0.02566951 0.2835651 0.008556485 0.2747531 0.003812074 0.3538902 0.07732808 0.3660854 0.07162374 0.3538902 0.06591939 0.3538902 0.06591939 0.3660854 0.07162374 0.3660854 0.07732808 0.3500889 0.08679378 0.3538902 0.07732808 0.3538902 0.06591939 0.3660854 0.07162374 0.3538902 0.07732808 0.3660854 0.07732808 0.3660854 0.07732808 0.3538902 0.07732808 0.3500889 0.08679378 0.4006382 0.06591939 0.4047032 0.08303242 0.4047032 0.06591939 0.4047032 0.06591939 0.4047032 0.08303242 0.4087683 0.08303242 0.4047032 0.08303242 0.4006382 0.06591939 0.3965731 0.08303242 0.3965731 0.08303242 0.4006382 0.06591939 0.4047032 0.06591939 0.4087683 0.08303242 0.4047032 0.08303242 0.3965731 0.08303242 0.4006382 0.008556485 0.4047032 0.02566951 0.4047032 0.008556485 0.4047032 0.008556485 0.4047032 0.02566951 0.4087683 0.02566951 0.4047032 0.02566951 0.4006382 0.008556485 0.3965731 0.02566951 0.3965731 0.02566951 0.4006382 0.008556485 0.4047032 0.008556485 0.4087683 0.02566951 0.4047032 0.02566951 0.3965731 0.02566951 0.3660854 0.008556485 0.3660854 0.01426082 0.3660854 0.02566951 0.3538902 0.01996517 0.3660854 0.01426082 0.3538902 0.01426082 0.3538902 0.01426082 0.3660854 0.01426082 0.3660854 0.008556485 0.3660854 0.01426082 0.3538902 0.01996517 0.3660854 0.02566951 0.3660854 0.02566951 0.3538902 0.01996517 0.3538902 0.01426082 0.4323455 0.06591939 0.4364106 0.08303242 0.4364106 0.06591939 0.4364106 0.06591939 0.4364106 0.08303242 0.4404756 0.08303242 0.4364106 0.08303242 0.4323455 0.06591939 0.4244792 0.08679378 0.4244792 0.08679378 0.4323455 0.06591939 0.4364106 0.06591939 0.4404756 0.08303242 0.4364106 0.08303242 0.4244792 0.08679378 0.4790935 0.06591939 0.4831585 0.07162374 0.4896 0.08802056 0.4709634 0.07732808 0.4831585 0.07162374 0.4790935 0.06591939 0.4709634 0.08303242 0.4709634 0.07732808 0.4790935 0.06591939 0.4831585 0.07162374 0.4709634 0.07732808 0.4896 0.08802056 0.4896 0.08802056 0.4709634 0.07732808 0.4709634 0.08303242 0.4876693 0.005028188 0.4831585 0.01426082 0.4831585 0.02566951 0.4709634 0.01996517 0.4831585 0.01426082 0.4709634 0.01426082 0.4709634 0.01426082 0.4831585 0.01426082 0.4876693 0.005028188 0.4831585 0.01426082 0.4709634 0.01996517 0.4831585 0.02566951 0.4831585 0.02566951 0.4709634 0.01996517 0.4709634 0.01426082 0.4323455 0.008556485 0.4364106 0.02566951 0.4404756 0.008556485 0.4404756 0.008556485 0.4364106 0.02566951 0.4323455 0.02566951 0.4235336 0.003812074 0.4323455 0.008556485 0.4404756 0.008556485 0.4364106 0.02566951 0.4323455 0.008556485 0.4323455 0.02566951 0.4323455 0.02566951 0.4323455 0.008556485 0.4235336 0.003812074 0.5067358 0.06591939 0.5108008 0.08303242 0.5108008 0.06591939 0.5108008 0.06591939 0.5108008 0.08303242 0.5148659 0.08303242 0.5108008 0.08303242 0.5067358 0.06591939 0.4988694 0.08679378 0.4988694 0.08679378 0.5067358 0.06591939 0.5108008 0.06591939 0.5148659 0.08303242 0.5108008 0.08303242 0.4988694 0.08679378 0.5494187 0.06591939 0.5534837 0.08303242 0.5534837 0.06591939 0.5534837 0.06591939 0.5534837 0.08303242 0.5639902 0.08802056 0.5534837 0.08303242 0.5494187 0.06591939 0.5453537 0.08303242 0.5453537 0.08303242 0.5494187 0.06591939 0.5534837 0.06591939 0.5639902 0.08802056 0.5534837 0.08303242 0.5453537 0.08303242 0.5494187 0.008556485 0.5534837 0.02566951 0.5534837 0.008556485 0.5534837 0.008556485 0.5534837 0.02566951 0.5575488 0.02566951 0.5534837 0.02566951 0.5494187 0.008556485 0.5453537 0.02566951 0.5453537 0.02566951 0.5494187 0.008556485 0.5534837 0.008556485 0.5575488 0.02566951 0.5534837 0.02566951 0.5453537 0.02566951 0.5067358 0.008556485 0.5108008 0.02566951 0.5148659 0.008556485 0.5148659 0.008556485 0.5108008 0.02566951 0.5067358 0.02566951 0.4979239 0.003812074 0.5067358 0.008556485 0.5148659 0.008556485 0.5108008 0.02566951 0.5067358 0.008556485 0.5067358 0.02566951 0.5067358 0.02566951 0.5067358 0.008556485 0.4979239 0.003812074 0.577061 0.07732808 0.5892561 0.07162374 0.577061 0.06591939 0.577061 0.06591939 0.5892561 0.07162374 0.5892561 0.07732808 0.5732597 0.08679378 0.577061 0.07732808 0.577061 0.06591939 0.5892561 0.07162374 0.577061 0.07732808 0.5892561 0.07732808 0.5892561 0.07732808 0.577061 0.07732808 0.5732597 0.08679378 0.6197439 0.07732808 0.6319391 0.07162374 0.6197439 0.06591939 0.6197439 0.06591939 0.6319391 0.07162374 0.6319391 0.07732808 0.6197439 0.08303242 0.6197439 0.07732808 0.6197439 0.06591939 0.6319391 0.07162374 0.6197439 0.07732808 0.6319391 0.07732808 0.6319391 0.07732808 0.6197439 0.07732808 0.6197439 0.08303242 0.6364498 0.005028188 0.6319391 0.01426082 0.6319391 0.02566951 0.6197439 0.01996517 0.6319391 0.01426082 0.6197438 0.01426082 0.6197438 0.01426082 0.6319391 0.01426082 0.6364498 0.005028188 0.6319391 0.01426082 0.6197439 0.01996517 0.6319391 0.02566951 0.6319391 0.02566951 0.6197439 0.01996517 0.6197438 0.01426082 0.5892561 0.008556485 0.5892561 0.01426082 0.581126 0.02566951 0.577061 0.01996517 0.5892561 0.01426082 0.5723141 0.003812074 0.5723141 0.003812074 0.5892561 0.01426082 0.5892561 0.008556485 0.581126 0.02566951 0.577061 0.01996517 0.5723141 0.003812074 0.5892561 0.01426082 0.577061 0.01996517 0.581126 0.02566951 0.6555163 0.06591939 0.6595813 0.08303242 0.6636463 0.07732808 0.6514512 0.06591939 0.6555163 0.06591939 0.6636463 0.07732808 0.6595813 0.08303242 0.6555163 0.06591939 0.6476499 0.08679378 0.6476499 0.08679378 0.6555163 0.06591939 0.6514512 0.06591939 0.6636463 0.07732808 0.6595813 0.08303242 0.6476499 0.08679378 0.6941342 0.07732808 0.7063293 0.07162374 0.6941342 0.06591939 0.6941342 0.06591939 0.7063293 0.07162374 0.7063293 0.07732808 0.6941342 0.08303242 0.6941342 0.07732808 0.6941342 0.06591939 0.7063293 0.07162374 0.6941342 0.07732808 0.7063293 0.07732808 0.7063293 0.07732808 0.6941342 0.07732808 0.6941342 0.08303242 0.6981992 0.008556485 0.7022643 0.02566951 0.71084 0.005028188 0.71084 0.005028188 0.7022643 0.02566951 0.6981992 0.02566951 0.6941342 0.008556485 0.6981992 0.008556485 0.71084 0.005028188 0.7022643 0.02566951 0.6981992 0.008556485 0.6981992 0.02566951 0.6981992 0.02566951 0.6981992 0.008556485 0.6941342 0.008556485 0.6636463 0.008556485 0.6636463 0.01426082 0.6636463 0.02566951 0.6514512 0.01996517 0.6636463 0.01426082 0.6514512 0.01426082 0.6514512 0.01426082 0.6636463 0.01426082 0.6636463 0.008556485 0.6636463 0.01426082 0.6514512 0.01996517 0.6636463 0.02566951 0.6636463 0.02566951 0.6514512 0.01996517 0.6514512 0.01426082 0.7258415 0.07732808 0.7380366 0.07162374 0.7258415 0.06591939 0.7258415 0.06591939 0.7380366 0.07162374 0.7380366 0.07732808 0.7220402 0.08679372 0.7258415 0.07732808 0.7258415 0.06591939 0.7380366 0.07162374 0.7258415 0.07732808 0.7380366 0.07732808 0.7380366 0.07732808 0.7258415 0.07732808 0.7220402 0.08679372 0.7725895 0.06591939 0.7766545 0.08303242 0.7766545 0.06591939 0.7766545 0.06591939 0.7766545 0.08303242 0.7807195 0.08303242 0.7766545 0.08303242 0.7725895 0.06591939 0.7685244 0.08303242 0.7685244 0.08303242 0.7725895 0.06591939 0.7766545 0.06591939 0.7807195 0.08303242 0.7766545 0.08303242 0.7685244 0.08303242 0.7725895 0.008556485 0.7766545 0.02566951 0.7852303 0.005028188 0.7852303 0.005028188 0.7766545 0.02566951 0.7725895 0.02566951 0.7685244 0.008556485 0.7725895 0.008556485 0.7852303 0.005028188 0.7766545 0.02566951 0.7725895 0.008556485 0.7725895 0.02566951 0.7725895 0.02566951 0.7725895 0.008556485 0.7685244 0.008556485 0.7339715 0.008556485 0.7380366 0.01426082 0.7380366 0.02566951 0.7258415 0.01996517 0.7380366 0.01426082 0.7339715 0.008556485 0.7258415 0.02566951 0.7258415 0.01996517 0.7339715 0.008556485 0.7380366 0.01426082 0.7258415 0.01996517 0.7380366 0.02566951 0.7380366 0.02566951 0.7258415 0.01996517 0.7258415 0.02566951 0.07926827 0 0.07926827 0.06845211 0.07926827 0 0.07926827 0 0.07926827 0.06845211 0.07926827 0.06845211 0.9329268 0.06845211 0.9329268 0 0.9329268 0.06845211 0.9329268 0.06845211 0.9329268 0 0.9329268 0 0.07926827 0.06845211 0.9329268 0.06845211 0.07926827 0.06845211 0.07926827 0.06845211 0.9329268 0.06845211 0.9329268 0.06845211 0.9329268 0 0.9329268 0.06845211 0.07926827 0 0.07926827 0 0.9329268 0.06845211 0.07926827 0.06845211 0.3146342 0.9668863 0.3146342 0.8470951 0.3146342 0.9668863 0.3146342 0.9668863 0.3146342 0.8470951 0.3146342 0.8470951 0.2560976 0.8470951 0.2560976 0.9668863 0.2560976 0.8470951 0.2560976 0.8470951 0.2560976 0.9668863 0.2560976 0.9668863 0.3146342 0.8470951 0.2560976 0.8470951 0.3146342 0.8470951 0.3146342 0.8470951 0.2560976 0.8470951 0.2560976 0.8470951 0.2560976 0.9668863 0.2560976 0.8470951 0.3146342 0.9668863 0.3146342 0.9668863 0.2560976 0.8470951 0.3146342 0.8470951 1 0 0.2 0 1 0.344183 1 0.344183 0.2 0 0.2 0.344183 1 0.1558169 0.2 0.1558169 1 0 1 0 0.2 0.1558169 0.2 0 1 0.655817 0.2 0.655817 1 0.1558169 1 0.1558169 0.2 0.655817 0.2 0.1558169 1 1 0.2 1 1 0.655817 1 0.655817 0.2 1 0.2 0.655817 1 0.844183 0.2 0.844183 1 1 1 1 0.2 0.844183 0.2 1 1 0.344183 0.2 0.344183 1 0.844183 1 0.844183 0.2 0.344183 0.2 0.844183 0.2 0.344183 0.2 0.4884725 0.2 0.844183 0.2 0.655817 0.2 0.5115261 0.2 0.1558169 0.2 0.4884725 0.2 0.7182006 0.2 0.844183 0.2 0.844183 0.2 0.7182006 0.2 1 0.2 1 0.2 0.7182006 0.2 0.655817 0.2 0.655817 0.2 0.7182006 0.2 0.5115261 0.2 0.5115261 0.1999999 0.2817996 0.2 0.1558169 0.2 0.1558169 0.1999999 0.2817996 0.2 0 0.2 0 0.1999999 0.2817996 0.2 0.344183 0.2 0.344183 0.1999999 0.2817996 0.2 0.4884725 0.2 0.5115261 0 0.4290324 0.1999999 0.2817996 0.1999999 0.2817996 0 0.4290324 0 0.2933969 0.1999999 0.2817996 0 0.2933969 0.2 0.4884725 0.2 0.4884725 0 0.2933969 0 0.5709674 0.2 0.4884725 0 0.5709674 0.2 0.7182006 0.2 0.7182006 0 0.5709674 0 0.7066035 0.2 0.7182006 0 0.7066035 0.2 0.5115261 0.2 0.5115261 0 0.7066035 0 0.4290324 0 0.5709674 0 0.2933969 0 0.7066035 0 0.2933969 0 0.4290324 0 0.7066035 1 1 1 0.6587907 1 0.6532824 1 1 1 0.6532824 1 0.844183 1 0.844183 1 0.6532824 1 0.344183 1 0.344183 1 0.6532824 1 0.4926087 1 0.4926087 1 0.3412095 1 0.344183 1 0.344183 1 0.3412095 1 0 1 0 1 0.3412095 1 0.3467172 1 0 1 0.3467172 1 0.1558169 1 0.1558169 1 0.3467172 1 0.655817 1 0.655817 1 0.3467172 1 0.5073886 1 0.5073886 1 0.6587907 1 0.655817 1 0.655817 1 0.6587907 1 1 0.56 0.5979781 0.5600001 0.3449473 0.52996 0.5 0.5600001 0.3449473 0.56 0.4020208 0.52996 0.5 0.52996 0.5 0.56 0.4020208 0.56 0.6550527 0.52996 0.5 0.56 0.6550527 0.56 0.5979781 0.56 0.5979781 1 0.5073886 0.5600001 0.3449473 0.5600001 0.3449473 1 0.5073886 1 0.3467172 0.5600001 0.3449473 1 0.3467172 1 0.3412095 0.5600001 0.3449473 1 0.3412095 0.56 0.4020208 0.56 0.4020208 1 0.3412095 1 0.4926087 0.56 0.4020208 1 0.4926087 0.56 0.6550527 0.56 0.6550527 1 0.4926087 1 0.6532824 0.56 0.6550527 1 0.6532824 1 0.6587907 0.56 0.6550527 1 0.6587907 0.56 0.5979781 0.56 0.5979781 1 0.6587907 1 0.5073886 1 1 0.2 1 1 0.7738884 1 0.7738884 0.2 1 0.2 0.7738884 1 0.7261117 0.2 0.7261117 1 1 1 1 0.2 0.7261117 0.2 1 1 0.2261116 0.2 0.2261116 1 0.7261117 1 0.7261117 0.2 0.2261116 0.2 0.7261117 1 0 0.2 0 1 0.2261116 1 0.2261116 0.2 0 0.2 0.2261116 1 0.2738884 0.2 0.2738884 1 0 1 0 0.2 0.2738884 0.2 0 1 0.7738884 0.2 0.7738884 1 0.2738884 1 0.2738884 0.2 0.7738884 0.2 0.2738884 0.2 0.2738884 0.2 0.316502 0.2 0 0.2 1 0.1999999 0.6834987 0.2 0.6090145 0.2 1 0.2 0.6090145 0.2 0.7738884 0.2 0.7738884 0.2 0.6090145 0.2 0.2738884 0.2 0.2738884 0.2 0.6090145 0.2 0.316502 0.2 0 0.2 0.316502 0.2 0.3909847 0.2 0 0.2 0.3909847 0.2 0.2261116 0.2 0.7261117 0.1999999 0.6834987 0.2 1 0.2 0.2261116 0.2 0.3909847 0.2 0.7261117 0.2 0.7261117 0.2 0.3909847 0.1999999 0.6834987 0.2 0.3909847 0 0.4629553 0.1999999 0.6834987 0.1999999 0.6834987 0 0.4629553 0 0.710111 0.1999999 0.6834987 0 0.710111 0.2 0.6090145 0.2 0.6090145 0 0.710111 0 0.5370458 0.2 0.6090145 0 0.5370458 0.2 0.316502 0.2 0.316502 0 0.5370458 0 0.2898898 0.2 0.316502 0 0.2898898 0.2 0.3909847 0.2 0.3909847 0 0.2898898 0 0.4629553 0 0.5370458 0 0.4629553 0 0.2898898 0 0.5370458 0 0.710111 0 0.4629553 1 0.6724465 1 0.4681813 1 0.7261117 1 0.7261117 1 0.4681813 1 0.2261116 1 0.2261116 1 0.4681813 1 0.3275536 1 0.2261116 1 0.3275536 1 0 1 1 1 0.6724465 1 0.7261117 1 0 1 0.3275536 1 0.2738884 1 0.3275536 1 0.5318197 1 0.2738884 1 0.2738884 1 0.5318197 1 0.7738884 1 0.7738884 1 0.5318197 1 0.6724465 1 0.7738884 1 0.6724465 1 1 0.52996 0.5 0.56 0.3347834 0.56 0.4991139 0.56 0.4991139 0.56 0.655873 0.52996 0.5 0.56 0.655873 0.5600001 0.6652159 0.52996 0.5 0.5600001 0.6652159 0.56 0.5008873 0.52996 0.5 0.56 0.5008873 0.56 0.3441272 0.52996 0.5 0.52996 0.5 0.56 0.3441272 0.56 0.3347834 0.56 0.3347834 1 0.4681813 0.56 0.4991139 0.56 0.4991139 1 0.4681813 0.56 0.655873 0.56 0.655873 1 0.4681813 1 0.6724465 0.56 0.655873 1 0.6724465 0.5600001 0.6652159 0.5600001 0.6652159 1 0.6724465 1 0.5318197 0.5600001 0.6652159 1 0.5318197 0.56 0.5008873 0.56 0.5008873 1 0.5318197 0.56 0.3441272 0.56 0.3441272 1 0.5318197 1 0.3275536 0.56 0.3441272 1 0.3275536 0.56 0.3347834 0.56 0.3347834 1 0.3275536 1 0.4681813 0.5 1 0.5 0.6445705 1 1 1 1 0.5 0.6445705 1 0.6445705 0.5 0.8554295 0.5 1 1 0.8554295 1 0.8554295 0.5 1 1 1 0.5 0.3554295 0.5 0.8554295 1 0.3554295 1 0.3554295 0.5 0.8554295 1 0.8554295 0.5 0 0.5 0.3554295 1 0 1 0 0.5 0.3554295 1 0.3554295 0.5 0.1445705 0.5 0 1 0.1445705 1 0.1445705 0.5 0 1 0 0.5 0.6445705 0.5 0.1445705 1 0.6445705 1 0.6445705 0.5 0.1445705 1 0.1445705 0.5 0.1445705 0.5 0.3703265 0.5 0 0.5 0.8554295 0.5 0.6296719 0.5 1 0.5 0.6296719 0.5 0.6768431 0.5 1 0.5 0.6768431 0.5 0.3703265 0.5 0.6445705 0.5 0.6445705 0.5 0.3703265 0.5 0.1445705 0.5 0.3703265 0.5 0.3231558 0.5 0 0.5 1 0.5 0.6768431 0.5 0.6445705 0.5 0 0.5 0.3231558 0.5 0.3554295 0.5 0.3231558 0.5 0.6296719 0.5 0.3554295 0.5 0.3554295 0.5 0.6296719 0.5 0.8554295 1 0.417094 1 0.3385137 1 0 1 0.5829071 1 0.6614865 1 1 1 0.3554295 1 0.417094 1 0 1 0.1445705 1 0.3385137 1 0.6445705 1 0 1 0.3385137 1 0.1445705 1 0.3385137 1 0.5829071 1 0.6445705 1 0.6445705 1 0.5829071 1 1 1 1 1 0.6614865 1 0.8554295 1 0.8554295 1 0.6614865 1 0.3554295 1 0.3554295 1 0.6614865 1 0.417094 0.5 0.3867972 1 0.417094 0.5 0.5797349 0.5 0.5797349 1 0.417094 1 0.6614865 0.5 0.5797349 1 0.6614865 0.5 0.6897179 0.5 0.6897179 1 0.6614865 0.5 0.6132032 0.5 0.6132032 1 0.6614865 1 0.5829071 0.5 0.6132032 1 0.5829071 0.5 0.420265 0.5 0.420265 1 0.5829071 1 0.3385137 0.5 0.420265 1 0.3385137 0.5 0.3102818 0.5 0.3102818 1 0.3385137 0.5 0.3867972 0.5 0.3867972 1 0.3385137 1 0.417094 0.5 0.6897179 0.5 0.6132032 0.5 0.3867972 0.5 0.3867972 0.5 0.5797349 0.5 0.6897179 0.5 0.3867972 0.5 0.420265 0.5 0.3102818 0.5 0.6132032 0.5 0.420265 0.5 0.3867972 0.5 0.3231558 0 0.6177226 0.5 0.6296719 0.5 0.6296719 0 0.6177226 0 0.6850189 0.5 0.6296719 0 0.6850189 0.5 0.6768431 0.5 0.6768431 0 0.6850189 0 0.3822767 0.5 0.6768431 0 0.3822767 0.5 0.3703265 0.5 0.3703265 0 0.3822767 0 0.3149806 0.5 0.3703265 0 0.3149806 0.5 0.3231558 0.5 0.3231558 0 0.3149806 0 0.6177226 0 0.3822767 0 0.6177226 0 0.3149806 0 0.6850189 0 0.6177226 0 0.3822767 1 1 0.2 1 1 0.7738884 1 0.7738884 0.2 1 0.2 0.7738884 1 0.7261117 0.2 0.7261117 1 1 1 1 0.2 0.7261117 0.2 1 1 0.2261116 0.2 0.2261116 1 0.7261117 1 0.7261117 0.2 0.2261116 0.2 0.7261117 1 0 0.2 0 1 0.2261116 1 0.2261116 0.2 0 0.2 0.2261116 1 0.2738884 0.2 0.2738884 1 0 1 0 0.2 0.2738884 0.2 0 1 0.7738884 0.2 0.7738884 1 0.2738884 1 0.2738884 0.2 0.7738884 0.2 0.2738884 0.2 0.2738884 0.2 0.3165013 0.2 0 0.2 1 0.1999999 0.683498 0.2 0.6090152 0.2 1 0.2 0.6090152 0.2 0.7738884 0.2 0.7738884 0.2 0.6090152 0.2 0.2738884 0.2 0.2738884 0.2 0.6090152 0.2 0.3165013 0.2 0 0.2 0.3165013 0.2 0.3909854 0.2 0 0.2 0.3909854 0.2 0.2261116 0.2 0.7261117 0.1999999 0.683498 0.2 1 0.2 0.2261116 0.2 0.3909854 0.2 0.7261117 0.2 0.7261117 0.2 0.3909854 0.1999999 0.683498 0.2 0.3909854 0 0.4629542 0.1999999 0.683498 0.1999999 0.683498 0 0.4629542 0 0.7101103 0.1999999 0.683498 0 0.7101103 0.2 0.6090152 0.2 0.6090152 0 0.7101103 0 0.5370447 0.2 0.6090152 0 0.5370447 0.2 0.3165013 0.2 0.3165013 0 0.5370447 0 0.289889 0.2 0.3165013 0 0.289889 0.2 0.3909854 0.2 0.3909854 0 0.289889 0 0.4629542 0 0.289889 0 0.5370447 0 0.4629542 0 0.5370447 0 0.7101103 0 0.4629542 1 0.6724464 1 0.4681804 1 0.7261117 1 0.7261117 1 0.4681804 1 0.2261116 1 0.2261116 1 0.4681804 1 0.3275535 1 0.2261116 1 0.3275535 1 0 1 1 1 0.6724464 1 0.7261117 1 0 1 0.3275535 1 0.2738884 1 0.3275535 1 0.5318186 1 0.2738884 1 0.2738884 1 0.5318186 1 0.7738884 1 0.7738884 1 0.5318186 1 0.6724464 1 0.7738884 1 0.6724464 1 1 0.52996 0.5 0.56 0.3347842 0.56 0.4991128 0.56 0.4991128 0.56 0.6558727 0.52996 0.5 0.56 0.6558727 0.56 0.6652166 0.52996 0.5 0.56 0.6652166 0.56 0.5008862 0.52996 0.5 0.56 0.5008862 0.56 0.3441271 0.52996 0.5 0.52996 0.5 0.56 0.3441271 0.56 0.3347842 0.56 0.3347842 1 0.4681804 0.56 0.4991128 0.56 0.4991128 1 0.4681804 0.56 0.6558727 0.56 0.6558727 1 0.4681804 1 0.6724464 0.56 0.6558727 1 0.6724464 0.56 0.6652166 0.56 0.6652166 1 0.6724464 1 0.5318186 0.56 0.6652166 1 0.5318186 0.56 0.5008862 0.56 0.5008862 1 0.5318186 0.56 0.3441271 0.56 0.3441271 1 0.5318186 1 0.3275535 0.56 0.3441271 1 0.3275535 0.56 0.3347842 0.56 0.3347842 1 0.3275535 1 0.4681804 0.5 0.2626024 0.5 0 1 0.2626024 1 0.2626024 0.5 0 1 0 0.5 0.7626024 0.5 0.2626024 1 0.7626024 1 0.7626024 0.5 0.2626024 1 0.2626024 0.5 1 0.5 0.7626024 1 1 1 1 0.5 0.7626024 1 0.7626024 0.5 0.7373976 0.5 1 1 0.7373976 1 0.7373976 0.5 1 1 1 0.5 0.2373976 0.5 0.7373976 1 0.2373976 1 0.2373976 0.5 0.7373976 1 0.7373976 0.5 0 0.5 0.2373976 1 0 1 0 0.5 0.2373976 1 0.2373976 0.5 0.2626024 0.5 0.4351848 0.5 0 0.5 0 0.5 0.4351848 0.5 0.2972385 0.5 0.7626024 0.5 0.4351848 0.5 0.2626024 0.5 0.2972385 0.5 0.5648147 0.5 0.2373976 0.5 0.2373976 0.5 0.5648147 0.5 0.7373976 0.5 0.7373976 0.5 0.5648147 0.5 1 0.5 1 0.5 0.5648147 0.5 0.7028036 0.5 0 0.5 0.2972385 0.5 0.2373976 0.5 1 0.5 0.7028036 0.5 0.7626024 0.5 0.7626024 0.5 0.7028036 0.5 0.4351848 1 0.7373976 1 0.637946 1 0.4600997 1 0.7373976 1 0.4600997 1 0.2373976 1 0.2626024 1 0.3620553 1 0.5399008 1 0.2626024 1 0.5399008 1 0.7626024 1 0.5399008 1 0.6717833 1 0.7626024 1 0.7626024 1 0.6717833 1 1 1 0.6717833 1 0.637946 1 1 1 1 1 0.637946 1 0.7373976 1 0.4600997 1 0.3282172 1 0.2373976 1 0.2373976 1 0.3282172 1 0 1 0.3282172 1 0.3620553 1 0 1 0 1 0.3620553 1 0.2626024 0.5 0.6455101 1 0.6717833 0.5 0.5991597 0.5 0.5991597 1 0.6717833 1 0.5399008 0.5 0.5991597 1 0.5399008 0.5 0.3529971 0.5 0.3529971 1 0.5399008 1 0.3620553 0.5 0.3529971 1 0.3620553 1 0.3282172 0.5 0.3529971 1 0.3282172 0.5 0.4008421 0.5 0.4008421 1 0.3282172 1 0.4600997 0.5 0.4008421 1 0.4600997 0.5 0.6455101 0.5 0.6455101 1 0.4600997 1 0.637946 0.5 0.6455101 1 0.637946 1 0.6717833 0.5 0.5991597 0.5 0.4008421 0.5 0.6455101 0.5 0.3529971 0.5 0.4008421 0.5 0.5991597 0.5 0.7028036 0 0.707288 0 0.4485819 0.5 0.7028036 0 0.4485819 0.5 0.4351848 0.5 0.4351848 0 0.4485819 0 0.292741 0.5 0.4351848 0 0.292741 0.5 0.2972385 0.5 0.2972385 0 0.292741 0 0.551418 0.5 0.2972385 0 0.551418 0.5 0.5648147 0.5 0.5648147 0 0.551418 0 0.707288 0.5 0.5648147 0 0.707288 0.5 0.7028036 0 0.4485819 0 0.551418 0 0.292741 0 0.4485819 0 0.707288 0 0.551418 0.5746633 0.9230769 0.5211493 1 0.5211325 0.3846154 0.5746633 0.9230769 0.5211325 0.3846154 0.5746632 0.3846154 0.5211493 1 0.5746633 0.9230769 0.6842105 1 0.6842105 1 0.5746633 0.9230769 0.6842105 0.9230769 0.5746632 0.9230769 0.5747354 0.3846154 0.5211952 0.3846154 0.5211952 0.3846154 0.5211175 1 0.5746632 0.9230769 0.5746632 0.9230769 0.5211175 1 0.6842105 0.9230769 0.6842105 0.9230769 0.5211175 1 0.6842106 1 0.4253367 0.923077 0.4788507 1 0.4788675 0.3846154 0.4253367 0.923077 0.4788675 0.3846154 0.4253368 0.3846154 0.4788507 1 0.4253367 0.923077 0.3157894 1 0.3157894 1 0.4253367 0.923077 0.3157895 0.9230769 0.4253368 0.9230769 0.4252646 0.3846154 0.4788048 0.3846154 0.4788048 0.3846154 0.4788826 1 0.4253368 0.9230769 0.4253368 0.9230769 0.4788826 1 0.3157895 0.9230769 0.3157895 0.9230769 0.4788826 1 0.3157894 1 0.3772917 1 0.3280882 1 0.4957128 1 0.6141338 1 0.5211493 1 0.6842105 1 0.5211175 1 0.5042873 1 0.6719118 1 0.2631579 1 0.3131813 1 0.3118313 1 0.2631579 1 0.3118313 1 0.2631579 1 0.7368421 1 0.3772917 1 0.3280882 1 0.7368421 1 0.3280882 1 0.3199167 1 0.7368421 1 0.3199167 1 0.2631579 1 0.2631579 1 0.3199167 1 0.3131813 1 0.3772917 1 0.3329055 1 0.3280882 1 0.3772917 1 0.3294063 1 0.3329055 1 0.2631579 1 0.3178972 1 0.3294063 1 0.3118313 1 0.3178972 1 0.2631579 1 0.6881687 1 0.7368421 1 0.6868188 1 0.6719118 1 0.6800833 1 0.6842106 1 0.6842106 1 0.6800833 1 0.6868188 1 0.6467105 1 0.6751798 1 0.6684445 1 0.6467105 1 0.6684445 1 0.6670945 1 0.6467105 1 0.6670945 1 0.6719118 1 0.7368421 1 0.6833514 1 0.6751798 1 0.3248202 1 0.3315556 1 0.3532895 1 0.3329055 1 0.3280882 1 0.3532895 1 0.3329055 1 0.3532895 1 0.3315556 1 0.3280882 1 0.3199167 1 0.2631579 1 0.2631579 1 0.3199167 1 0.3131813 1 0.2631579 1 0.3131813 1 0.2631579 1 0.2631579 1 0.3131813 1 0.3118313 1 0.3118313 1 0.3166486 1 0.2631579 1 0.2631579 1 0.3166486 1 0.3248202 1 0.6227083 1 0.6670945 1 0.6719118 1 0.6881687 1 0.6833514 1 0.6842105 1 0.6833514 1 0.6751798 1 0.6842105 1 0.6842105 1 0.6751798 1 0.6684444 1 0.6227083 1 0.6684444 1 0.6670945 1 0.7368421 1 0.6868188 1 0.6881687 1 0.7368421 1 0.6800833 1 0.6868188 1 0.6800833 1 0.7368421 1 0.6719118 1 0.4788826 1 0.49252 1 0.4957128 1 0.5093925 1 0.6141338 1 0.49252 1 0.49252 1 0.6141338 1 0.4957128 1 0.5211493 1 0.6141338 1 0.5093925 1 0.4788826 1 0.4957128 1 0.3280882 1 0.4788826 1 0.3280882 1 0.3157894 1 0.3157894 1 0.3280882 1 0.2631579 1 0.3157894 1 0.2631579 1 0.3157894 1 0.5042873 1 0.5211175 1 0.50748 1 0.3858662 1 0.4906075 1 0.4788507 1 0.5042873 1 0.50748 1 0.3858662 1 0.3858662 1 0.50748 1 0.4906075 1 0.3157894 1 0.2631579 1 0.3294063 1 0.3157894 1 0.3294063 1 0.3858662 1 0.3157894 1 0.3858662 1 0.4788507 1 0.6833514 1 0.7368421 1 0.6881687 1 0.7368421 1 0.4957128 1 0.3772917 1 0.3772917 1 0.3752988 1 0.3294063 1 0.4957128 1 0.3878591 1 0.3772917 1 0.3294063 1 0.3752988 1 0.3858662 1 0.4957128 1 0.3858662 1 0.3878591 1 0.4957128 1 0.7368421 1 0.5062801 1 0.3858662 1 0.4937198 1 0.5042873 1 0.3858662 1 0.4957128 1 0.4937198 1 0.7368421 1 0.6751798 1 0.6467105 1 0.7368421 1 0.6467105 1 0.5062801 1 0.5062801 1 0.6467105 1 0.6141338 1 0.5062801 1 0.6141338 1 0.612141 1 0.5062801 1 0.612141 1 0.5042873 1 0.6467105 1 0.6247012 1 0.6141338 1 0.5042873 1 0.612141 1 0.6227083 1 0.5042873 1 0.6227083 1 0.6719118 1 0.6719118 1 0.6227083 1 0.6247012 1 0.6719118 1 0.6247012 1 0.6467105 1 0.6842106 1 0.6868188 1 0.7368421 1 0.6842106 1 0.7368421 1 0.6842105 1 0.6842105 1 0.7368421 1 0.7368421 1 0.6842105 1 0.7368421 1 0.6881687 1 0.3280882 1 0.3772917 1 0.3532895 1 0.3532895 1 0.3772917 1 0.3752988 1 0.3858662 1 0.4937198 1 0.3532895 1 0.3858662 1 0.3532895 1 0.3752988 1 0.4957128 1 0.3878591 1 0.3772917 1 0.4937198 1 0.3858662 1 0.3878591 1 0.4937198 1 0.3878591 1 0.4957128 1 0.5042873 1 0.5062802 1 0.6141338 1 0.6141338 1 0.5062802 1 0.4957128 1 0.6684444 1 0.6141338 1 0.6842105 1 0.6719118 1 0.6842106 1 0.5211175 1 0.5042873 1 0.6141338 1 0.612141 1 0.5042873 1 0.612141 1 0.6227083 1 0.6684444 1 0.6247012 1 0.6141338 1 0.6227083 1 0.6247012 1 0.6684444 1 0.6719118 1 0.7368421 1 0.6227083 1 0.6227083 1 0.7368421 1 0.5042873 1 0.5042873 1 0.7368421 1 0.2631579 1 0.5042873 1 0.2631579 1 0.4937198 1 0.4937198 1 0.2631579 1 0.3532895 1 0.3532895 1 0.2631579 1 0.3248202 1 0 0 0 0 0.01315784 0 0.32 0 0.1606849 0 0.1657095 0 0.01315784 0 0 0 0.04473018 0 0.01315784 0 0.04473018 0 0.01315784 0 0.01315784 0 0.04473018 0 0.04655325 0 0.01315784 0 0.04655325 0 0 0 0.32 0 0.1657095 0 0.1642402 0 0.04655325 0 0.05542171 0 0 0 0 0 0.05542171 0 0.32 0 0.06044632 0 0.1518164 0 0.05542171 0 0.05542171 0 0.1518164 0 0.1606849 0 0.05542171 0 0.1606849 0 0.32 0 1 0 0.9868421 0 0.9537139 0 0.9537139 0 0.9868421 0 0.9551832 0 0.9551832 0 0.9868421 0 0.9868421 0 0.5246911 0 0.5243506 0 0.834204 0 0.9551832 0 0.9868421 0 1 0 0.9551832 0 1 0 1 0 0.84992 0 0.9412901 0 0.8428534 0 1 0 0.9501586 0 0.9551832 0 0.834204 0 0.5243506 0 0.5166979 0 0.5166979 0 0.5040367 0 0.834204 0 0.834204 0 0.5040367 0 0.1642402 0 0.1642402 0 0.5040367 0 0.487465 0 0.8346901 0 0.8428534 0 0.32 0 0.32 0 0.8428534 0 1 0 0.8428534 0 0.9412901 0 1 0 1 0 0.9412901 0 0.9501586 0 0.1642402 0 0.487465 0 0.475309 0 0.512535 0 0.5246911 0 0.8346901 0 0.4756494 0 0.32 0 0.475309 0 0.475309 0 0.32 0 0.1642402 0 0.32 0 0.4756494 0 0.4833021 0 0.5246911 0 0.834204 0 0.8346901 0 0.4833021 0 0.4959633 0 0.32 0 0.32 0 0.4959633 0 0.8346901 0 0.8346901 0 0.4959633 0 0.512535 0 0.32 0 0.834204 0 0.1642402 0 1 0 0.9537139 0 1 0 0.9412901 0 0.84992 0 0.939467 0 0.939467 0 0.84992 0 0.8484507 0 0.939467 0 0.8484507 0 0.8393151 0 0.9537139 0 0.9445783 0 1 0 1 0 0.9445783 0 0.32 0 0.32 0 0.8393151 0 0.834204 0 0.32 0 0.9445783 0 0.8393151 0 0.8393151 0 0.9445783 0 0.939467 0 0 0 0.04473018 0 0 0 0 0 0.1551045 0 0.1499933 0 0.1518164 0 0.06044632 0 0.1499933 0 0.1499933 0 0.06044632 0 0.05897706 0 0.32 0 0.1642402 0 0.1551045 0 0.32 0 0.1551045 0 0 0 0 0 0.0498414 0 0.04473018 0 0.1499933 0 0.05897706 0 0 0 0 0 0.05897706 0 0.0498414 0 0.9868421 0.07692307 0.9552257 0.07692307 0.9868421 0.07692307 1 0.07692307 0.9868421 0.07692307 1 0.07692307 1 0.07692307 0.9868421 0.07692307 0.9535582 0.07692307 0.9552257 0.07692307 0.9535582 0.07692307 0.9868421 0.07692307 0.295 0.07692307 0.8393151 0.07692307 0.8342481 0.07692307 0.9391383 0.07692307 0.8448955 0.07692307 0.8499626 0.07692307 0.543453 0.07692307 0.8342481 0.07692307 0.565004 0.07692307 1 0.07692307 0.8482951 0.07692307 0.8393151 0.07692307 1 0.07692307 0.8393151 0.07692307 0.295 0.07692307 0.9422062 0.07692307 0.8448955 0.07692307 0.9391383 0.07692307 0.5321841 0.07692307 0.9422062 0.07692307 0.9501586 0.07692307 0.8359154 0.07692307 0.5321841 0.07692307 0.5573686 0.07692307 0.9445782 0.07692307 0.9395112 0.07692307 0.8482951 0.07692307 0.9868421 0.07692307 1 0.07692307 0.9552257 0.07692307 0.9552257 0.07692307 1 0.07692307 1 0.07692307 0.9552257 0.07692307 1 0.07692307 0.9501586 0.07692307 0.9535582 0.07692307 0.9445782 0.07692307 1 0.07692307 1 0.07692307 0.9445782 0.07692307 0.8482951 0.07692307 0.5321841 0.07692307 0.8359154 0.07692307 0.8448955 0.07692307 0.5321841 0.07692307 0.8448955 0.07692307 0.9422062 0.07692307 0.543453 0.07692307 0.5150529 0.07692307 0.8342481 0.07692307 0.8342481 0.07692307 0.5150529 0.07692307 0.295 0.07692307 0.295 0.07692307 0.5150529 0.07692307 0.492021 0.07692307 0.295 0.07692307 0.492021 0.07692307 0.4678158 0.07692307 0.4253526 0.07692307 0.4349961 0.07692307 0.295 0.07692307 0.4349961 0.07692307 0.456547 0.07692307 0.295 0.07692307 0.295 0.07692307 0.456547 0.07692307 0.4849471 0.07692307 0.295 0.07692307 0.4678158 0.07692307 0.4426314 0.07692307 0.5573686 0.07692307 0.5735747 0.07692307 0.8359154 0.07692307 0.8359154 0.07692307 0.5735747 0.07692307 0.8342481 0.07692307 0.8342481 0.07692307 0.5735747 0.07692307 0.5746474 0.07692307 0.8342481 0.07692307 0.5746474 0.07692307 0.565004 0.07692307 0.9391383 0.07692307 0.8499626 0.07692307 0.9395112 0.07692307 0.9395112 0.07692307 0.8499626 0.07692307 0.8482951 0.07692307 0.4426314 0.07692307 0.4264253 0.07692307 0.295 0.07692307 0.295 0.07692307 0.4264253 0.07692307 0.295 0.07692307 0.295 0.07692307 0.4264253 0.07692307 0.4253526 0.07692307 0 0.07692307 0 0.07692307 0.01315784 0.07692307 0.04644173 0.07692307 0 0.07692307 0.01315784 0.07692307 0.04644173 0.07692307 0.01315784 0.07692307 0.04477429 0.07692307 0.04477429 0.07692307 0.01315784 0.07692307 0.01315784 0.07692307 0.01315784 0.07692307 0 0.07692307 0.04477429 0.07692307 0.04477429 0.07692307 0 0.07692307 0 0.07692307 0.04477429 0.07692307 0 0.07692307 0.0498414 0.07692307 0.295 0.07692307 0.05882138 0.07692307 0 0.07692307 0 0.07692307 0.05882138 0.07692307 0.0498414 0.07692307 0.295 0.07692307 0.1606849 0.07692307 0.1657519 0.07692307 0 0.07692307 0.04644173 0.07692307 0.05542171 0.07692307 0 0.07692307 0.05542171 0.07692307 0.1517049 0.07692307 0.295 0.07692307 0.1640845 0.07692307 0.1551045 0.07692307 0.295 0.07692307 0.1551045 0.07692307 0.05882138 0.07692307 0.295 0.07692307 0.1657519 0.07692307 0.295 0.07692307 0.295 0.07692307 0.1657519 0.07692307 0.1640845 0.07692307 0.1551045 0.07692307 0.1500374 0.07692307 0.05882138 0.07692307 0.05542171 0.07692307 0.06048882 0.07692307 0.1517049 0.07692307 0.05882138 0.07692307 0.1500374 0.07692307 0.06048882 0.07692307 0.06048882 0.07692307 0.1500374 0.07692307 0.1517049 0.07692307 0 0.07692307 0.4849471 0.07692307 0.507979 0.07692307 0 0.07692307 0.507979 0.07692307 1 0.07692307 1 0.07692307 0.507979 0.07692307 0.5321841 0.07692307 1 0.07692307 0.5321841 0.07692307 0.9501586 0.07692307 0.1517049 0.07692307 0.1606849 0.07692307 0 0.07692307 0 0.07692307 0.1606849 0.07692307 0.295 0.07692307 0 0.07692307 0.295 0.07692307 0.4849471 0.07692307 1 0.07692307 1 0 1 0.07692307 1 0.07692307 1 0 1 0 0 0 0 0.07692307 0 0.07692307 0 0 0 0.07692307 0 0 0.5747354 0.3846154 0.5746474 0.07692307 0.5735747 0.07692307 0.5747354 0.3846154 0.5735747 0.07692307 0.5746632 0.3846154 0.5746632 0.3846154 0.5735747 0.07692307 0.5746633 0.9230769 0.5746633 0.9230769 0.5735747 0.07692307 0.565004 0.9230769 0.565004 0.9230769 0.5735747 0.07692307 0.5573686 0.07692307 0.565004 0.9230769 0.5573686 0.07692307 0.543453 0.923077 0.543453 0.923077 0.5573686 0.07692307 0.5321841 0.07692307 0.543453 0.923077 0.5321841 0.07692307 0.5175212 0.9230769 0.5175212 0.9230769 0.5321841 0.07692307 0.507979 0.07692307 0.5175212 0.9230769 0.507979 0.07692307 0.4944635 0.9230769 0.4944635 0.9230769 0.507979 0.07692307 0.4849471 0.07692307 0.4944635 0.9230769 0.4849471 0.07692307 0.4678158 0.923077 0.4678158 0.923077 0.4849471 0.07692307 0.456547 0.07692307 0.4678158 0.923077 0.456547 0.07692307 0.4489368 0.9230769 0.4489368 0.9230769 0.456547 0.07692307 0.4349961 0.07692307 0.4489368 0.9230769 0.4349961 0.07692307 0.4335597 0.923077 0.4335597 0.923077 0.4349961 0.07692307 0.4253526 0.07692307 0.4335597 0.923077 0.4253526 0.07692307 0.4253368 0.9230769 0.492021 0.07692307 0.4824788 0.923077 0.4678158 0.07692307 0.4678158 0.07692307 0.4824788 0.923077 0.456547 0.9230769 0.4678158 0.07692307 0.456547 0.9230769 0.4426314 0.07692307 0.4426314 0.07692307 0.456547 0.9230769 0.4349961 0.9230769 0.4426314 0.07692307 0.4349961 0.9230769 0.4264253 0.07692307 0.4264253 0.07692307 0.4349961 0.9230769 0.4253367 0.923077 0.4264253 0.07692307 0.4253367 0.923077 0.4253368 0.3846154 0.4264253 0.07692307 0.4253368 0.3846154 0.4252646 0.3846154 0.4264253 0.07692307 0.4252646 0.3846154 0.4253526 0.07692307 0.4253526 0.07692307 0.4252646 0.3846154 0.4253368 0.9230769 0.5747354 0.3846154 0.5746632 0.9230769 0.5746474 0.07692307 0.5746474 0.07692307 0.5746632 0.9230769 0.5664403 0.9230769 0.5746474 0.07692307 0.5664403 0.9230769 0.565004 0.07692307 0.565004 0.07692307 0.5664403 0.9230769 0.5510632 0.9230769 0.565004 0.07692307 0.5510632 0.9230769 0.543453 0.07692307 0.543453 0.07692307 0.5510632 0.9230769 0.5321841 0.9230769 0.543453 0.07692307 0.5321841 0.9230769 0.5150529 0.07692307 0.5150529 0.07692307 0.5321841 0.9230769 0.5055366 0.9230769 0.5150529 0.07692307 0.5055366 0.9230769 0.492021 0.07692307 0.492021 0.07692307 0.5055366 0.9230769 0.4824788 0.923077 1 0 1 0.07692307 0.32 0 0.32 0 1 0.07692307 0.295 0.07692307 0.32 0 0.295 0.07692307 0 0 0 0 0.295 0.07692307 0 0.07692307 1 0.07692307 1 0 1 0.07692307 1 0.07692307 1 0 1 0 0 0 0 0.07692307 0.32 0 0.32 0 0 0.07692307 1 0 1 0 0 0.07692307 1 0.07692307 0 0 0 0 0 0.07692307 0 0.07692307 0 0 0 0.07692307 0.04473018 0 0.04644173 0.07692307 0.04477429 0.07692307 0.04473018 0 0.04477429 0.07692307 0.04655325 0 0.04655325 0 0.04477429 0.07692307 0.0498414 0.07692307 0.04655325 0 0.0498414 0.07692307 0.05542171 0 0.05542171 0 0.0498414 0.07692307 0.05882138 0.07692307 0.05542171 0 0.05882138 0.07692307 0.06044632 0 0.06044632 0 0.05882138 0.07692307 0.05897706 0 0.05897706 0 0.05882138 0.07692307 0.06048882 0.07692307 0.05897706 0 0.06048882 0.07692307 0.05542171 0.07692307 0.05897706 0 0.05542171 0.07692307 0.0498414 0 0.0498414 0 0.05542171 0.07692307 0.04644173 0.07692307 0.0498414 0 0.04644173 0.07692307 0.04473018 0 0.1499933 0 0.1517049 0.07692307 0.1500374 0.07692307 0.1499933 0 0.1500374 0.07692307 0.1518164 0 0.1518164 0 0.1500374 0.07692307 0.1551045 0.07692307 0.1518164 0 0.1551045 0.07692307 0.1606849 0 0.1606849 0 0.1551045 0.07692307 0.1640845 0.07692307 0.1606849 0 0.1640845 0.07692307 0.1657095 0 0.1657095 0 0.1640845 0.07692307 0.1642402 0 0.1642402 0 0.1640845 0.07692307 0.1657519 0.07692307 0.1642402 0 0.1657519 0.07692307 0.1606849 0.07692307 0.1642402 0 0.1606849 0.07692307 0.1551045 0 0.1551045 0 0.1606849 0.07692307 0.1517049 0.07692307 0.1551045 0 0.1517049 0.07692307 0.1499933 0 0.8346901 0 0.8342481 0.07692307 0.8393151 0.07692307 0.8346901 0 0.8393151 0.07692307 0.8428534 0 0.8428534 0 0.8393151 0.07692307 0.8482951 0.07692307 0.8428534 0 0.8482951 0.07692307 0.84992 0 0.84992 0 0.8482951 0.07692307 0.8484507 0 0.8484507 0 0.8482951 0.07692307 0.8499626 0.07692307 0.8484507 0 0.8499626 0.07692307 0.8448955 0.07692307 0.8484507 0 0.8448955 0.07692307 0.8393151 0 0.8393151 0 0.8448955 0.07692307 0.8359154 0.07692307 0.8393151 0 0.8359154 0.07692307 0.834204 0 0.834204 0 0.8359154 0.07692307 0.8342481 0.07692307 0.834204 0 0.8342481 0.07692307 0.8346901 0 0.939467 0 0.9391383 0.07692307 0.9395112 0.07692307 0.939467 0 0.9395112 0.07692307 0.9412901 0 0.9537139 0 0.9552257 0.07692307 0.9501586 0.07692307 0.9537139 0 0.9501586 0.07692307 0.9445783 0 0.9445783 0 0.9501586 0.07692307 0.9422062 0.07692307 0.9445783 0 0.9422062 0.07692307 0.939467 0 0.939467 0 0.9422062 0.07692307 0.9391383 0.07692307 0.9551832 0 0.9535582 0.07692307 0.9537139 0 0.9537139 0 0.9535582 0.07692307 0.9552257 0.07692307 0.9412901 0 0.9395112 0.07692307 0.9445782 0.07692307 0.9412901 0 0.9445782 0.07692307 0.9501586 0 0.9501586 0 0.9445782 0.07692307 0.9535582 0.07692307 0.9501586 0 0.9535582 0.07692307 0.9551832 0 0.487465 0 0.4788048 0.3846154 0.475309 0 0.475309 0 0.4788048 0.3846154 0.474319 0.3846154 0.475309 0 0.474319 0.3846154 0.4756494 0 0.4756494 0 0.474319 0.3846154 0.4788675 0.3846154 0.4756494 0 0.4788675 0.3846154 0.4833021 0 0.512535 0 0.5211952 0.3846154 0.5246911 0 0.5246911 0 0.5211952 0.3846154 0.525681 0.3846154 0.5246911 0 0.525681 0.3846154 0.5243506 0 0.5243506 0 0.525681 0.3846154 0.5211325 0.3846154 0.5243506 0 0.5211325 0.3846154 0.5166979 0 0.5211175 1 0.5211952 0.3846154 0.512535 0 0.5211175 1 0.512535 0 0.50748 1 0.50748 1 0.512535 0 0.4959633 0 0.50748 1 0.4959633 0 0.4906075 1 0.4906075 1 0.4959633 0 0.4833021 0 0.4906075 1 0.4833021 0 0.4788507 1 0.4788507 1 0.4833021 0 0.4788675 0.3846154 0.4788826 1 0.4788048 0.3846154 0.487465 0 0.4788826 1 0.487465 0 0.49252 1 0.49252 1 0.487465 0 0.5040367 0 0.49252 1 0.5040367 0 0.5093925 1 0.5093925 1 0.5040367 0 0.5166979 0 0.5093925 1 0.5166979 0 0.5211493 1 0.5211493 1 0.5166979 0 0.5211325 0.3846154 0.5746632 0.3846154 0.5211325 0.3846154 0.525681 0.3846154 0.5746632 0.3846154 0.525681 0.3846154 0.5747354 0.3846154 0.5747354 0.3846154 0.525681 0.3846154 0.5211952 0.3846154 0.4253368 0.3846154 0.4788675 0.3846154 0.474319 0.3846154 0.4253368 0.3846154 0.474319 0.3846154 0.4252646 0.3846154 0.4252646 0.3846154 0.474319 0.3846154 0.4788048 0.3846154 0.7368421 1 0.5055366 0.9230769 0.7368421 0.9230769 0.5055366 0.9230769 0.7368421 1 0.2631579 0.9230769 0.2631579 0.9230769 0.7368421 1 0.2631579 1 0.2631579 1 0.2631579 1 0.2631579 0.9230769 0.2631579 0.9230769 0.2631579 1 0.2631579 0.9230769 0.2631579 0.9230769 0.2631579 1 0.2631579 1 0.2631579 0.9230769 0.3131813 0.923077 0.3118313 0.9230769 0.3199167 0.9230769 0.3131813 0.923077 0.3157895 0.9230769 0.2631579 0.9230769 0.3131813 0.923077 0.3118313 0.9230769 0.2631579 0.9230769 0.3199167 0.923077 0.3131813 0.923077 0.3118313 0.9230769 0.3166487 0.9230769 0.3157895 0.9230769 0.2631579 0.9230769 0.4944635 0.9230769 0.3280882 0.9230769 0.2631579 0.9230769 0.3280882 0.9230769 0.3199167 0.923077 0.4824788 0.923077 0.5055366 0.9230769 0.2631579 0.9230769 0.3772917 0.9230769 0.3329055 0.9230769 0.4944635 0.9230769 0.4944635 0.9230769 0.3329055 0.9230769 0.3280882 0.9230769 0.2631579 0.9230769 0.3118313 0.9230769 0.3166486 0.923077 0.3329055 0.923077 0.3280882 0.923077 0.3772917 0.923077 0.3157895 0.9230769 0.3280882 0.923077 0.3199167 0.9230769 0.2631579 0.9230769 0.3118313 0.9230769 0.3157895 0.9230769 0.2631579 0.9230769 0.3157895 0.9230769 0.2631579 0.9230769 0.2631579 0.9230769 0.3157895 0.9230769 0.3157895 0.9230769 0.2631579 0.9230769 0.3157895 0.9230769 0.3131813 0.923077 0.3772917 0.9230769 0.4944635 0.9230769 0.3878591 0.923077 0.3878591 0.923077 0.4944635 0.9230769 0.4678158 0.923077 0.3248202 0.9230769 0.3315556 0.923077 0.4824788 0.923077 0.3752988 0.923077 0.3858662 0.9230769 0.4253368 0.9230769 0.2631579 0.9230769 0.3166486 0.923077 0.3248202 0.9230769 0.2631579 0.9230769 0.3248202 0.9230769 0.4824788 0.923077 0.3329055 0.923077 0.3772917 0.923077 0.3315556 0.923077 0.3315556 0.923077 0.3772917 0.923077 0.3740083 0.9230769 0.3166487 0.9230769 0.3248202 0.923077 0.3157895 0.9230769 0.3157895 0.9230769 0.3248202 0.923077 0.4253368 0.9230769 0.3315556 0.923077 0.3752988 0.923077 0.4253368 0.9230769 0.3315556 0.923077 0.4253368 0.9230769 0.3248202 0.923077 0.3329055 0.9230769 0.3772917 0.9230769 0.3752988 0.923077 0.3329055 0.9230769 0.3752988 0.923077 0.3315556 0.923077 0.3812692 0.923077 0.4824788 0.923077 0.3315556 0.923077 0.3812692 0.923077 0.3315556 0.923077 0.3740083 0.9230769 0.4824788 0.923077 0.388584 0.9230769 0.456547 0.9230769 0.4253368 0.9230769 0.3858662 0.9230769 0.4335597 0.923077 0.4335597 0.923077 0.3858662 0.9230769 0.3878591 0.923077 0.4335597 0.923077 0.3878591 0.923077 0.4489368 0.9230769 0.4489368 0.9230769 0.3878591 0.923077 0.4678158 0.923077 0.4253367 0.923077 0.3878591 0.9230769 0.3772917 0.923077 0.4253367 0.923077 0.3772917 0.923077 0.3157895 0.9230769 0.3157895 0.9230769 0.3772917 0.923077 0.3280882 0.923077 0.3878591 0.9230769 0.4253367 0.923077 0.4349961 0.9230769 0.3878591 0.9230769 0.4349961 0.9230769 0.388584 0.9230769 0.388584 0.9230769 0.4349961 0.9230769 0.456547 0.9230769 0.4824788 0.923077 0.3812692 0.923077 0.388584 0.9230769 0.2631579 1 0.4944635 0.9230769 0.2631579 0.9230769 0.2631579 1 0.7368421 1 0.4944635 0.9230769 0.4944635 0.9230769 0.7368421 1 0.7368421 0.9230769 0.7368421 0.9230769 0.7368421 1 0.7368421 0.9230769 0.7368421 0.9230769 0.7368421 1 0.7368421 1 0.7368421 0.9230769 0.6868187 0.923077 0.6881687 0.9230769 0.5175212 0.9230769 0.4944635 0.9230769 0.7368421 0.9230769 0.6259917 0.9230769 0.6187309 0.923077 0.6684445 0.9230769 0.6842105 0.9230769 0.6719118 0.923077 0.6800833 0.9230769 0.6751798 0.9230769 0.5175212 0.9230769 0.7368421 0.9230769 0.6751798 0.9230769 0.7368421 0.9230769 0.6833513 0.923077 0.5175212 0.9230769 0.6751798 0.9230769 0.6684445 0.9230769 0.5175212 0.9230769 0.6684445 0.9230769 0.6187309 0.923077 0.5175212 0.9230769 0.6187309 0.923077 0.6114161 0.9230769 0.5746633 0.9230769 0.612141 0.923077 0.6227083 0.9230769 0.6141338 0.923077 0.5746632 0.9230769 0.6842105 0.9230769 0.6881687 0.9230769 0.6833514 0.9230769 0.6842105 0.9230769 0.6842105 0.9230769 0.6833514 0.9230769 0.6751798 0.923077 0.6842105 0.9230769 0.6800833 0.9230769 0.6868187 0.923077 0.7368421 0.9230769 0.6881687 0.9230769 0.6833513 0.923077 0.5175212 0.9230769 0.6114161 0.9230769 0.543453 0.923077 0.6227083 0.9230769 0.6684445 0.9230769 0.6670945 0.923077 0.7368421 0.9230769 0.6800833 0.923077 0.6868187 0.9230769 0.7368421 0.9230769 0.6868187 0.9230769 0.6881687 0.9230769 0.6842105 0.9230769 0.6751798 0.923077 0.6141338 0.923077 0.6141338 0.923077 0.6751798 0.923077 0.6684445 0.923077 0.6141338 0.923077 0.6684445 0.923077 0.6247012 0.9230769 0.7368421 0.9230769 0.5055366 0.9230769 0.6719118 0.9230769 0.7368421 0.9230769 0.6719118 0.9230769 0.6800833 0.923077 0.7368421 0.9230769 0.6881687 0.9230769 0.6842105 0.9230769 0.7368421 0.9230769 0.6842105 0.9230769 0.7368421 0.9230769 0.7368421 0.9230769 0.6842105 0.9230769 0.6842105 0.9230769 0.7368421 0.9230769 0.6842105 0.9230769 0.6868187 0.923077 0.6684445 0.9230769 0.6227083 0.9230769 0.6259917 0.9230769 0.5746633 0.9230769 0.6227083 0.9230769 0.6670945 0.923077 0.5746633 0.9230769 0.6670945 0.923077 0.6842105 0.9230769 0.6842105 0.9230769 0.6670945 0.923077 0.6719118 0.923077 0.6684445 0.923077 0.6670945 0.923077 0.6227083 0.9230769 0.6227083 0.9230769 0.6670945 0.923077 0.5055366 0.9230769 0.5055366 0.9230769 0.6670945 0.923077 0.6719118 0.9230769 0.612141 0.923077 0.5746633 0.9230769 0.565004 0.9230769 0.612141 0.923077 0.565004 0.9230769 0.6114161 0.9230769 0.6114161 0.9230769 0.565004 0.9230769 0.543453 0.923077 0.6684445 0.923077 0.6227083 0.9230769 0.6247012 0.9230769 0.5321841 0.9230769 0.612141 0.9230769 0.5055366 0.9230769 0.5055366 0.9230769 0.612141 0.9230769 0.6227083 0.9230769 0.5746632 0.9230769 0.6141338 0.923077 0.5664403 0.9230769 0.5664403 0.9230769 0.6141338 0.923077 0.612141 0.9230769 0.5664403 0.9230769 0.612141 0.9230769 0.5510632 0.9230769 0.5510632 0.9230769 0.612141 0.9230769 0.5321841 0.9230769 0 0 0.01315784 0 0 0.07692307 0 0.07692307 0.01315784 0 0.01315784 0.07692307 0.01315784 0 0.01315784 0 0.01315784 0.07692307 0.01315784 0.07692307 0.01315784 0 0.01315784 0.07692307 0.01315784 0 0 0 0.01315784 0.07692307 0.01315784 0.07692307 0 0 0 0.07692307 1 0 0.9868421 0 1 0.07692307 1 0.07692307 0.9868421 0 0.9868421 0.07692307 0.9868421 0 0.9868421 0 0.9868421 0.07692307 0.9868421 0.07692307 0.9868421 0 0.9868421 0.07692307 0.9868421 0 1 0 0.9868421 0.07692307 0.9868421 0.07692307 1 0 1 0.07692307 0.6670945 0.923077 0.6670945 1 0.6684445 1 0.6670945 0.923077 0.6684445 1 0.6719118 0.9230769 0.6719118 0.9230769 0.6684445 1 0.6751798 1 0.6719118 0.9230769 0.6751798 1 0.6800833 0.923077 0.6800833 0.923077 0.6751798 1 0.6833514 1 0.6800833 0.923077 0.6833514 1 0.6868187 0.9230769 0.6868187 0.9230769 0.6833514 1 0.6881687 1 0.6868187 0.9230769 0.6881687 1 0.6881687 0.9230769 0.6881687 0.9230769 0.6881687 1 0.6868188 1 0.6881687 0.9230769 0.6868188 1 0.6833514 0.9230769 0.6833514 0.9230769 0.6868188 1 0.6800833 1 0.6833514 0.9230769 0.6800833 1 0.6751798 0.923077 0.6751798 0.923077 0.6800833 1 0.6719118 1 0.6751798 0.923077 0.6719118 1 0.6684445 0.923077 0.6684445 0.923077 0.6719118 1 0.6670945 1 0.6684445 0.923077 0.6670945 1 0.6670945 0.923077 0.612141 0.9230769 0.612141 1 0.6141338 1 0.612141 0.9230769 0.6141338 1 0.6227083 0.9230769 0.6227083 0.9230769 0.6141338 1 0.6247012 1 0.6227083 0.9230769 0.6247012 1 0.6247012 0.9230769 0.6247012 0.9230769 0.6247012 1 0.6227083 1 0.6247012 0.9230769 0.6227083 1 0.6141338 0.923077 0.6141338 0.923077 0.6227083 1 0.612141 1 0.6141338 0.923077 0.612141 1 0.612141 0.9230769 0.6670945 0.923077 0.6670945 1 0.6684444 1 0.6670945 0.923077 0.6684444 1 0.6719118 0.923077 0.6719118 0.923077 0.6684444 1 0.6751798 1 0.6719118 0.923077 0.6751798 1 0.6800833 0.9230769 0.6800833 0.9230769 0.6751798 1 0.6833514 1 0.6800833 0.9230769 0.6833514 1 0.6868187 0.923077 0.6868187 0.923077 0.6833514 1 0.6881687 1 0.6868187 0.923077 0.6881687 1 0.6881687 0.9230769 0.6881687 0.9230769 0.6881687 1 0.6868188 1 0.6881687 0.9230769 0.6868188 1 0.6833513 0.923077 0.6833513 0.923077 0.6868188 1 0.6800833 1 0.6833513 0.923077 0.6800833 1 0.6751798 0.9230769 0.6751798 0.9230769 0.6800833 1 0.6719118 1 0.6751798 0.9230769 0.6719118 1 0.6684445 0.9230769 0.6684445 0.9230769 0.6719118 1 0.6670945 1 0.6684445 0.9230769 0.6670945 1 0.6670945 0.923077 0.612141 0.923077 0.612141 1 0.6141338 1 0.612141 0.923077 0.6141338 1 0.6227083 0.9230769 0.6227083 0.9230769 0.6141338 1 0.6247012 1 0.6227083 0.9230769 0.6247012 1 0.6259917 0.9230769 0.6259917 0.9230769 0.6247012 1 0.6227083 1 0.6259917 0.9230769 0.6227083 1 0.6187309 0.923077 0.6187309 0.923077 0.6227083 1 0.612141 1 0.6187309 0.923077 0.612141 1 0.6114161 0.9230769 0.6114161 0.9230769 0.612141 1 0.612141 0.923077 0.3752988 0.923077 0.3752988 1 0.3772917 1 0.3752988 0.923077 0.3772917 1 0.3858662 0.9230769 0.3858662 0.9230769 0.3772917 1 0.3878591 1 0.3858662 0.9230769 0.3878591 1 0.3878591 0.923077 0.3878591 0.923077 0.3878591 1 0.3858662 1 0.3878591 0.923077 0.3858662 1 0.3772917 0.9230769 0.3772917 0.9230769 0.3858662 1 0.3752988 1 0.3772917 0.9230769 0.3752988 1 0.3752988 0.923077 0.3118313 0.9230769 0.3118313 1 0.3131813 1 0.3118313 0.9230769 0.3131813 1 0.3166487 0.9230769 0.3166487 0.9230769 0.3131813 1 0.3199167 1 0.3166487 0.9230769 0.3199167 1 0.3248202 0.923077 0.3248202 0.923077 0.3199167 1 0.3280882 1 0.3248202 0.923077 0.3280882 1 0.3315556 0.923077 0.3315556 0.923077 0.3280882 1 0.3329055 1 0.3315556 0.923077 0.3329055 1 0.3329055 0.9230769 0.3329055 0.9230769 0.3329055 1 0.3315556 1 0.3329055 0.9230769 0.3315556 1 0.3280882 0.9230769 0.3280882 0.9230769 0.3315556 1 0.3248202 1 0.3280882 0.9230769 0.3248202 1 0.3199167 0.923077 0.3199167 0.923077 0.3248202 1 0.3166486 1 0.3199167 0.923077 0.3166486 1 0.3131813 0.923077 0.3131813 0.923077 0.3166486 1 0.3118313 1 0.3131813 0.923077 0.3118313 1 0.3118313 0.9230769 0.3118313 0.9230769 0.3118313 1 0.3131813 1 0.3118313 0.9230769 0.3131813 1 0.3166486 0.923077 0.3166486 0.923077 0.3131813 1 0.3199167 1 0.3166486 0.923077 0.3199167 1 0.3248202 0.9230769 0.3248202 0.9230769 0.3199167 1 0.3280882 1 0.3248202 0.9230769 0.3280882 1 0.3315556 0.923077 0.3315556 0.923077 0.3280882 1 0.3329055 1 0.3315556 0.923077 0.3329055 1 0.3329055 0.923077 0.3329055 0.923077 0.3329055 1 0.3294063 1 0.3329055 0.923077 0.3294063 1 0.3280882 0.923077 0.3280882 0.923077 0.3294063 1 0.3199167 0.9230769 0.3199167 0.9230769 0.3294063 1 0.3178972 1 0.3199167 0.9230769 0.3178972 1 0.3131813 0.923077 0.3131813 0.923077 0.3178972 1 0.3118313 1 0.3131813 0.923077 0.3118313 1 0.3118313 0.9230769 0.3740083 0.9230769 0.3752988 1 0.3772917 1 0.3740083 0.9230769 0.3772917 1 0.3812692 0.923077 0.3812692 0.923077 0.3772917 1 0.3878591 1 0.3812692 0.923077 0.3878591 1 0.388584 0.9230769 0.388584 0.9230769 0.3878591 1 0.3878591 0.9230769 0.3878591 0.9230769 0.3878591 1 0.3858662 1 0.3878591 0.9230769 0.3858662 1 0.3772917 0.923077 0.3772917 0.923077 0.3858662 1 0.3752988 1 0.3772917 0.923077 0.3752988 1 0.3740083 0.9230769 0.4937198 0.8461539 0.4937198 1 0.4957128 1 0.4937198 0.8461539 0.4957128 1 0.5042873 0.8461539 0.5042873 0.8461539 0.4957128 1 0.5062802 1 0.5042873 0.8461539 0.5062802 1 0.5062802 0.8461539 0.5062802 0.8461539 0.5062802 1 0.5042873 1 0.5062802 0.8461539 0.5042873 1 0.4957127 0.8461539 0.4957127 0.8461539 0.5042873 1 0.4937198 1 0.4957127 0.8461539 0.4937198 1 0.4937198 0.8461539 0.4957127 0.8461539 0.5042873 0.8461539 0.5062802 0.8461539 0.4957127 0.8461539 0.4937198 0.8461539 0.5042873 0.8461539 0.4937198 0.8461539 0.4937198 1 0.4957128 1 0.4937198 0.8461539 0.4957128 1 0.5042873 0.8461539 0.5042873 0.8461539 0.4957128 1 0.5062801 1 0.5042873 0.8461539 0.5062801 1 0.5062802 0.8461539 0.5062802 0.8461539 0.5062801 1 0.5042873 1 0.5062802 0.8461539 0.5042873 1 0.4957128 0.8461539 0.4957128 0.8461539 0.5042873 1 0.4937198 1 0.4957128 0.8461539 0.4937198 1 0.4937198 0.8461539 0.5042873 0.8461539 0.4957128 0.8461539 0.4937198 0.8461539 0.5042873 0.8461539 0.5062802 0.8461539 0.4957128 0.8461539 0.3157895 0.9230769 0.3157894 1 0.3157895 0.9230769 0.3157895 0.9230769 0.3157894 1 0.3157894 1 0.6842105 1 0.6842105 0.9230769 0.6842106 1 0.6842106 1 0.6842105 0.9230769 0.6842105 0.9230769</float_array>
          <technique_common>
            <accessor source="#Shape_IndexedFaceSet_865-mesh-map-0-array" count="9954" stride="2">
              <param name="S" type="float"/>
              <param name="T" type="float"/>
            </accessor>
          </technique_common>
        </source>
        <vertices id="Shape_IndexedFaceSet_865-mesh-vertices">
          <input semantic="POSITION" source="#Shape_IndexedFaceSet_865-mesh-positions"/>
        </vertices>
        <triangles material="Shape_901-material" count="62">
          <input semantic="VERTEX" source="#Shape_IndexedFaceSet_865-mesh-vertices" offset="0"/>
          <input semantic="NORMAL" source="#Shape_IndexedFaceSet_865-mesh-normals" offset="1"/>
          <input semantic="TEXCOORD" source="#Shape_IndexedFaceSet_865-mesh-map-0" offset="2" set="0"/>
          <p>21 0 0 2 0 1 22 0 2 22 0 3 2 0 4 3 0 5 31 1 6 21 1 7 32 1 8 32 2 9 21 2 10 22 2 11 29 3 12 31 3 13 30 3 14 30 4 15 31 4 16 32 4 17 16 5 18 29 5 19 17 5 20 17 6 21 29 6 22 30 6 23 0 7 24 16 7 25 1 7 26 1 8 27 16 8 28 17 8 29 2 9 30 0 9 31 3 9 32 3 10 33 0 10 34 1 10 35 5 11 36 12 11 37 0 11 38 0 12 39 12 12 40 16 12 41 2 13 42 5 13 43 0 13 44 23 14 45 27 14 46 29 14 47 21 15 48 15 15 49 2 15 50 2 14 51 15 14 52 7 14 53 2 16 54 7 16 55 5 16 56 12 17 57 23 17 58 16 17 59 16 14 60 23 14 61 29 14 62 29 14 63 27 14 64 31 14 65 31 14 66 27 14 67 15 14 68 31 14 69 15 14 70 21 14 71 30 18 72 19 18 73 17 18 74 3 19 75 11 19 76 22 19 77 32 18 78 25 18 79 30 18 80 30 20 81 25 20 82 19 20 83 11 21 84 25 21 85 22 21 86 22 22 87 25 22 88 32 22 89 1 18 90 9 18 91 3 18 92 3 18 93 9 18 94 11 18 95 19 18 96 9 18 97 17 18 98 17 23 99 9 23 100 1 23 101 18 24 102 24 25 103 20 26 104 20 27 105 24 28 106 10 29 107 10 30 108 8 31 109 20 32 110 8 33 111 18 34 112 20 35 113 18 36 114 19 37 115 24 38 116 24 39 117 19 40 118 25 41 119 24 42 120 25 43 121 10 44 122 10 45 123 25 46 124 11 47 125 10 48 126 11 49 127 8 50 128 8 51 129 11 52 130 9 53 131 8 54 132 9 55 133 18 56 134 18 57 135 9 58 136 19 59 137 7 60 138 4 61 139 5 62 140 5 63 141 4 64 142 6 65 143 5 66 144 6 67 145 12 68 146 12 69 147 6 70 148 14 71 149 12 72 150 14 73 151 23 74 152 23 75 153 14 76 154 28 77 155 23 78 156 28 79 157 27 80 158 27 81 159 28 82 160 26 83 161 27 84 162 26 85 163 15 86 164 15 87 165 26 88 166 13 89 167 15 90 168 13 91 169 7 92 170 7 93 171 13 94 172 4 95 173 4 14 174 14 14 175 6 14 176 28 14 177 14 14 178 4 14 179 26 14 180 28 14 181 4 14 182 4 14 183 13 14 184 26 14 185</p>
        </triangles>
        <triangles material="Shape_902-material" count="62">
          <input semantic="VERTEX" source="#Shape_IndexedFaceSet_865-mesh-vertices" offset="0"/>
          <input semantic="NORMAL" source="#Shape_IndexedFaceSet_865-mesh-normals" offset="1"/>
          <input semantic="TEXCOORD" source="#Shape_IndexedFaceSet_865-mesh-map-0" offset="2" set="0"/>
          <p>54 96 186 35 96 187 55 96 188 55 97 189 35 97 190 36 97 191 64 98 192 54 98 193 65 98 194 65 99 195 54 99 196 55 99 197 62 3 198 64 3 199 63 3 200 63 4 201 64 4 202 65 4 203 49 100 204 62 100 205 50 100 206 50 101 207 62 101 208 63 101 209 33 102 210 49 102 211 34 102 212 34 103 213 49 103 214 50 103 215 35 9 216 33 9 217 36 9 218 36 10 219 33 10 220 34 10 221 38 104 222 45 104 223 33 104 224 33 12 225 45 12 226 49 12 227 35 105 228 38 105 229 33 105 230 56 106 231 60 106 232 62 106 233 54 107 234 48 107 235 35 107 236 35 14 237 48 14 238 40 14 239 35 108 240 40 108 241 38 108 242 45 14 243 56 14 244 49 14 245 49 14 246 56 14 247 62 14 248 62 14 249 60 14 250 64 14 251 64 14 252 60 14 253 48 14 254 64 14 255 48 14 256 54 14 257 63 109 258 52 109 259 50 109 260 36 110 261 44 110 262 55 110 263 65 111 264 58 111 265 63 111 266 63 112 267 58 112 268 52 112 269 44 18 270 58 18 271 55 18 272 55 113 273 58 113 274 65 113 275 34 18 276 42 18 277 36 18 278 36 114 279 42 114 280 44 114 281 52 115 282 42 115 283 50 115 284 50 116 285 42 116 286 34 116 287 51 117 288 57 118 289 53 119 290 53 120 291 57 121 292 43 122 293 43 123 294 41 124 295 53 125 296 41 126 297 51 127 298 53 128 299 51 129 300 52 130 301 57 131 302 57 132 303 52 133 304 58 134 305 57 135 306 58 136 307 43 137 308 43 138 309 58 139 310 44 140 311 43 141 312 44 142 313 41 143 314 41 144 315 44 145 316 42 146 317 41 147 318 42 148 319 51 149 320 51 150 321 42 151 322 52 152 323 40 153 324 37 154 325 38 155 326 38 156 327 37 157 328 39 158 329 38 159 330 39 160 331 45 161 332 45 162 333 39 163 334 47 164 335 45 165 336 47 166 337 56 167 338 56 168 339 47 169 340 61 170 341 56 171 342 61 172 343 60 173 344 60 174 345 61 175 346 59 176 347 60 177 348 59 178 349 48 179 350 48 180 351 59 181 352 46 182 353 48 183 354 46 184 355 40 185 356 40 186 357 46 187 358 37 188 359 37 14 360 47 14 361 39 14 362 61 14 363 47 14 364 37 14 365 59 14 366 61 14 367 37 14 368 37 14 369 46 14 370 59 14 371</p>
        </triangles>
        <triangles material="Shape_903-material" count="62">
          <input semantic="VERTEX" source="#Shape_IndexedFaceSet_865-mesh-vertices" offset="0"/>
          <input semantic="NORMAL" source="#Shape_IndexedFaceSet_865-mesh-normals" offset="1"/>
          <input semantic="TEXCOORD" source="#Shape_IndexedFaceSet_865-mesh-map-0" offset="2" set="0"/>
          <p>87 189 372 68 189 373 88 189 374 88 0 375 68 0 376 69 0 377 97 190 378 87 190 379 98 190 380 98 191 381 87 191 382 88 191 383 95 192 384 97 192 385 96 192 386 96 4 387 97 4 388 98 4 389 82 193 390 95 193 391 83 193 392 83 6 393 95 6 394 96 6 395 66 194 396 82 194 397 67 194 398 67 195 399 82 195 400 83 195 401 68 196 402 66 196 403 69 196 404 69 10 405 66 10 406 67 10 407 71 11 408 78 11 409 66 11 410 66 197 411 78 197 412 82 197 413 68 105 414 71 105 415 66 105 416 89 14 417 93 14 418 95 14 419 87 15 420 81 15 421 68 15 422 68 14 423 81 14 424 73 14 425 68 198 426 73 198 427 71 198 428 78 199 429 89 199 430 82 199 431 82 14 432 89 14 433 95 14 434 95 14 435 93 14 436 97 14 437 97 14 438 93 14 439 81 14 440 97 14 441 81 14 442 87 14 443 96 200 444 85 200 445 83 200 446 69 201 447 77 201 448 88 201 449 98 18 450 91 18 451 96 18 452 96 202 453 91 202 454 85 202 455 77 203 456 91 203 457 88 203 458 88 204 459 91 204 460 98 204 461 67 205 462 75 205 463 69 205 464 69 20 465 75 20 466 77 20 467 85 18 468 75 18 469 83 18 470 83 206 471 75 206 472 67 206 473 84 207 474 90 208 475 86 209 476 86 210 477 90 211 478 76 212 479 76 213 480 74 214 481 86 215 482 74 216 483 84 217 484 86 218 485 84 36 486 85 219 487 90 220 488 90 221 489 85 222 490 91 223 491 90 224 492 91 225 493 76 226 494 76 227 495 91 228 496 77 229 497 76 230 498 77 231 499 74 232 500 74 233 501 77 234 502 75 235 503 74 236 504 75 237 505 84 238 506 84 239 507 75 240 508 85 241 509 73 242 510 70 243 511 71 244 512 71 245 513 70 246 514 72 247 515 71 248 516 72 249 517 78 250 518 78 251 519 72 252 520 80 253 521 78 254 522 80 255 523 89 256 524 89 257 525 80 258 526 94 259 527 89 260 528 94 261 529 93 262 530 93 263 531 94 264 532 92 265 533 93 266 534 92 267 535 81 268 536 81 269 537 92 270 538 79 271 539 81 272 540 79 273 541 73 274 542 73 275 543 79 276 544 70 277 545 70 14 546 80 14 547 72 14 548 94 14 549 80 14 550 70 14 551 92 14 552 94 14 553 70 14 554 70 14 555 79 14 556 92 14 557</p>
        </triangles>
        <triangles material="Shape_904-material" count="160">
          <input semantic="VERTEX" source="#Shape_IndexedFaceSet_865-mesh-vertices" offset="0"/>
          <input semantic="NORMAL" source="#Shape_IndexedFaceSet_865-mesh-normals" offset="1"/>
          <input semantic="TEXCOORD" source="#Shape_IndexedFaceSet_865-mesh-map-0" offset="2" set="0"/>
          <p>127 14 558 118 14 559 109 14 560 120 14 561 111 14 562 103 14 563 103 14 564 111 14 565 101 14 566 125 14 567 101 14 568 109 14 569 101 14 570 111 14 571 109 14 572 109 14 573 111 14 574 127 14 575 116 14 576 129 14 577 136 14 578 116 14 579 136 14 580 167 14 581 169 14 582 163 14 583 155 14 584 167 14 585 136 14 586 138 14 587 149 14 588 164 14 589 167 14 590 167 14 591 164 14 592 169 14 593 169 14 594 155 14 595 103 14 596 103 14 597 155 14 598 120 14 599 149 14 600 134 14 601 125 14 602 134 14 603 131 14 604 125 14 605 164 14 606 151 14 607 153 14 608 164 14 609 153 14 610 169 14 611 169 14 612 153 14 613 163 14 614 149 14 615 139 14 616 134 14 617 125 14 618 131 14 619 116 14 620 116 14 621 131 14 622 129 14 623 167 14 624 138 14 625 139 14 626 167 14 627 139 14 628 149 14 629 118 14 630 127 14 631 151 14 632 151 14 633 127 14 634 153 14 635 125 14 636 116 14 637 101 14 638 99 14 639 107 14 640 123 14 641 101 14 642 116 14 643 107 14 644 101 14 645 107 14 646 99 14 647 99 14 648 105 14 649 121 14 650 123 14 651 114 14 652 99 14 653 99 14 654 114 14 655 105 14 656 99 14 657 121 14 658 165 14 659 165 14 660 121 14 661 141 14 662 167 14 663 160 14 664 147 14 665 167 14 666 147 14 667 116 14 668 165 14 669 141 14 670 158 14 671 165 14 672 158 14 673 167 14 674 158 14 675 143 14 676 145 14 677 158 14 678 145 14 679 167 14 680 167 14 681 145 14 682 160 14 683 114 14 684 123 14 685 143 14 686 143 14 687 123 14 688 145 14 689 124 278 690 133 278 691 130 278 692 168 18 693 137 18 694 124 18 695 124 18 696 137 18 697 133 18 698 140 279 699 161 279 700 150 279 701 162 18 702 154 18 703 152 18 704 156 18 705 162 18 706 170 18 707 170 18 708 162 18 709 152 18 710 170 280 711 152 280 712 161 280 713 170 18 714 161 18 715 168 18 716 150 281 717 132 281 718 135 281 719 124 282 720 130 282 721 132 282 722 117 18 723 132 18 724 150 18 725 168 283 726 161 283 727 137 283 728 137 284 729 161 284 730 140 284 731 150 285 732 135 285 733 140 285 734 104 18 735 128 18 736 170 18 737 170 286 738 128 286 739 156 286 740 110 18 741 126 18 742 119 18 743 119 287 744 126 287 745 154 287 746 154 288 747 126 288 748 152 288 749 102 289 750 117 289 751 110 289 752 110 290 753 119 290 754 102 290 755 102 291 756 119 291 757 104 291 758 104 292 759 119 292 760 112 292 761 104 293 762 112 293 763 128 293 764 166 294 765 157 294 766 142 294 767 148 18 768 159 18 769 168 18 770 168 18 771 159 18 772 144 18 773 168 295 774 144 295 775 166 295 776 166 296 777 144 296 778 157 296 779 166 18 780 142 18 781 100 18 782 159 18 783 146 18 784 144 18 785 102 18 786 124 18 787 117 18 788 117 18 789 124 18 790 132 18 791 142 18 792 113 18 793 100 18 794 168 297 795 124 297 796 148 297 797 144 18 798 146 18 799 122 18 800 122 298 801 146 298 802 115 298 803 106 18 804 122 18 805 115 18 806 100 299 807 115 299 808 102 299 809 102 18 810 115 18 811 108 18 812 102 300 813 108 300 814 124 300 815 113 18 816 106 18 817 100 18 818 100 301 819 106 301 820 115 301 821 169 302 822 170 302 823 167 302 824 167 302 825 170 302 826 168 302 827 167 302 828 168 302 829 165 302 830 165 302 831 168 302 832 166 302 833 103 303 834 104 303 835 169 303 836 169 303 837 104 303 838 170 303 839 99 304 840 100 304 841 101 304 842 101 305 843 100 305 844 102 305 845 101 306 846 102 306 847 103 306 848 103 304 849 102 304 850 104 304 851 165 307 852 166 307 853 99 307 854 99 307 855 166 307 856 100 307 857 129 308 858 130 309 859 133 310 860 129 311 861 133 312 862 136 313 863 136 314 864 133 315 865 137 316 866 136 317 867 137 318 868 138 319 869 139 320 870 140 321 871 135 322 872 139 323 873 135 324 874 134 325 875 134 326 876 135 327 877 132 328 878 134 329 879 132 330 880 131 331 881 137 332 882 140 332 883 138 332 884 138 333 885 140 333 886 139 333 887 130 334 888 129 334 889 132 334 890 132 335 891 129 335 892 131 335 893 121 336 894 113 336 895 141 336 896 141 337 897 113 337 898 142 337 899 141 338 900 142 339 901 157 340 902 141 341 903 157 342 904 158 343 905 158 344 906 157 345 907 144 346 908 158 347 909 144 348 910 143 349 911 143 350 912 144 350 913 114 350 914 114 351 915 144 351 916 122 351 917 114 352 918 122 353 919 106 354 920 114 355 921 106 356 922 105 357 923 105 358 924 106 359 925 113 360 926 105 361 927 113 362 928 121 363 929 123 364 930 115 364 931 145 364 932 145 365 933 115 365 934 146 365 935 145 366 936 146 367 937 159 368 938 145 369 939 159 370 940 160 371 941 160 372 942 159 373 943 148 374 944 160 375 945 148 376 946 147 377 947 147 378 948 148 378 949 116 378 950 116 379 951 148 379 952 124 379 953 116 380 954 124 381 955 108 382 956 116 383 957 108 384 958 107 385 959 107 386 960 108 387 961 115 388 962 107 389 963 115 390 964 123 391 965 149 392 966 150 393 967 161 394 968 149 395 969 161 396 970 164 397 971 164 398 972 161 399 973 152 400 974 164 401 975 152 402 976 151 403 977 151 404 978 152 404 979 118 404 980 118 405 981 152 405 982 126 405 983 118 406 984 126 407 985 110 408 986 118 409 987 110 410 988 109 411 989 109 412 990 110 413 991 117 414 992 109 415 993 117 416 994 125 417 995 125 418 996 117 418 997 149 418 998 149 419 999 117 419 1000 150 419 1001 127 420 1002 119 420 1003 153 420 1004 153 421 1005 119 421 1006 154 421 1007 120 422 1008 128 423 1009 112 424 1010 120 425 1011 112 426 1012 111 427 1013 111 428 1014 112 429 1015 119 430 1016 111 431 1017 119 432 1018 127 433 1019 155 434 1020 156 434 1021 120 434 1022 120 435 1023 156 435 1024 128 435 1025 153 436 1026 154 437 1027 162 438 1028 153 439 1029 162 440 1030 163 441 1031 163 442 1032 162 443 1033 156 444 1034 163 445 1035 156 446 1036 155 447 1037</p>
        </triangles>
        <triangles material="Shape_905-material" count="62">
          <input semantic="VERTEX" source="#Shape_IndexedFaceSet_865-mesh-vertices" offset="0"/>
          <input semantic="NORMAL" source="#Shape_IndexedFaceSet_865-mesh-normals" offset="1"/>
          <input semantic="TEXCOORD" source="#Shape_IndexedFaceSet_865-mesh-map-0" offset="2" set="0"/>
          <p>192 448 1038 173 448 1039 193 448 1040 193 97 1041 173 97 1042 174 97 1043 202 449 1044 192 449 1045 203 449 1046 203 450 1047 192 450 1048 193 450 1049 200 192 1050 202 192 1051 201 192 1052 201 4 1053 202 4 1054 203 4 1055 187 101 1056 200 101 1057 188 101 1058 188 101 1059 200 101 1060 201 101 1061 171 451 1062 187 451 1063 172 451 1064 172 452 1065 187 452 1066 188 452 1067 173 196 1068 171 196 1069 174 196 1070 174 10 1071 171 10 1072 172 10 1073 176 104 1074 183 104 1075 171 104 1076 171 453 1077 183 453 1078 187 453 1079 173 13 1080 176 13 1081 171 13 1082 194 454 1083 198 454 1084 200 454 1085 192 107 1086 186 107 1087 173 107 1088 173 14 1089 186 14 1090 178 14 1091 173 455 1092 178 455 1093 176 455 1094 183 14 1095 194 14 1096 187 14 1097 187 14 1098 194 14 1099 200 14 1100 200 14 1101 198 14 1102 202 14 1103 202 14 1104 198 14 1105 186 14 1106 202 14 1107 186 14 1108 192 14 1109 201 456 1110 190 456 1111 188 456 1112 174 18 1113 182 18 1114 193 18 1115 203 18 1116 196 18 1117 201 18 1118 201 18 1119 196 18 1120 190 18 1121 182 18 1122 196 18 1123 193 18 1124 193 457 1125 196 457 1126 203 457 1127 172 18 1128 180 18 1129 174 18 1130 174 112 1131 180 112 1132 182 112 1133 190 458 1134 180 458 1135 188 458 1136 188 459 1137 180 459 1138 172 459 1139 189 460 1140 195 461 1141 191 462 1142 191 463 1143 195 121 1144 181 464 1145 181 465 1146 179 466 1147 191 467 1148 179 468 1149 189 469 1150 191 470 1151 189 129 1152 190 130 1153 195 471 1154 195 472 1155 190 473 1156 196 474 1157 195 475 1158 196 476 1159 181 477 1160 181 478 1161 196 479 1162 182 480 1163 181 481 1164 182 482 1165 179 483 1166 179 484 1167 182 485 1168 180 486 1169 179 487 1170 180 488 1171 189 489 1172 189 490 1173 180 491 1174 190 492 1175 178 493 1176 175 494 1177 176 495 1178 176 496 1179 175 497 1180 177 498 1181 176 499 1182 177 500 1183 183 501 1184 183 502 1185 177 503 1186 185 504 1187 183 505 1188 185 506 1189 194 507 1190 194 508 1191 185 509 1192 199 510 1193 194 511 1194 199 512 1195 198 513 1196 198 514 1197 199 515 1198 197 516 1199 198 517 1200 197 518 1201 186 519 1202 186 520 1203 197 521 1204 184 522 1205 186 523 1206 184 524 1207 178 525 1208 178 526 1209 184 527 1210 175 528 1211 175 14 1212 185 14 1213 177 14 1214 199 14 1215 185 14 1216 175 14 1217 197 14 1218 199 14 1219 175 14 1220 175 14 1221 184 14 1222 197 14 1223</p>
        </triangles>
        <triangles material="Shape_906-material" count="324">
          <input semantic="VERTEX" source="#Shape_IndexedFaceSet_865-mesh-vertices" offset="0"/>
          <input semantic="NORMAL" source="#Shape_IndexedFaceSet_865-mesh-normals" offset="1"/>
          <input semantic="TEXCOORD" source="#Shape_IndexedFaceSet_865-mesh-map-0" offset="2" set="0"/>
          <p>284 529 1224 281 529 1225 285 529 1226 285 530 1227 281 530 1228 279 530 1229 270 531 1230 269 531 1231 244 531 1232 244 532 1233 269 532 1234 243 532 1235 316 302 1236 317 302 1237 328 302 1238 328 302 1239 317 302 1240 329 302 1241 233 304 1242 234 304 1243 235 304 1244 235 304 1245 234 304 1246 236 304 1247 290 14 1248 286 14 1249 282 14 1250 267 14 1251 311 14 1252 246 14 1253 316 14 1254 314 14 1255 237 14 1256 237 533 1257 314 533 1258 260 533 1259 254 14 1260 267 14 1261 246 14 1262 237 534 1263 260 534 1264 254 534 1265 237 14 1266 254 14 1267 246 14 1268 324 535 1269 314 535 1270 316 535 1271 311 536 1272 324 536 1273 316 536 1274 239 537 1275 250 537 1276 263 537 1277 326 538 1278 325 538 1279 301 538 1280 263 14 1281 299 14 1282 298 14 1283 299 539 1284 325 539 1285 298 539 1286 298 14 1287 325 14 1288 326 14 1289 233 540 1290 261 540 1291 294 540 1292 263 14 1293 298 14 1294 239 14 1295 239 14 1296 298 14 1297 296 14 1298 239 541 1299 296 541 1300 257 541 1301 257 542 1302 248 542 1303 233 542 1304 233 543 1305 248 543 1306 261 543 1307 319 544 1308 296 544 1309 298 544 1310 292 545 1311 294 545 1312 319 545 1313 292 14 1314 319 14 1315 298 14 1316 311 546 1317 322 546 1318 309 546 1319 306 547 1320 308 547 1321 322 547 1322 306 548 1323 322 548 1324 311 548 1325 245 14 1326 265 14 1327 306 14 1328 306 549 1329 265 549 1330 308 549 1331 311 550 1332 309 550 1333 246 550 1334 245 551 1335 246 551 1336 252 551 1337 245 552 1338 252 552 1339 265 552 1340 326 553 1341 292 553 1342 298 553 1343 326 554 1344 330 554 1345 336 554 1346 326 14 1347 336 14 1348 344 14 1349 336 14 1350 341 14 1351 344 14 1352 344 14 1353 341 14 1354 346 14 1355 304 555 1356 333 555 1357 326 555 1358 326 556 1359 333 556 1360 330 556 1361 346 557 1362 341 557 1363 333 557 1364 346 14 1365 333 14 1366 304 14 1367 328 14 1368 335 14 1369 304 14 1370 343 14 1371 335 14 1372 328 14 1373 338 14 1374 346 14 1375 304 14 1376 346 558 1377 338 558 1378 348 558 1379 348 559 1380 338 559 1381 343 559 1382 348 14 1383 343 14 1384 328 14 1385 328 14 1386 306 14 1387 311 14 1388 328 560 1389 311 560 1390 316 560 1391 245 14 1392 231 14 1393 237 14 1394 245 561 1395 237 561 1396 246 561 1397 208 562 1398 217 562 1399 212 562 1400 208 14 1401 212 14 1402 206 14 1403 231 563 1404 226 563 1405 217 563 1406 231 14 1407 217 14 1408 208 14 1409 229 564 1410 221 564 1411 231 564 1412 231 565 1413 221 565 1414 226 565 1415 210 14 1416 218 14 1417 204 14 1418 204 14 1419 218 14 1420 235 14 1421 206 566 1422 215 566 1423 204 566 1424 204 14 1425 215 14 1426 210 14 1427 227 567 1428 224 567 1429 215 567 1430 218 14 1431 219 14 1432 235 14 1433 235 14 1434 227 14 1435 243 14 1436 241 14 1437 250 14 1438 239 14 1439 241 14 1440 239 14 1441 235 14 1442 235 568 1443 239 568 1444 233 568 1445 239 14 1446 257 14 1447 233 14 1448 306 14 1449 282 14 1450 277 14 1451 306 14 1452 277 14 1453 245 14 1454 245 569 1455 277 569 1456 273 569 1457 245 14 1458 273 14 1459 231 14 1460 288 570 1461 290 570 1462 304 570 1463 306 14 1464 290 14 1465 282 14 1466 281 14 1467 284 14 1468 288 14 1469 241 14 1470 269 14 1471 301 14 1472 301 571 1473 269 571 1474 278 571 1475 301 572 1476 278 572 1477 281 572 1478 301 14 1479 281 14 1480 288 14 1481 235 14 1482 243 14 1483 241 14 1484 241 573 1485 243 573 1486 269 573 1487 219 14 1488 224 14 1489 235 14 1490 235 574 1491 224 574 1492 227 574 1493 273 14 1494 271 14 1495 231 14 1496 231 14 1497 271 14 1498 229 14 1499 326 575 1500 301 575 1501 288 575 1502 326 576 1503 288 576 1504 304 576 1505 304 14 1506 290 14 1507 328 14 1508 328 14 1509 290 14 1510 306 14 1511 294 14 1512 292 14 1513 233 14 1514 215 14 1515 206 14 1516 227 14 1517 227 14 1518 206 14 1519 229 14 1520 229 14 1521 206 14 1522 212 14 1523 229 577 1524 212 577 1525 221 577 1526 232 18 1527 230 18 1528 272 18 1529 323 18 1530 313 18 1531 312 18 1532 317 578 1533 315 578 1534 323 578 1535 317 579 1536 323 579 1537 312 579 1538 238 18 1539 268 18 1540 317 18 1541 317 580 1542 268 580 1543 315 580 1544 255 18 1545 268 18 1546 238 18 1547 247 581 1548 255 581 1549 238 581 1550 266 18 1551 312 18 1552 247 18 1553 247 582 1554 312 582 1555 313 582 1556 253 18 1557 266 18 1558 247 18 1559 232 583 1560 259 583 1561 253 583 1562 232 18 1563 253 18 1564 247 18 1565 266 18 1566 310 18 1567 312 18 1568 232 584 1569 307 584 1570 259 584 1571 312 18 1572 310 18 1573 321 18 1574 303 585 1575 302 585 1576 320 585 1577 303 18 1578 320 18 1579 297 18 1580 320 18 1581 300 18 1582 297 18 1583 300 18 1584 258 18 1585 240 18 1586 302 18 1587 303 18 1588 264 18 1589 264 18 1590 303 18 1591 242 18 1592 240 586 1593 258 586 1594 242 586 1595 242 587 1596 258 587 1597 251 587 1598 242 588 1599 251 588 1600 264 588 1601 318 18 1602 295 18 1603 293 18 1604 293 589 1605 297 589 1606 318 589 1607 234 590 1608 295 590 1609 256 590 1610 300 591 1611 240 591 1612 297 591 1613 297 18 1614 240 18 1615 262 18 1616 249 18 1617 262 18 1618 240 18 1619 234 592 1620 256 592 1621 249 592 1622 234 593 1623 249 593 1624 240 593 1625 347 594 1626 349 594 1627 342 594 1628 347 595 1629 342 595 1630 334 595 1631 347 18 1632 334 18 1633 305 18 1634 349 596 1635 339 596 1636 342 596 1637 317 18 1638 312 18 1639 329 18 1640 329 597 1641 312 597 1642 321 597 1643 329 18 1644 305 18 1645 331 18 1646 331 18 1647 305 18 1648 334 18 1649 329 598 1650 331 598 1651 339 598 1652 329 18 1653 339 18 1654 349 18 1655 345 18 1656 340 18 1657 327 18 1658 327 599 1659 340 599 1660 332 599 1661 340 18 1662 345 18 1663 337 18 1664 337 18 1665 345 18 1666 347 18 1667 327 600 1668 332 600 1669 305 600 1670 347 601 1671 305 601 1672 337 601 1673 293 18 1674 327 18 1675 303 18 1676 293 602 1677 303 602 1678 297 602 1679 214 18 1680 205 18 1681 236 18 1682 214 18 1683 236 18 1684 223 18 1685 211 18 1686 220 18 1687 228 18 1688 228 603 1689 220 603 1690 236 603 1691 236 18 1692 220 18 1693 223 18 1694 205 604 1695 214 604 1696 211 604 1697 205 18 1698 211 18 1699 207 18 1700 209 18 1701 213 18 1702 232 18 1703 232 605 1704 213 605 1705 222 605 1706 232 606 1707 222 606 1708 225 606 1709 232 607 1710 225 607 1711 230 607 1712 207 608 1713 216 608 1714 209 608 1715 209 18 1716 216 18 1717 213 18 1718 234 18 1719 240 18 1720 236 18 1721 236 609 1722 240 609 1723 242 609 1724 236 18 1725 242 18 1726 244 18 1727 236 18 1728 244 18 1729 228 18 1730 238 18 1731 232 18 1732 247 18 1733 275 18 1734 242 18 1735 303 18 1736 275 610 1737 303 610 1738 279 610 1739 242 611 1740 275 611 1741 270 611 1742 303 18 1743 289 18 1744 285 18 1745 303 18 1746 285 18 1747 279 18 1748 270 18 1749 244 18 1750 242 18 1751 291 612 1752 289 612 1753 305 612 1754 291 18 1755 321 18 1756 287 18 1757 307 18 1758 283 18 1759 321 18 1760 321 613 1761 283 613 1762 287 613 1763 276 18 1764 280 18 1765 307 18 1766 280 18 1767 283 18 1768 307 18 1769 274 18 1770 276 18 1771 232 18 1772 232 614 1773 276 614 1774 307 614 1775 272 18 1776 274 18 1777 232 18 1778 207 615 1779 211 615 1780 228 615 1781 207 18 1782 228 18 1783 230 18 1784 207 616 1785 230 616 1786 216 616 1787 216 617 1788 230 617 1789 225 617 1790 289 18 1791 303 18 1792 327 18 1793 289 618 1794 327 618 1795 305 618 1796 291 18 1797 305 18 1798 329 18 1799 291 18 1800 329 18 1801 321 18 1802 293 18 1803 295 18 1804 234 18 1805 326 302 1806 327 302 1807 292 302 1808 292 302 1809 327 302 1810 293 302 1811 237 303 1812 238 303 1813 316 303 1814 316 303 1815 238 303 1816 317 303 1817 231 304 1818 232 304 1819 237 304 1820 237 304 1821 232 304 1822 238 304 1823 292 307 1824 293 307 1825 233 307 1826 233 307 1827 293 307 1828 234 307 1829 269 619 1830 270 620 1831 275 621 1832 269 622 1833 275 623 1834 278 624 1835 278 314 1836 275 315 1837 279 316 1838 278 625 1839 279 626 1840 281 627 1841 280 628 1842 282 628 1843 283 628 1844 282 629 1845 280 630 1846 277 631 1847 277 632 1848 280 633 1849 276 634 1850 277 635 1851 276 636 1852 273 637 1853 273 638 1854 276 639 1855 274 640 1856 283 641 1857 282 641 1858 287 641 1859 287 642 1860 282 642 1861 286 642 1862 272 643 1863 271 643 1864 274 643 1865 274 644 1866 271 644 1867 273 644 1868 261 645 1869 256 645 1870 294 645 1871 294 646 1872 256 646 1873 295 646 1874 294 647 1875 295 648 1876 318 649 1877 294 650 1878 318 651 1879 319 652 1880 319 653 1881 318 654 1882 297 655 1883 319 656 1884 297 657 1885 296 658 1886 296 659 1887 297 659 1888 257 659 1889 257 660 1890 297 660 1891 262 660 1892 257 661 1893 262 662 1894 249 663 1895 257 664 1896 249 665 1897 248 666 1898 248 667 1899 249 668 1900 256 669 1901 248 670 1902 256 671 1903 261 672 1904 263 673 1905 258 673 1906 299 673 1907 299 674 1908 258 674 1909 300 674 1910 299 675 1911 300 676 1912 320 677 1913 299 678 1914 320 679 1915 325 680 1916 325 681 1917 320 682 1918 302 683 1919 325 684 1920 302 685 1921 301 686 1922 301 687 1923 302 687 1924 241 687 1925 241 688 1926 302 688 1927 264 688 1928 241 689 1929 264 690 1930 251 691 1931 241 692 1932 251 693 1933 250 694 1934 250 695 1935 251 696 1936 258 697 1937 250 698 1938 258 699 1939 263 700 1940 308 701 1941 307 702 1942 321 703 1943 308 704 1944 321 705 1945 322 706 1946 322 707 1947 321 708 1948 310 709 1949 322 710 1950 310 711 1951 309 712 1952 309 713 1953 310 713 1954 246 713 1955 246 714 1956 310 714 1957 266 714 1958 246 715 1959 266 716 1960 253 717 1961 246 718 1962 253 719 1963 252 720 1964 252 721 1965 253 722 1966 259 723 1967 252 724 1968 259 725 1969 265 726 1970 265 727 1971 259 727 1972 308 727 1973 308 728 1974 259 728 1975 307 728 1976 267 729 1977 247 729 1978 311 729 1979 311 730 1980 247 730 1981 313 730 1982 260 731 1983 268 732 1984 255 733 1985 260 734 1986 255 735 1987 254 736 1988 254 737 1989 255 738 1990 247 739 1991 254 740 1992 247 741 1993 267 742 1994 314 743 1995 315 743 1996 260 743 1997 260 744 1998 315 744 1999 268 744 2000 311 745 2001 313 746 2002 323 747 2003 311 748 2004 323 749 2005 324 750 2006 324 751 2007 323 752 2008 315 753 2009 324 754 2010 315 755 2011 314 756 2012 208 303 2013 209 303 2014 231 303 2015 231 303 2016 209 303 2017 232 303 2018 205 307 2019 204 307 2020 236 307 2021 236 307 2022 204 307 2023 235 307 2024 204 304 2025 205 304 2026 206 304 2027 206 304 2028 205 304 2029 207 304 2030 206 304 2031 207 304 2032 208 304 2033 208 304 2034 207 304 2035 209 304 2036 221 757 2037 216 758 2038 225 759 2039 221 760 2040 225 761 2041 226 762 2042 226 763 2043 225 764 2044 222 765 2045 226 766 2046 222 767 2047 217 768 2048 217 769 2049 222 770 2050 213 771 2051 217 772 2052 213 773 2053 212 774 2054 212 775 2055 213 776 2056 216 777 2057 212 778 2058 216 779 2059 221 780 2060 219 781 2061 214 782 2062 223 783 2063 219 784 2064 223 785 2065 224 786 2066 224 787 2067 223 788 2068 220 789 2069 224 790 2070 220 791 2071 215 792 2072 215 793 2073 220 794 2074 211 795 2075 215 796 2076 211 797 2077 210 798 2078 210 799 2079 211 800 2080 214 801 2081 210 802 2082 214 803 2083 218 804 2084 218 805 2085 214 806 2086 219 807 2087 271 307 2088 272 307 2089 229 307 2090 229 307 2091 272 307 2092 230 307 2093 229 302 2094 230 302 2095 227 302 2096 227 302 2097 230 302 2098 228 302 2099 244 303 2100 243 303 2101 228 303 2102 228 303 2103 243 303 2104 227 303 2105 338 808 2106 334 809 2107 342 783 2108 338 810 2109 342 811 2110 343 812 2111 343 813 2112 342 814 2113 339 815 2114 343 816 2115 339 817 2116 335 818 2117 335 819 2118 339 820 2119 331 821 2120 335 822 2121 331 823 2122 304 824 2123 304 825 2124 331 826 2125 334 827 2126 304 828 2127 334 829 2128 338 830 2129 348 302 2130 349 302 2131 346 302 2132 346 302 2133 349 302 2134 347 302 2135 346 302 2136 347 302 2137 344 302 2138 344 302 2139 347 302 2140 345 302 2141 329 303 2142 349 303 2143 328 303 2144 328 303 2145 349 303 2146 348 303 2147 344 307 2148 345 307 2149 326 307 2150 326 307 2151 345 307 2152 327 307 2153 336 831 2154 332 809 2155 340 832 2156 336 833 2157 340 834 2158 341 835 2159 341 836 2160 340 837 2161 337 838 2162 341 839 2163 337 840 2164 333 841 2165 333 842 2166 337 843 2167 305 844 2168 333 845 2169 305 846 2170 330 847 2171 330 848 2172 305 849 2173 332 850 2174 330 851 2175 332 852 2176 336 853 2177 291 304 2178 290 304 2179 289 304 2180 289 304 2181 290 304 2182 288 304 2183 290 307 2184 291 307 2185 286 307 2186 286 307 2187 291 307 2188 287 307 2189 288 303 2190 284 303 2191 289 303 2192 289 303 2193 284 303 2194 285 303 2195</p>
        </triangles>
        <triangles material="Shape_907-material" count="62">
          <input semantic="VERTEX" source="#Shape_IndexedFaceSet_865-mesh-vertices" offset="0"/>
          <input semantic="NORMAL" source="#Shape_IndexedFaceSet_865-mesh-normals" offset="1"/>
          <input semantic="TEXCOORD" source="#Shape_IndexedFaceSet_865-mesh-map-0" offset="2" set="0"/>
          <p>363 854 2196 350 854 2197 364 854 2198 364 855 2199 350 855 2200 351 855 2201 379 856 2202 363 856 2203 380 856 2204 380 857 2205 363 857 2206 364 857 2207 381 858 2208 379 858 2209 382 858 2210 382 859 2211 379 859 2212 380 859 2213 373 860 2214 381 860 2215 374 860 2216 374 861 2217 381 861 2218 382 861 2219 352 862 2220 373 862 2221 353 862 2222 353 863 2223 373 863 2224 374 863 2225 350 864 2226 352 864 2227 351 864 2228 351 865 2229 352 865 2230 353 865 2231 363 866 2232 368 866 2233 355 866 2234 363 867 2235 355 867 2236 350 867 2237 356 14 2238 370 14 2239 373 14 2240 350 868 2241 355 868 2242 352 868 2243 352 14 2244 355 14 2245 356 14 2246 352 14 2247 356 14 2248 373 14 2249 373 869 2250 370 869 2251 381 869 2252 370 870 2253 378 870 2254 381 870 2255 381 14 2256 378 14 2257 379 14 2258 378 14 2259 368 14 2260 379 14 2261 379 14 2262 368 14 2263 363 14 2264 382 871 2265 372 871 2266 375 871 2267 358 872 2268 360 872 2269 351 872 2270 351 18 2271 360 18 2272 364 18 2273 364 873 2274 360 873 2275 366 873 2276 364 18 2277 366 18 2278 380 18 2279 380 18 2280 366 18 2281 372 18 2282 382 874 2283 375 874 2284 374 874 2285 374 875 2286 375 875 2287 367 875 2288 374 18 2289 367 18 2290 353 18 2291 353 18 2292 367 18 2293 358 18 2294 380 876 2295 372 876 2296 382 876 2297 353 18 2298 358 18 2299 351 18 2300 371 877 2301 375 878 2302 376 879 2303 376 880 2304 375 881 2305 372 882 2306 376 883 2307 372 884 2308 369 885 2309 369 886 2310 372 887 2311 366 888 2312 369 889 2313 366 890 2314 359 891 2315 359 892 2316 366 893 2317 360 894 2318 359 895 2319 360 896 2320 357 897 2321 357 898 2322 360 899 2323 358 900 2324 357 901 2325 358 902 2326 365 903 2327 365 904 2328 358 905 2329 367 906 2330 365 907 2331 367 908 2332 371 909 2333 371 910 2334 367 911 2335 375 912 2336 357 913 2337 369 913 2338 359 913 2339 357 914 2340 376 914 2341 369 914 2342 357 915 2343 371 915 2344 376 915 2345 357 916 2346 365 916 2347 371 916 2348 378 917 2349 377 918 2350 368 919 2351 368 920 2352 377 921 2353 361 922 2354 368 923 2355 361 924 2356 355 925 2357 355 926 2358 361 927 2359 354 928 2360 355 929 2361 354 930 2362 356 931 2363 356 932 2364 354 933 2365 362 934 2366 356 935 2367 362 936 2368 370 937 2369 370 938 2370 362 939 2371 377 940 2372 370 941 2373 377 942 2374 378 943 2375 361 944 2376 362 944 2377 354 944 2378 361 945 2379 377 945 2380 362 945 2381</p>
        </triangles>
        <triangles material="Shape_908-material" count="60">
          <input semantic="VERTEX" source="#Shape_IndexedFaceSet_865-mesh-vertices" offset="0"/>
          <input semantic="NORMAL" source="#Shape_IndexedFaceSet_865-mesh-normals" offset="1"/>
          <input semantic="TEXCOORD" source="#Shape_IndexedFaceSet_865-mesh-map-0" offset="2" set="0"/>
          <p>403 946 2382 385 946 2383 404 946 2384 404 947 2385 385 947 2386 386 947 2387 413 948 2388 403 948 2389 414 948 2390 414 949 2391 403 949 2392 404 949 2393 411 950 2394 413 950 2395 412 950 2396 412 951 2397 413 951 2398 414 951 2399 400 952 2400 411 952 2401 401 952 2402 401 953 2403 411 953 2404 412 953 2405 383 954 2406 400 954 2407 384 954 2408 384 954 2409 400 954 2410 401 954 2411 385 955 2412 383 955 2413 386 955 2414 386 956 2415 383 956 2416 384 956 2417 400 957 2418 396 957 2419 411 957 2420 413 14 2421 394 14 2422 403 14 2423 411 958 2424 396 958 2425 409 958 2426 383 959 2427 388 959 2428 396 959 2429 383 14 2430 396 14 2431 400 14 2432 413 960 2433 409 960 2434 394 960 2435 403 961 2436 394 961 2437 385 961 2438 385 962 2439 388 962 2440 383 962 2441 394 963 2442 388 963 2443 385 963 2444 411 964 2445 409 964 2446 413 964 2447 410 965 2448 402 965 2449 412 965 2450 405 18 2451 410 18 2452 414 18 2453 414 966 2454 410 966 2455 412 966 2456 412 18 2457 402 18 2458 401 18 2459 386 18 2460 395 18 2461 404 18 2462 395 18 2463 405 18 2464 404 18 2465 404 967 2466 405 967 2467 414 967 2468 391 968 2469 395 968 2470 386 968 2471 393 18 2472 391 18 2473 384 18 2474 384 969 2475 391 969 2476 386 969 2477 402 18 2478 393 18 2479 401 18 2480 401 970 2481 393 970 2482 384 970 2483 407 971 2484 402 972 2485 410 973 2486 407 974 2487 410 975 2488 408 976 2489 408 977 2490 410 978 2491 405 979 2492 408 980 2493 405 981 2494 398 982 2495 398 983 2496 405 984 2497 395 985 2498 398 986 2499 395 987 2500 392 988 2501 392 989 2502 395 990 2503 391 991 2504 392 992 2505 391 993 2506 390 994 2507 390 995 2508 391 996 2509 393 997 2510 390 998 2511 393 999 2512 397 1000 2513 397 1001 2514 393 1002 2515 402 1003 2516 397 1004 2517 402 1005 2518 407 1006 2519 390 18 2520 398 18 2521 392 18 2522 408 18 2523 398 18 2524 390 18 2525 407 18 2526 408 18 2527 390 18 2528 390 18 2529 397 18 2530 407 18 2531 409 1007 2532 399 1008 2533 406 1009 2534 409 1010 2535 406 1011 2536 394 1012 2537 394 1013 2538 406 1014 2539 389 1015 2540 394 1016 2541 389 1017 2542 388 1018 2543 388 1019 2544 389 1020 2545 387 1021 2546 388 1022 2547 387 1023 2548 396 1024 2549 396 1025 2550 387 1026 2551 399 1027 2552 396 1028 2553 399 1029 2554 409 1030 2555 387 14 2556 406 14 2557 399 14 2558 387 14 2559 389 14 2560 406 14 2561</p>
        </triangles>
        <triangles material="Shape_909-material" count="184">
          <input semantic="VERTEX" source="#Shape_IndexedFaceSet_865-mesh-vertices" offset="0"/>
          <input semantic="NORMAL" source="#Shape_IndexedFaceSet_865-mesh-normals" offset="1"/>
          <input semantic="TEXCOORD" source="#Shape_IndexedFaceSet_865-mesh-map-0" offset="2" set="0"/>
          <p>501 1031 2562 505 1031 2563 476 1031 2564 476 1032 2565 505 1032 2566 480 1032 2567 456 18 2568 462 18 2569 442 18 2570 468 1033 2571 470 1033 2572 462 1033 2573 462 1034 2574 470 1034 2575 464 1034 2576 462 1035 2577 464 1035 2578 442 1035 2579 493 1036 2580 474 1036 2581 478 1036 2582 480 1037 2583 505 1037 2584 503 1037 2585 480 1038 2586 503 1038 2587 478 1038 2588 468 1039 2589 484 1039 2590 470 1039 2591 478 1040 2592 503 1040 2593 498 1040 2594 478 1041 2595 498 1041 2596 493 1041 2597 501 18 2598 476 18 2599 497 18 2600 472 1042 2601 495 1042 2602 476 1042 2603 476 18 2604 495 18 2605 497 18 2606 425 18 2607 423 18 2608 448 18 2609 425 1043 2610 448 1043 2611 452 1043 2612 425 18 2613 452 18 2614 429 18 2615 429 1044 2616 452 1044 2617 456 1044 2618 429 18 2619 456 18 2620 434 18 2621 456 1045 2622 442 1045 2623 438 1045 2624 456 1046 2625 438 1046 2626 434 1046 2627 493 18 2628 492 18 2629 474 18 2630 474 1047 2631 492 1047 2632 488 1047 2633 474 1048 2634 488 1048 2635 468 1048 2636 468 1049 2637 488 1049 2638 484 1049 2639 466 18 2640 486 18 2641 490 18 2642 466 18 2643 490 18 2644 472 18 2645 472 1050 2646 490 1050 2647 495 1050 2648 446 18 2649 444 18 2650 417 18 2651 423 1051 2652 419 1051 2653 448 1051 2654 448 18 2655 419 18 2656 444 18 2657 444 1052 2658 419 1052 2659 416 1052 2660 444 18 2661 416 18 2662 417 18 2663 460 1053 2664 458 1053 2665 482 1053 2666 460 18 2667 482 18 2668 466 18 2669 466 1054 2670 482 1054 2671 486 1054 2672 450 18 2673 431 18 2674 454 18 2675 431 1055 2676 450 1055 2677 426 1055 2678 426 1056 2679 450 1056 2680 446 1056 2681 454 1057 2682 440 1057 2683 460 1057 2684 460 1058 2685 440 1058 2686 458 1058 2687 431 18 2688 436 18 2689 454 18 2690 454 1059 2691 436 1059 2692 440 1059 2693 446 1060 2694 417 1060 2695 421 1060 2696 446 1061 2697 421 1061 2698 426 1061 2699 420 1062 2700 415 1062 2701 445 1062 2702 445 1063 2703 415 1063 2704 443 1063 2705 433 1064 2706 437 1064 2707 455 1064 2708 443 1065 2709 415 1065 2710 418 1065 2711 443 1066 2712 418 1066 2713 447 1066 2714 479 1067 2715 506 1067 2716 504 1067 2717 451 1068 2718 432 1068 2719 455 1068 2720 455 1069 2721 432 1069 2722 433 1069 2723 447 1070 2724 427 1070 2725 451 1070 2726 451 1071 2727 427 1071 2728 432 1071 2729 447 1072 2730 418 1072 2731 422 1072 2732 447 1073 2733 422 1073 2734 427 1073 2735 420 1074 2736 445 1074 2737 424 1074 2738 449 1075 2739 428 1075 2740 445 1075 2741 445 1076 2742 428 1076 2743 424 1076 2744 479 1077 2745 504 1077 2746 475 1077 2747 437 1078 2748 441 1078 2749 455 1078 2750 455 1079 2751 441 1079 2752 461 1079 2753 453 14 2754 435 14 2755 430 14 2756 453 1080 2757 430 1080 2758 449 1080 2759 449 1081 2760 430 1081 2761 428 1081 2762 506 1082 2763 479 1082 2764 502 1082 2765 502 1083 2766 479 1083 2767 477 1083 2768 502 1084 2769 477 1084 2770 500 1084 2771 500 1085 2772 477 1085 2773 496 1085 2774 496 1086 2775 477 1086 2776 473 1086 2777 496 1087 2778 473 1087 2779 491 1087 2780 441 1088 2781 463 1088 2782 461 1088 2783 461 1089 2784 463 1089 2785 469 1089 2786 461 1090 2787 469 1090 2788 467 1090 2789 467 1091 2790 469 1091 2791 483 1091 2792 459 1092 2793 457 1092 2794 439 1092 2795 459 1093 2796 439 1093 2797 453 1093 2798 453 14 2799 439 14 2800 435 14 2801 471 1094 2802 489 1094 2803 465 1094 2804 489 1095 2805 471 1095 2806 494 1095 2807 494 1096 2808 471 1096 2809 475 1096 2810 483 1097 2811 487 1097 2812 467 1097 2813 467 1098 2814 487 1098 2815 473 1098 2816 473 1099 2817 487 1099 2818 491 1099 2819 465 1100 2820 481 1100 2821 459 1100 2822 459 1101 2823 481 1101 2824 457 1101 2825 489 1102 2826 485 1102 2827 465 1102 2828 465 1103 2829 485 1103 2830 481 1103 2831 475 1104 2832 504 1104 2833 499 1104 2834 475 1105 2835 499 1105 2836 494 1105 2837 457 1106 2838 458 1107 2839 440 1108 2840 457 1109 2841 440 1110 2842 439 1111 2843 439 1112 2844 440 1113 2845 436 1114 2846 439 1115 2847 436 1116 2848 435 1117 2849 435 1118 2850 436 1119 2851 431 1120 2852 435 1121 2853 431 1122 2854 430 1123 2855 430 1124 2856 431 1125 2857 426 1126 2858 430 1127 2859 426 1128 2860 428 1129 2861 428 1130 2862 426 1131 2863 424 1132 2864 424 1133 2865 426 1134 2866 421 1135 2867 424 1136 2868 421 1137 2869 420 1138 2870 420 1139 2871 421 1140 2872 417 1141 2873 420 1142 2874 417 1143 2875 415 1144 2876 415 1145 2877 417 1146 2878 416 1147 2879 415 1148 2880 416 1149 2881 419 1150 2882 415 1151 2883 419 1152 2884 418 1153 2885 418 1154 2886 419 1155 2887 423 1156 2888 418 1157 2889 423 1158 2890 422 1159 2891 422 1160 2892 423 1161 2893 425 1162 2894 422 1163 2895 425 1164 2896 427 1165 2897 427 1166 2898 425 1167 2899 429 1168 2900 427 1169 2901 429 1170 2902 432 1171 2903 432 1172 2904 429 1173 2905 434 1174 2906 432 1175 2907 434 1176 2908 433 1177 2909 433 1178 2910 434 1179 2911 438 1180 2912 433 1181 2913 438 1182 2914 437 1183 2915 437 1184 2916 438 1185 2917 442 1186 2918 437 1187 2919 442 1188 2920 441 1189 2921 441 1190 2922 442 1191 2923 464 1192 2924 441 1193 2925 464 1194 2926 463 1195 2927 463 1196 2928 464 1197 2929 470 1198 2930 463 1199 2931 470 1200 2932 469 1201 2933 469 1202 2934 470 1203 2935 484 1204 2936 469 1205 2937 484 1206 2938 483 1207 2939 483 1208 2940 484 1209 2941 488 1210 2942 483 1211 2943 488 1212 2944 487 1213 2945 487 1214 2946 488 1215 2947 492 1216 2948 487 1217 2949 492 1218 2950 491 1219 2951 491 1220 2952 492 1221 2953 493 1222 2954 491 1223 2955 493 1224 2956 496 1225 2957 496 1226 2958 493 1227 2959 498 1228 2960 496 1229 2961 498 1230 2962 500 1231 2963 500 1232 2964 498 1233 2965 503 1234 2966 500 1235 2967 503 1236 2968 502 1237 2969 502 1238 2970 503 1239 2971 505 1240 2972 502 1241 2973 505 1242 2974 506 1243 2975 506 1244 2976 505 1245 2977 504 1246 2978 504 1247 2979 505 1248 2980 501 1249 2981 504 1250 2982 501 1251 2983 499 1252 2984 499 1253 2985 501 1254 2986 497 1255 2987 499 1256 2988 497 1257 2989 494 1258 2990 494 1259 2991 497 1260 2992 495 1261 2993 494 1262 2994 495 1263 2995 490 1264 2996 494 1265 2997 490 1266 2998 489 1267 2999 489 1268 3000 490 1269 3001 486 1270 3002 489 1271 3003 486 1272 3004 485 1273 3005 485 1274 3006 486 1275 3007 482 1276 3008 485 1277 3009 482 1278 3010 481 1279 3011 481 1280 3012 482 1281 3013 458 1282 3014 481 1283 3015 458 1284 3016 457 1285 3017 462 1286 3018 461 1287 3019 468 1288 3020 468 1289 3021 461 1290 3022 467 1291 3023 468 1292 3024 467 1293 3025 474 1294 3026 474 1295 3027 467 1296 3028 473 1297 3029 474 1298 3030 473 1299 3031 478 1300 3032 478 1301 3033 473 1302 3034 477 1303 3035 478 1304 3036 477 1305 3037 480 1306 3038 480 1307 3039 477 1308 3040 479 1309 3041 480 1310 3042 479 1311 3043 476 1312 3044 476 1313 3045 479 1314 3046 475 1315 3047 476 1316 3048 475 1317 3049 472 1318 3050 472 1319 3051 475 1320 3052 471 1321 3053 472 1322 3054 471 1323 3055 466 1324 3056 466 1325 3057 471 1326 3058 465 1327 3059 466 1328 3060 465 1329 3061 460 1330 3062 460 1331 3063 465 1332 3064 459 1333 3065 460 1334 3066 459 1335 3067 454 1336 3068 454 1337 3069 459 1338 3070 453 1339 3071 454 1340 3072 453 1341 3073 450 1342 3074 450 1343 3075 453 1344 3076 449 1345 3077 450 1346 3078 449 1347 3079 446 1348 3080 446 1349 3081 449 1350 3082 445 1351 3083 446 1352 3084 445 1353 3085 444 1354 3086 444 1355 3087 445 1356 3088 443 1357 3089 444 1358 3090 443 1359 3091 448 1360 3092 448 1361 3093 443 1362 3094 447 1363 3095 448 1364 3096 447 1365 3097 452 1366 3098 452 1367 3099 447 1368 3100 451 1369 3101 452 1370 3102 451 1371 3103 456 1372 3104 456 1373 3105 451 1374 3106 455 1375 3107 456 1376 3108 455 1377 3109 462 1378 3110 462 1379 3111 455 1380 3112 461 1381 3113</p>
        </triangles>
        <triangles material="Shape_910-material" count="58">
          <input semantic="VERTEX" source="#Shape_IndexedFaceSet_865-mesh-vertices" offset="0"/>
          <input semantic="NORMAL" source="#Shape_IndexedFaceSet_865-mesh-normals" offset="1"/>
          <input semantic="TEXCOORD" source="#Shape_IndexedFaceSet_865-mesh-map-0" offset="2" set="0"/>
          <p>531 1382 3114 530 1383 3115 537 1384 3116 537 1385 3117 530 1385 3118 536 1385 3119 510 1386 3120 509 1386 3121 531 1386 3122 531 1387 3123 509 1387 3124 530 1387 3125 508 1388 3126 507 1389 3127 510 1390 3128 510 1391 3129 507 1391 3130 509 1391 3131 521 1392 3132 520 1393 3133 508 1394 3134 508 1395 3135 520 1395 3136 507 1395 3137 535 1396 3138 534 1396 3139 521 1396 3140 521 1397 3141 534 1398 3142 520 1399 3143 537 1400 3144 536 1401 3145 535 1402 3146 535 1403 3147 536 1404 3148 534 1405 3149 520 14 3150 513 14 3151 507 14 3152 509 14 3153 512 14 3154 530 14 3155 530 1406 3156 512 1406 3157 524 1406 3158 513 14 3159 512 14 3160 507 14 3161 507 1407 3162 512 1407 3163 509 1407 3164 530 14 3165 524 14 3166 536 14 3167 524 14 3168 528 14 3169 536 14 3170 536 14 3171 528 14 3172 534 14 3173 534 14 3174 528 14 3175 520 14 3176 520 1408 3177 528 1408 3178 513 1408 3179 513 1409 3180 511 1410 3181 512 1411 3182 512 1412 3183 511 1413 3184 523 1414 3185 512 1415 3186 523 1416 3187 524 1417 3188 524 1418 3189 523 1419 3190 529 1420 3191 524 1421 3192 529 1422 3193 528 1423 3194 528 1424 3195 529 1425 3196 514 1426 3197 528 1427 3198 514 1428 3199 513 1429 3200 513 1430 3201 514 1431 3202 511 1432 3203 529 14 3204 523 14 3205 514 14 3206 523 14 3207 511 14 3208 514 14 3209 537 18 3210 532 18 3211 522 18 3212 537 18 3213 522 18 3214 531 18 3215 521 18 3216 518 18 3217 535 18 3218 535 1433 3219 518 1433 3220 532 1433 3221 510 1434 3222 516 1434 3223 508 1434 3224 535 18 3225 532 18 3226 537 18 3227 531 18 3228 522 18 3229 510 18 3230 510 1435 3231 522 1435 3232 516 1435 3233 508 18 3234 516 18 3235 518 18 3236 508 18 3237 518 18 3238 521 18 3239 515 1436 3240 519 1437 3241 526 1438 3242 519 1439 3243 527 1440 3244 526 1441 3245 526 1442 3246 527 1443 3247 533 1444 3248 533 1445 3249 525 1446 3250 526 1447 3251 526 1448 3252 525 1449 3253 517 1450 3254 517 1451 3255 515 1452 3256 526 1453 3257 515 1454 3258 516 1455 3259 519 1456 3260 519 1457 3261 516 1458 3262 522 1459 3263 519 1460 3264 522 1461 3265 527 1462 3266 527 1463 3267 522 1464 3268 532 1465 3269 527 1466 3270 532 1467 3271 533 1468 3272 533 1469 3273 532 1470 3274 525 1471 3275 525 1472 3276 532 1473 3277 518 1474 3278 525 1475 3279 518 1476 3280 517 1477 3281 517 1478 3282 518 1479 3283 516 1480 3284 517 1481 3285 516 1482 3286 515 1483 3287</p>
        </triangles>
        <triangles material="Shape_911-material" count="1338">
          <input semantic="VERTEX" source="#Shape_IndexedFaceSet_865-mesh-vertices" offset="0"/>
          <input semantic="NORMAL" source="#Shape_IndexedFaceSet_865-mesh-normals" offset="1"/>
          <input semantic="TEXCOORD" source="#Shape_IndexedFaceSet_865-mesh-map-0" offset="2" set="0"/>
          <p>1146 14 3288 1142 14 3289 1062 14 3290 1062 14 3291 1142 14 3292 1108 14 3293 742 14 3294 574 14 3295 672 14 3296 672 14 3297 574 14 3298 668 14 3299 1066 1484 3300 1082 1484 3301 1087 1484 3302 742 14 3303 672 14 3304 1108 14 3305 1108 14 3306 672 14 3307 1062 14 3308 1062 14 3309 672 14 3310 1066 14 3311 575 1485 3312 668 1485 3313 574 1485 3314 1087 14 3315 1148 14 3316 1066 14 3317 1148 14 3318 1087 14 3319 1104 14 3320 1148 14 3321 1104 14 3322 1152 14 3323 1108 1486 3324 1106 1486 3325 742 1486 3326 742 14 3327 1106 14 3328 1081 14 3329 742 1487 3330 1081 1487 3331 740 1487 3332 538 14 3333 1086 14 3334 1135 14 3335 538 14 3336 543 14 3337 667 14 3338 1104 14 3339 1090 14 3340 1152 14 3341 667 14 3342 671 14 3343 538 14 3344 674 14 3345 667 14 3346 543 14 3347 1086 14 3348 1103 14 3349 1135 14 3350 1135 1488 3351 1103 1488 3352 1140 1488 3353 1140 1489 3354 1103 1489 3355 1089 1489 3356 1140 14 3357 1089 14 3358 1106 14 3359 1106 1490 3360 1089 1490 3361 1081 1490 3362 1152 14 3363 1090 14 3364 575 14 3365 575 1491 3366 1090 1491 3367 1082 1491 3368 738 14 3369 675 14 3370 1082 14 3371 1066 14 3372 672 14 3373 1082 14 3374 675 14 3375 668 14 3376 575 14 3377 538 14 3378 671 14 3379 1086 14 3380 1086 1492 3381 671 1492 3382 737 1492 3383 672 14 3384 738 14 3385 1082 14 3386 674 1493 3387 740 1493 3388 1081 1493 3389 674 1494 3390 1081 1494 3391 737 1494 3392 737 1495 3393 1081 1495 3394 1086 1495 3395 740 14 3396 674 14 3397 543 14 3398 1082 1496 3399 675 1496 3400 575 1496 3401 783 1497 3402 803 1497 3403 732 1497 3404 661 18 3405 620 18 3406 570 18 3407 570 1498 3408 620 1498 3409 572 1498 3410 662 18 3411 663 18 3412 620 18 3413 620 1499 3414 663 1499 3415 623 1499 3416 620 1500 3417 623 1500 3418 572 1500 3419 734 18 3420 786 18 3421 803 18 3422 803 1501 3423 786 1501 3424 784 1501 3425 803 18 3426 784 18 3427 732 18 3428 783 18 3429 730 18 3430 570 18 3431 570 1502 3432 730 1502 3433 732 1502 3434 570 1503 3435 732 1503 3436 661 1503 3437 661 18 3438 732 18 3439 784 18 3440 661 18 3441 784 18 3442 662 18 3443 662 1504 3444 784 1504 3445 734 1504 3446 662 1505 3447 734 1505 3448 663 1505 3449 663 1506 3450 734 1506 3451 803 1506 3452 663 1507 3453 803 1507 3454 572 1507 3455 780 1508 3456 801 1508 3457 725 1508 3458 567 18 3459 614 18 3460 616 18 3461 567 1509 3462 616 1509 3463 569 1509 3464 658 18 3465 659 18 3466 616 18 3467 616 1510 3468 659 1510 3469 618 1510 3470 616 1511 3471 618 1511 3472 569 1511 3473 801 1512 3474 728 1512 3475 782 1512 3476 801 18 3477 782 18 3478 725 18 3479 780 18 3480 723 18 3481 567 18 3482 567 18 3483 723 18 3484 725 18 3485 567 18 3486 725 18 3487 614 18 3488 614 18 3489 725 18 3490 782 18 3491 614 18 3492 782 18 3493 658 18 3494 658 18 3495 782 18 3496 726 18 3497 658 1513 3498 726 1513 3499 659 1513 3500 659 1514 3501 726 1514 3502 728 1514 3503 659 1515 3504 728 1515 3505 801 1515 3506 659 1516 3507 801 1516 3508 569 1516 3509 778 18 3510 799 18 3511 717 18 3512 564 18 3513 609 18 3514 566 18 3515 656 18 3516 611 18 3517 609 18 3518 609 1517 3519 611 1517 3520 566 1517 3521 799 1518 3522 721 1518 3523 779 1518 3524 799 18 3525 779 18 3526 717 18 3527 778 18 3528 715 18 3529 564 18 3530 564 1519 3531 715 1519 3532 717 1519 3533 564 1520 3534 717 1520 3535 656 1520 3536 656 18 3537 717 18 3538 779 18 3539 656 18 3540 779 18 3541 719 18 3542 656 18 3543 719 18 3544 611 18 3545 611 18 3546 719 18 3547 721 18 3548 611 1521 3549 721 1521 3550 657 1521 3551 657 18 3552 721 18 3553 799 18 3554 657 18 3555 799 18 3556 566 18 3557 772 1522 3558 777 1522 3559 774 1522 3560 561 18 3561 605 18 3562 563 18 3563 651 18 3564 653 18 3565 605 18 3566 605 1523 3567 653 1523 3568 606 1523 3569 605 1524 3570 606 1524 3571 563 1524 3572 563 1525 3573 606 1525 3574 655 1525 3575 777 1526 3576 775 1526 3577 774 1526 3578 774 18 3579 775 18 3580 711 18 3581 772 1527 3582 711 1527 3583 561 1527 3584 561 1528 3585 711 1528 3586 651 1528 3587 651 18 3588 711 18 3589 775 18 3590 651 1529 3591 775 1529 3592 713 1529 3593 651 1530 3594 713 1530 3595 653 1530 3596 653 18 3597 713 18 3598 655 18 3599 655 18 3600 713 18 3601 777 18 3602 655 1531 3603 777 1531 3604 563 1531 3605 767 18 3606 771 18 3607 769 18 3608 558 1532 3609 600 1532 3610 560 1532 3611 648 18 3612 601 18 3613 600 18 3614 600 1533 3615 601 1533 3616 560 1533 3617 771 1534 3618 770 1534 3619 769 1534 3620 769 18 3621 770 18 3622 706 18 3623 767 18 3624 706 18 3625 558 18 3626 558 18 3627 706 18 3628 648 18 3629 648 18 3630 706 18 3631 770 18 3632 648 1535 3633 770 1535 3634 708 1535 3635 648 1536 3636 708 1536 3637 601 1536 3638 601 1537 3639 708 1537 3640 650 1537 3641 650 18 3642 708 18 3643 771 18 3644 650 1538 3645 771 1538 3646 560 1538 3647 763 18 3648 795 18 3649 702 18 3650 555 18 3651 593 18 3652 595 18 3653 555 18 3654 595 18 3655 557 18 3656 644 18 3657 645 18 3658 595 18 3659 595 18 3660 645 18 3661 597 18 3662 595 1539 3663 597 1539 3664 557 1539 3665 557 1540 3666 597 1540 3667 647 1540 3668 704 18 3669 766 18 3670 795 18 3671 795 1501 3672 766 1501 3673 764 1501 3674 795 18 3675 764 18 3676 702 18 3677 763 18 3678 700 18 3679 555 18 3680 555 18 3681 700 18 3682 702 18 3683 555 18 3684 702 18 3685 593 18 3686 593 18 3687 702 18 3688 764 18 3689 593 18 3690 764 18 3691 644 18 3692 644 18 3693 764 18 3694 704 18 3695 644 18 3696 704 18 3697 645 18 3698 645 1541 3699 704 1541 3700 647 1541 3701 647 18 3702 704 18 3703 795 18 3704 647 18 3705 795 18 3706 557 18 3707 760 18 3708 793 18 3709 695 18 3710 552 18 3711 590 18 3712 554 18 3713 640 1542 3714 642 1542 3715 590 1542 3716 590 1543 3717 642 1543 3718 591 1543 3719 590 18 3720 591 18 3721 554 18 3722 697 18 3723 762 18 3724 793 18 3725 793 1544 3726 762 1544 3727 761 1544 3728 793 1545 3729 761 1545 3730 695 1545 3731 760 1546 3732 693 1546 3733 552 1546 3734 552 1547 3735 693 1547 3736 695 1547 3737 552 18 3738 695 18 3739 640 18 3740 640 18 3741 695 18 3742 761 18 3743 640 1548 3744 761 1548 3745 697 1548 3746 640 1549 3747 697 1549 3748 642 1549 3749 642 1550 3750 697 1550 3751 793 1550 3752 642 1551 3753 793 1551 3754 554 1551 3755 754 18 3756 759 18 3757 756 18 3758 549 1552 3759 586 1552 3760 551 1552 3761 636 18 3762 587 18 3763 586 18 3764 586 1553 3765 587 1553 3766 551 1553 3767 759 18 3768 757 18 3769 756 18 3770 756 18 3771 757 18 3772 689 18 3773 754 18 3774 689 18 3775 549 18 3776 549 1554 3777 689 1554 3778 636 1554 3779 636 18 3780 689 18 3781 757 18 3782 636 1555 3783 757 1555 3784 691 1555 3785 636 1556 3786 691 1556 3787 587 1556 3788 587 1557 3789 691 1557 3790 639 1557 3791 639 18 3792 691 18 3793 759 18 3794 639 1558 3795 759 1558 3796 551 1558 3797 748 1559 3798 753 1559 3799 750 1559 3800 631 18 3801 581 18 3802 546 18 3803 546 1560 3804 581 1560 3805 548 1560 3806 633 18 3807 634 18 3808 581 18 3809 581 1561 3810 634 1561 3811 583 1561 3812 581 1562 3813 583 1562 3814 548 1562 3815 753 18 3816 751 18 3817 750 18 3818 750 18 3819 751 18 3820 685 18 3821 748 18 3822 685 18 3823 546 18 3824 546 1563 3825 685 1563 3826 631 1563 3827 631 18 3828 685 18 3829 751 18 3830 631 18 3831 751 18 3832 633 18 3833 633 1564 3834 751 1564 3835 687 1564 3836 633 1565 3837 687 1565 3838 634 1565 3839 634 18 3840 687 18 3841 753 18 3842 634 18 3843 753 18 3844 548 18 3845 809 18 3846 1059 18 3847 1078 18 3848 800 18 3849 798 18 3850 804 18 3851 1067 18 3852 1059 18 3853 1057 18 3854 1071 18 3855 1057 18 3856 1056 18 3857 1071 1566 3858 1056 1566 3859 1054 1566 3860 1078 1567 3861 679 1567 3862 809 1567 3863 1078 1568 3864 678 1568 3865 679 1568 3866 800 18 3867 804 18 3868 809 18 3869 800 18 3870 809 18 3871 802 18 3872 802 1569 3873 809 1569 3874 679 1569 3875 802 1570 3876 679 1570 3877 673 1570 3878 673 1571 3879 666 1571 3880 571 1571 3881 797 1572 3882 796 1572 3883 804 1572 3884 802 1573 3885 673 1573 3886 571 1573 3887 576 1574 3888 670 1574 3889 678 1574 3890 576 1575 3891 678 1575 3892 1078 1575 3893 797 18 3894 804 18 3895 798 18 3896 576 1576 3897 666 1576 3898 670 1576 3899 811 1577 3900 804 1577 3901 794 1577 3902 794 1578 3903 804 1578 3904 796 1578 3905 571 1579 3906 666 1579 3907 576 1579 3908 792 18 3909 791 18 3910 811 18 3911 792 18 3912 811 18 3913 794 18 3914 790 1580 3915 788 1580 3916 811 1580 3917 790 18 3918 811 18 3919 791 18 3920 1150 1581 3921 1098 1581 3922 1149 1581 3923 1098 1582 3924 1097 1582 3925 1149 1582 3926 1084 1583 3927 1080 1583 3928 1073 1583 3929 1149 1584 3930 1097 1584 3931 1067 1584 3932 1067 1585 3933 1097 1585 3934 1084 1585 3935 1073 1586 3936 1080 1586 3937 1085 1586 3938 1067 1587 3939 1084 1587 3940 1073 1587 3941 1067 18 3942 1073 18 3943 1059 18 3944 1059 18 3945 1073 18 3946 1075 18 3947 1059 1588 3948 1075 1588 3949 1078 1588 3950 1078 18 3951 1075 18 3952 1153 18 3953 1153 18 3954 1075 18 3955 1151 18 3956 1073 1589 3957 1085 1589 3958 1150 1589 3959 1150 1590 3960 1085 1590 3961 1098 1590 3962 1143 18 3963 1144 18 3964 1101 18 3965 1101 18 3966 1144 18 3967 1091 18 3968 1138 1591 3969 1096 1591 3970 1137 1591 3971 1145 18 3972 1147 18 3973 1093 18 3974 1093 1592 3975 1147 1592 3976 1063 1592 3977 1096 1593 3978 1095 1593 3979 1137 1593 3980 1083 1594 3981 1096 1594 3982 1099 1594 3983 1099 1595 3984 1096 1595 3985 1138 1595 3986 1088 1596 3987 1071 1596 3988 1095 1596 3989 1095 1597 3990 1071 1597 3991 1137 1597 3992 1071 1598 3993 1088 1598 3994 1079 1598 3995 1079 1599 3996 1083 1599 3997 1071 1599 3998 1071 1600 3999 1083 1600 4000 1063 1600 4001 1071 1601 4002 1063 1601 4003 1057 1601 4004 1057 1602 4005 1063 1602 4006 1067 1602 4007 1083 1603 4008 1099 1603 4009 1101 1603 4010 1083 1604 4011 1101 1604 4012 1063 1604 4013 1063 1605 4014 1101 1605 4015 1091 1605 4016 1063 1606 4017 1091 1606 4018 1093 1606 4019 1069 18 4020 539 18 4021 1077 18 4022 1054 18 4023 1069 18 4024 1071 18 4025 736 1607 4026 677 1607 4027 1069 1607 4028 1050 1608 4029 736 1608 4030 1054 1608 4031 669 1609 4032 539 1609 4033 677 1609 4034 677 1610 4035 539 1610 4036 1069 1610 4037 1054 1611 4038 736 1611 4039 1069 1611 4040 811 18 4041 788 18 4042 787 18 4043 811 1612 4044 787 1612 4045 676 1612 4046 676 1613 4047 787 1613 4048 540 1613 4049 676 1614 4050 540 1614 4051 665 1614 4052 736 1615 4053 1004 1615 4054 998 1615 4055 949 1616 4056 941 1616 4057 736 1616 4058 736 1617 4059 1030 1617 4060 1023 1617 4061 736 1618 4062 921 1618 4063 913 1618 4064 893 1619 4065 886 1619 4066 736 1619 4067 976 1620 4068 968 1620 4069 736 1620 4070 539 1621 4071 669 1621 4072 540 1621 4073 540 1622 4074 669 1622 4075 665 1622 4076 736 1623 4077 859 1623 4078 852 1623 4079 736 1624 4080 834 1624 4081 828 1624 4082 1077 18 4083 1136 18 4084 1069 18 4085 811 1625 4086 676 1625 4087 736 1625 4088 811 1626 4089 736 1626 4090 817 1626 4091 817 1627 4092 736 1627 4093 828 1627 4094 817 18 4095 828 18 4096 819 18 4097 834 18 4098 841 18 4099 836 18 4100 841 1627 4101 834 1627 4102 736 1627 4103 841 1619 4104 736 1619 4105 846 1619 4106 846 1628 4107 736 1628 4108 852 1628 4109 846 18 4110 852 18 4111 848 18 4112 859 18 4113 868 18 4114 861 18 4115 868 1629 4116 859 1629 4117 736 1629 4118 868 1630 4119 736 1630 4120 876 1630 4121 876 1627 4122 736 1627 4123 886 1627 4124 876 18 4125 886 18 4126 878 18 4127 893 18 4128 899 18 4129 895 18 4130 899 1631 4131 893 1631 4132 736 1631 4133 899 1632 4134 736 1632 4135 905 1632 4136 905 1633 4137 736 1633 4138 913 1633 4139 905 18 4140 913 18 4141 907 18 4142 921 18 4143 925 18 4144 923 18 4145 925 1631 4146 921 1631 4147 736 1631 4148 925 1620 4149 736 1620 4150 930 1620 4151 930 1634 4152 736 1634 4153 941 1634 4154 930 18 4155 941 18 4156 932 18 4157 949 18 4158 956 18 4159 951 18 4160 956 1635 4161 949 1635 4162 736 1635 4163 956 1616 4164 736 1616 4165 962 1616 4166 962 1633 4167 736 1633 4168 968 1633 4169 962 18 4170 968 18 4171 964 18 4172 976 18 4173 985 18 4174 978 18 4175 985 1634 4176 976 1634 4177 736 1634 4178 985 1636 4179 736 1636 4180 993 1636 4181 993 1633 4182 736 1633 4183 998 1633 4184 993 18 4185 998 18 4186 995 18 4187 1004 18 4188 1014 18 4189 1006 18 4190 1014 1633 4191 1004 1633 4192 736 1633 4193 1014 1637 4194 736 1637 4195 1019 1637 4196 1019 1638 4197 736 1638 4198 1023 1638 4199 1019 18 4200 1023 18 4201 1021 18 4202 1030 18 4203 1035 18 4204 1032 18 4205 1035 1639 4206 1030 1639 4207 736 1639 4208 1035 1608 4209 736 1608 4210 1046 1608 4211 1046 1640 4212 736 1640 4213 1050 1640 4214 1046 18 4215 1050 18 4216 1048 18 4217 743 1641 4218 789 1641 4219 745 1641 4220 625 1642 4221 577 1642 4222 541 1642 4223 541 1643 4224 577 1643 4225 545 1643 4226 627 18 4227 628 18 4228 577 18 4229 577 1644 4230 628 1644 4231 579 1644 4232 577 18 4233 579 18 4234 545 18 4235 545 1645 4236 579 1645 4237 630 1645 4238 684 18 4239 746 18 4240 789 18 4241 789 18 4242 746 18 4243 745 18 4244 745 1646 4245 746 1646 4246 680 1646 4247 743 18 4248 680 18 4249 541 18 4250 541 1647 4251 680 1647 4252 625 1647 4253 625 18 4254 680 18 4255 746 18 4256 625 1648 4257 746 1648 4258 627 1648 4259 627 1649 4260 746 1649 4261 682 1649 4262 627 18 4263 682 18 4264 628 18 4265 628 18 4266 682 18 4267 684 18 4268 628 18 4269 684 18 4270 630 18 4271 630 18 4272 684 18 4273 789 18 4274 630 18 4275 789 18 4276 545 18 4277 1175 1650 4278 1177 1650 4279 1174 1650 4280 1174 1651 4281 1177 1651 4282 1176 1651 4283 1174 1652 4284 1176 1652 4285 1173 1652 4286 1133 1653 4287 1123 1653 4288 1122 1653 4289 1133 1654 4290 1122 1654 4291 1177 1654 4292 1177 1655 4293 1122 1655 4294 1176 1655 4295 1173 1656 4296 1176 1656 4297 1132 1656 4298 1132 1657 4299 1176 1657 4300 1122 1657 4301 1132 1658 4302 1122 1658 4303 1131 1658 4304 1131 18 4305 1122 18 4306 1121 18 4307 1131 1659 4308 1121 1659 4309 1172 1659 4310 1172 1660 4311 1121 1660 4312 1168 1660 4313 1169 1661 4314 1168 1661 4315 1128 1661 4316 1128 1662 4317 1168 1662 4318 1121 1662 4319 1128 1663 4320 1121 1663 4321 1129 1663 4322 1129 1664 4323 1121 1664 4324 1123 1664 4325 1123 1665 4326 1121 1665 4327 1122 1665 4328 1170 1666 4329 1172 1666 4330 1168 1666 4331 1170 1667 4332 1168 1667 4333 1171 1667 4334 1171 1668 4335 1168 1668 4336 1169 1668 4337 1130 302 4338 1132 302 4339 1131 302 4340 1123 1669 4341 1133 1669 4342 1134 1669 4343 1123 1670 4344 1134 1670 4345 1129 1670 4346 1173 307 4347 1132 307 4348 1198 307 4349 1172 1671 4350 1197 1671 4351 1131 1671 4352 1131 303 4353 1197 303 4354 1130 303 4355 1128 1672 4356 1129 1672 4357 1169 1672 4358 1169 1673 4359 1129 1673 4360 1196 1673 4361 1129 1674 4362 1134 1674 4363 1196 1674 4364 1196 1675 4365 1134 1675 4366 1199 1675 4367 1134 1676 4368 1133 1676 4369 1199 1676 4370 1199 1677 4371 1133 1677 4372 1177 1677 4373 1132 1678 4374 1130 1678 4375 1198 1678 4376 1198 18 4377 1130 18 4378 1197 18 4379 1120 1679 4380 1119 1679 4381 1167 1679 4382 1167 1680 4383 1119 1680 4384 1166 1680 4385 1117 1681 4386 1118 1681 4387 1164 1681 4388 1164 1682 4389 1118 1682 4390 1165 1682 4391 1118 1683 4392 1117 1683 4393 1120 1683 4394 1120 1684 4395 1117 1684 4396 1119 1684 4397 1119 1685 4398 1117 1685 4399 1166 1685 4400 1166 1686 4401 1117 1686 4402 1164 1686 4403 1118 1687 4404 1120 1687 4405 1165 1687 4406 1165 1688 4407 1120 1688 4408 1167 1688 4409 1116 1689 4410 1115 1689 4411 1163 1689 4412 1163 1690 4413 1115 1690 4414 1162 1690 4415 1113 1691 4416 1114 1691 4417 1160 1691 4418 1160 1692 4419 1114 1692 4420 1161 1692 4421 1114 1693 4422 1113 1693 4423 1116 1693 4424 1116 1694 4425 1113 1694 4426 1115 1694 4427 1115 1695 4428 1113 1695 4429 1162 1695 4430 1162 1696 4431 1113 1696 4432 1160 1696 4433 1114 1697 4434 1116 1697 4435 1161 1697 4436 1161 1698 4437 1116 1698 4438 1163 1698 4439 1153 302 4440 1151 302 4441 1152 302 4442 1152 302 4443 1151 302 4444 1150 302 4445 1152 302 4446 1150 302 4447 1148 302 4448 1148 302 4449 1150 302 4450 1149 302 4451 820 1699 4452 819 1699 4453 830 1699 4454 805 1700 4455 820 1700 4456 916 1700 4457 916 1701 4458 820 1701 4459 830 1701 4460 848 1702 4461 854 1702 4462 843 1702 4463 843 1703 4464 854 1703 4465 916 1703 4466 843 1704 4467 916 1704 4468 830 1704 4469 843 307 4470 830 307 4471 836 307 4472 878 1702 4473 888 1702 4474 870 1702 4475 870 1705 4476 888 1705 4477 916 1705 4478 870 1706 4479 916 1706 4480 854 1706 4481 870 1707 4482 854 1707 4483 861 1707 4484 907 1708 4485 915 1708 4486 901 1708 4487 901 1709 4488 915 1709 4489 916 1709 4490 901 1710 4491 916 1710 4492 888 1710 4493 901 1707 4494 888 1707 4495 895 1707 4496 915 1711 4497 923 1711 4498 927 1711 4499 916 1712 4500 932 1712 4501 943 1712 4502 927 1713 4503 916 1713 4504 915 1713 4505 943 1714 4506 951 1714 4507 958 1714 4508 943 1709 4509 958 1709 4510 916 1709 4511 1037 307 4512 1048 307 4513 1052 307 4514 958 307 4515 964 307 4516 970 307 4517 958 1715 4518 970 1715 4519 916 1715 4520 970 307 4521 978 307 4522 987 307 4523 970 1716 4524 987 1716 4525 916 1716 4526 1006 1717 4527 1016 1717 4528 1000 1717 4529 1000 1718 4530 1016 1718 4531 916 1718 4532 1000 1719 4533 916 1719 4534 987 1719 4535 1000 307 4536 987 307 4537 995 307 4538 1032 307 4539 1037 307 4540 1025 307 4541 1025 1719 4542 1037 1719 4543 916 1719 4544 1025 1720 4545 916 1720 4546 1016 1720 4547 1025 1721 4548 1016 1721 4549 1021 1721 4550 1056 307 4551 1057 307 4552 1052 307 4553 1052 307 4554 1057 307 4555 1058 307 4556 1052 1722 4557 1058 1722 4558 916 1722 4559 1052 1723 4560 916 1723 4561 1037 1723 4562 1060 1724 4563 952 1724 4564 1007 1724 4565 1060 1725 4566 1007 1725 4567 1053 1725 4568 1060 1726 4569 1053 1726 4570 1058 1726 4571 1058 1727 4572 1053 1727 4573 1040 1727 4574 1058 1728 4575 1040 1728 4576 971 1728 4577 1058 1729 4578 971 1729 4579 916 1729 4580 839 1730 4581 806 1730 4582 805 1730 4583 805 1731 4584 916 1731 4585 839 1731 4586 1153 303 4587 1152 303 4588 1078 303 4589 1078 303 4590 1152 303 4591 575 303 4592 1078 303 4593 575 303 4594 576 303 4595 542 304 4596 543 304 4597 545 304 4598 541 304 4599 545 304 4600 540 304 4601 540 304 4602 545 304 4603 543 304 4604 540 304 4605 543 304 4606 539 304 4607 539 304 4608 543 304 4609 538 304 4610 546 1732 4611 548 1732 4612 544 1732 4613 544 1733 4614 548 1733 4615 547 1733 4616 550 1734 4617 552 1734 4618 554 1734 4619 545 1735 4620 544 1735 4621 542 1735 4622 542 1736 4623 544 1736 4624 573 1736 4625 573 1737 4626 544 1737 4627 547 1737 4628 554 1738 4629 553 1738 4630 550 1738 4631 550 1739 4632 553 1739 4633 573 1739 4634 550 1740 4635 573 1740 4636 547 1740 4637 550 1738 4638 547 1738 4639 551 1738 4640 551 1741 4641 547 1741 4642 549 1741 4643 556 1742 4644 558 1742 4645 560 1742 4646 560 1743 4647 559 1743 4648 556 1743 4649 556 1740 4650 559 1740 4651 573 1740 4652 556 1744 4653 573 1744 4654 553 1744 4655 556 1745 4656 553 1745 4657 557 1745 4658 557 1746 4659 553 1746 4660 555 1746 4661 562 1747 4662 564 1747 4663 566 1747 4664 566 1743 4665 565 1743 4666 562 1743 4667 562 1748 4668 565 1748 4669 573 1748 4670 562 1749 4671 573 1749 4672 559 1749 4673 562 1750 4674 559 1750 4675 563 1750 4676 563 1751 4677 559 1751 4678 561 1751 4679 568 1752 4680 570 1752 4681 572 1752 4682 573 1753 4683 571 1753 4684 574 1753 4685 574 304 4686 571 304 4687 576 304 4688 574 304 4689 576 304 4690 575 304 4691 572 1754 4692 571 1754 4693 568 1754 4694 568 1755 4695 571 1755 4696 573 1755 4697 568 1756 4698 573 1756 4699 565 1756 4700 568 1757 4701 565 1757 4702 569 1757 4703 569 1758 4704 565 1758 4705 567 1758 4706 539 307 4707 538 307 4708 1077 307 4709 1077 307 4710 538 307 4711 1135 307 4712 1139 302 4713 1141 302 4714 1140 302 4715 1140 302 4716 1141 302 4717 1142 302 4718 1147 302 4719 1145 302 4720 1146 302 4721 1146 302 4722 1145 302 4723 1144 302 4724 1146 302 4725 1144 302 4726 1142 302 4727 1144 302 4728 1143 302 4729 1142 302 4730 1142 302 4731 1143 302 4732 1138 302 4733 1142 302 4734 1138 302 4735 1140 302 4736 1140 302 4737 1138 302 4738 1137 302 4739 1140 302 4740 1137 302 4741 1135 302 4742 1135 302 4743 1137 302 4744 1136 302 4745 1135 1759 4746 1136 1759 4747 1077 1759 4748 1089 1760 4749 1083 1761 4750 1081 1762 4751 1081 1763 4752 1083 1764 4753 1079 1765 4754 1081 1766 4755 1079 1767 4756 1086 1768 4757 1086 1769 4758 1079 1770 4759 1088 1771 4760 1086 1772 4761 1088 1773 4762 1095 1774 4763 1086 1775 4764 1095 1776 4765 1103 1777 4766 1103 1778 4767 1095 1779 4768 1096 1780 4769 1103 1781 4770 1096 1782 4771 1089 1783 4772 1089 1784 4773 1096 1785 4774 1083 1786 4775 674 1787 4776 676 1788 4777 665 1789 4778 674 1790 4779 665 1791 4780 667 1792 4781 667 1793 4782 665 1794 4783 669 1795 4784 667 1796 4785 669 1797 4786 671 1798 4787 671 1799 4788 669 1800 4789 677 1801 4790 671 1802 4791 677 1803 4792 737 1804 4793 737 1805 4794 677 1806 4795 736 1807 4796 737 1808 4797 736 1809 4798 676 1810 4799 737 1811 4800 676 1812 4801 674 1813 4802 1090 1814 4803 1085 1815 4804 1082 1816 4805 1082 1817 4806 1085 1818 4807 1080 1819 4808 1082 1820 4809 1080 1821 4810 1084 1822 4811 1082 1823 4812 1084 1824 4813 1087 1825 4814 1087 1826 4815 1084 1827 4816 1097 1828 4817 1087 1829 4818 1097 1830 4819 1104 1831 4820 1104 1832 4821 1097 1833 4822 1098 1834 4823 1104 1835 4824 1098 1836 4825 1090 1837 4826 1090 1838 4827 1098 1839 4828 1085 1840 4829 675 1841 4830 670 1842 4831 668 1843 4832 668 1844 4833 670 1845 4834 666 1846 4835 668 1847 4836 666 1848 4837 672 1849 4838 672 1850 4839 666 1851 4840 673 1852 4841 672 1853 4842 673 1854 4843 738 1855 4844 738 1856 4845 673 1857 4846 679 1858 4847 738 1859 4848 679 1860 4849 678 1861 4850 738 1862 4851 678 1863 4852 675 1864 4853 675 1865 4854 678 1866 4855 670 1867 4856 1060 302 4857 1058 302 4858 1059 302 4859 1059 302 4860 1058 302 4861 1057 302 4862 952 1868 4863 1060 1868 4864 1059 1868 4865 809 1869 4866 810 1869 4867 924 1869 4868 809 1870 4869 924 1870 4870 1059 1870 4871 1059 1871 4872 924 1871 4873 952 1871 4874 809 1872 4875 804 1872 4876 808 1872 4877 804 1873 4878 807 1873 4879 808 1873 4880 805 1874 4881 806 1874 4882 804 1874 4883 804 1875 4884 806 1875 4885 807 1875 4886 809 1876 4887 808 1876 4888 810 1876 4889 808 1877 4890 813 1877 4891 810 1877 4892 810 1878 4893 813 1878 4894 851 1878 4895 810 1879 4896 851 1879 4897 924 1879 4898 918 1880 4899 898 1881 4900 875 1882 4901 918 1883 4902 875 1884 4903 882 1885 4904 882 1886 4905 875 1887 4906 845 1888 4907 882 1889 4908 845 1890 4909 850 1891 4910 850 1892 4911 845 1893 4912 831 1894 4913 850 1895 4914 831 1896 4915 832 1897 4916 832 1898 4917 831 1899 4918 823 1900 4919 832 1901 4920 823 1902 4921 826 1903 4922 826 1904 4923 823 1905 4924 825 1906 4925 826 1907 4926 825 1908 4927 827 1909 4928 833 1910 4929 827 1911 4930 825 1912 4931 827 1913 4932 833 1914 4933 844 1915 4934 849 1916 4935 844 1917 4936 833 1918 4937 844 1919 4938 849 1920 4939 867 1921 4940 844 1922 4941 867 1923 4942 874 1924 4943 874 1925 4944 867 1926 4945 904 1927 4946 874 1928 4947 904 1929 4948 911 1930 4949 911 1931 4950 904 1932 4951 944 1933 4952 911 1934 4953 944 1935 4954 946 1936 4955 946 1937 4956 944 1938 4957 979 1939 4958 946 1940 4959 979 1941 4960 983 1942 4961 983 1943 4962 979 1944 4963 1012 1945 4964 983 1946 4965 1012 1947 4966 1017 1948 4967 1029 1949 4968 1017 1950 4969 1012 1951 4970 1017 1952 4971 1029 1953 4972 1038 1954 4973 1017 1955 4974 1038 1956 4975 1039 1957 4976 1039 1958 4977 1038 1959 4978 1044 1960 4979 1039 1961 4980 1044 1962 4981 1042 1963 4982 1041 1964 4983 1042 1965 4984 1044 1966 4985 1042 1967 4986 1041 1968 4987 1026 1969 4988 1042 1970 4989 1026 1971 4990 1027 1972 4991 1027 1973 4992 1026 1974 4993 1018 1975 4994 1027 1976 4995 1018 1977 4996 1009 1978 4997 991 1979 4998 1009 1980 4999 1018 1981 5000 1009 1982 5001 991 1983 5002 973 1984 5003 955 1985 5004 973 1986 5005 991 1987 5006 973 1988 5007 955 1989 5008 918 1990 5009 918 1991 5010 955 1992 5011 939 1993 5012 918 1994 5013 939 1995 5014 898 1996 5015 1011 1997 5016 1042 1997 5017 1002 1997 5018 1002 1998 5019 1042 1998 5020 1027 1998 5021 1002 1999 5022 1027 1999 5023 980 1999 5024 980 2000 5025 1027 2000 5026 1009 2000 5027 896 2001 5028 911 2001 5029 933 2001 5030 933 2002 5031 911 2002 5032 946 2002 5033 933 2003 5034 946 2003 5035 966 2003 5036 966 2004 5037 946 2004 5038 983 2004 5039 966 2005 5040 983 2005 5041 989 2005 5042 983 2006 5043 1017 2006 5044 989 2006 5045 989 2007 5046 1017 2007 5047 1039 2007 5048 989 2008 5049 1039 2008 5050 1011 2008 5051 1011 2009 5052 1039 2009 5053 1042 2009 5054 980 2010 5055 1009 2010 5056 973 2010 5057 980 2011 5058 973 2011 5059 938 2011 5060 938 2012 5061 973 2012 5062 918 2012 5063 938 2013 5064 918 2013 5065 910 2013 5066 872 2014 5067 844 2014 5068 896 2014 5069 896 2015 5070 844 2015 5071 874 2015 5072 896 2016 5073 874 2016 5074 911 2016 5075 857 2017 5076 826 2017 5077 856 2017 5078 856 2018 5079 826 2018 5080 827 2018 5081 856 2019 5082 827 2019 5083 872 2019 5084 872 2020 5085 827 2020 5086 844 2020 5087 918 2021 5088 882 2021 5089 910 2021 5090 910 2022 5091 882 2022 5092 884 2022 5093 884 2023 5094 882 2023 5095 850 2023 5096 884 2024 5097 850 2024 5098 857 2024 5099 857 2025 5100 850 2025 5101 832 2025 5102 857 2026 5103 832 2026 5104 826 2026 5105 966 2027 5106 961 2028 5107 934 2029 5108 966 2030 5109 934 2031 5110 933 2032 5111 961 2033 5112 966 2034 5113 989 2035 5114 961 2036 5115 989 2037 5116 988 2038 5117 989 2039 5118 1001 2040 5119 988 2041 5120 1001 2042 5121 989 2043 5122 1011 2044 5123 1001 2045 5124 1011 2046 5125 1010 2047 5126 1010 2048 5127 1011 2049 5128 1002 2050 5129 1010 2051 5130 1002 2052 5131 1003 2053 5132 980 2054 5133 984 2055 5134 1002 2056 5135 1002 2057 5136 984 2058 5137 1003 2059 5138 984 2060 5139 980 2061 5140 975 2062 5141 975 2063 5142 980 2064 5143 938 2065 5144 975 2066 5145 938 2067 5146 959 2068 5147 938 2069 5148 937 2070 5149 959 2071 5150 910 2072 5151 917 2073 5152 938 2074 5153 938 2075 5154 917 2076 5155 937 2077 5156 884 2078 5157 890 2079 5158 910 2080 5159 910 2081 5160 890 2082 5161 917 2083 5162 890 2084 5163 884 2085 5164 864 2086 5165 864 2087 5166 884 2088 5167 857 2089 5168 857 2090 5169 858 2091 5170 864 2092 5171 858 2093 5172 857 2094 5173 855 2095 5174 855 2096 5175 857 2097 5176 856 2098 5177 855 2099 5178 856 2100 5179 863 2101 5180 863 2102 5181 856 2103 5182 872 2104 5183 896 2105 5184 883 2106 5185 872 2107 5186 872 2108 5187 883 2109 5188 863 2110 5189 883 2111 5190 896 2112 5191 909 2113 5192 933 2114 5193 934 2115 5194 909 2116 5195 933 2117 5196 909 2118 5197 896 2119 5198 920 2120 5199 912 2120 5200 935 2120 5201 935 2121 5202 965 2121 5203 920 2121 5204 919 2122 5205 947 2122 5206 935 2122 5207 935 2123 5208 892 2123 5209 919 2123 5210 935 2124 5211 879 2124 5212 892 2124 5213 881 2125 5214 879 2125 5215 935 2125 5216 935 2126 5217 912 2126 5218 881 2126 5219 920 2127 5220 953 2128 5221 936 2129 5222 937 2130 5223 936 2131 5224 959 2132 5225 997 2133 5226 935 2134 5227 992 2135 5228 997 2136 5229 992 2137 5230 1001 2138 5231 997 2139 5232 1001 2140 5233 1010 2141 5234 992 2142 5235 947 2143 5236 974 2144 5237 992 2145 5238 974 2146 5239 988 2147 5240 992 2148 5241 988 2149 5242 1001 2150 5243 934 2151 5244 929 2152 5245 909 2153 5246 909 2154 5247 902 2155 5248 883 2156 5249 858 2157 5250 866 2158 5251 864 2159 5252 953 2160 5253 959 2161 5254 936 2162 5255 920 2163 5256 965 2164 5257 967 2165 5258 920 2166 5259 967 2167 5260 953 2168 5261 953 2169 5262 975 2170 5263 959 2171 5264 982 2172 5265 975 2173 5266 953 2174 5267 982 2175 5268 953 2176 5269 967 2177 5270 982 2178 5271 984 2179 5272 975 2180 5273 967 2181 5274 965 2182 5275 982 2183 5276 1003 2184 5277 984 2185 5278 982 2186 5279 997 2187 5280 1003 2188 5281 982 2189 5282 997 2190 5283 982 2191 5284 965 2192 5285 1003 2193 5286 997 2194 5287 1010 2195 5288 935 2196 5289 997 2197 5290 965 2198 5291 935 2199 5292 947 2200 5293 992 2201 5294 947 2202 5295 948 2203 5296 974 2204 5297 988 2205 5298 974 2206 5299 961 2207 5300 960 2208 5301 961 2209 5302 974 2210 5303 960 2211 5304 974 2212 5305 948 2213 5306 960 2214 5307 948 2215 5308 929 2216 5309 960 2217 5310 929 2218 5311 961 2219 5312 961 2220 5313 929 2221 5314 934 2222 5315 929 2223 5316 948 2224 5317 919 2225 5318 919 2226 5319 948 2227 5320 947 2228 5321 902 2229 5322 909 2230 5323 929 2231 5324 902 2232 5325 929 2233 5326 919 2234 5327 919 2235 5328 892 2236 5329 902 2237 5330 889 2238 5331 883 2239 5332 902 2240 5333 889 2241 5334 902 2242 5335 892 2243 5336 863 2244 5337 883 2245 5338 873 2246 5339 873 2247 5340 883 2248 5341 889 2249 5342 873 2250 5343 889 2251 5344 892 2252 5345 879 2253 5346 873 2254 5347 892 2255 5348 855 2256 5349 863 2257 5350 865 2258 5351 865 2259 5352 863 2260 5353 873 2261 5354 865 2262 5355 873 2263 5356 879 2264 5357 858 2265 5358 855 2266 5359 866 2267 5360 866 2268 5361 855 2269 5362 865 2270 5363 866 2271 5364 865 2272 5365 881 2273 5366 881 2274 5367 865 2275 5368 879 2276 5369 880 2277 5370 864 2278 5371 866 2279 5372 880 2280 5373 866 2281 5374 881 2282 5375 880 2283 5376 885 2284 5377 864 2285 5378 890 2286 5379 864 2287 5380 885 2288 5381 912 2289 5382 880 2290 5383 881 2291 5384 908 2292 5385 885 2293 5386 880 2294 5387 880 2295 5388 912 2296 5389 908 2297 5390 885 2298 5391 908 2299 5392 890 2300 5393 917 2301 5394 890 2302 5395 908 2303 5396 912 2304 5397 920 2305 5398 908 2306 5399 908 2307 5400 920 2308 5401 936 2309 5402 908 2310 5403 936 2311 5404 917 2312 5405 917 2313 5406 936 2314 5407 937 2315 5408 823 2316 5409 815 2317 5410 816 2318 5411 823 2319 5412 816 2320 5413 825 2321 5414 825 2322 5415 816 2323 5416 822 2324 5417 825 2325 5418 822 2326 5419 833 2327 5420 867 2328 5421 862 2329 5422 904 2330 5423 904 2331 5424 928 2332 5425 944 2333 5426 944 2334 5427 928 2335 5428 954 2336 5429 944 2337 5430 954 2338 5431 979 2339 5432 979 2340 5433 981 2341 5434 1013 2342 5435 979 2343 5436 1013 2344 5437 1012 2345 5438 1012 2346 5439 1013 2347 5440 1033 2348 5441 1012 2349 5442 1033 2350 5443 1029 2351 5444 1029 2352 5445 1033 2353 5446 1043 2354 5447 1029 2355 5448 1043 2356 5449 1038 2357 5450 1038 2358 5451 1043 2359 5452 1044 2360 5453 1041 2361 5454 1028 2362 5455 1026 2363 5456 1026 2364 5457 1028 2365 5458 1018 2366 5459 991 2367 5460 972 2368 5461 955 2369 5462 875 2370 5463 898 2371 5464 871 2372 5465 875 2373 5466 871 2374 5467 845 2375 5468 845 2376 5469 871 2377 5470 837 2378 5471 845 2379 5472 837 2380 5473 831 2381 5474 831 2382 5475 837 2383 5476 821 2384 5477 831 2385 5478 821 2386 5479 823 2387 5480 822 2388 5481 838 2389 5482 833 2390 5483 833 2391 5484 838 2392 5485 849 2393 5486 849 2394 5487 838 2395 5488 862 2396 5489 849 2397 5490 862 2398 5491 867 2399 5492 862 2400 5493 903 2401 5494 904 2402 5495 904 2403 5496 903 2404 5497 928 2405 5498 954 2406 5499 981 2407 5500 979 2408 5501 1043 2409 5502 1049 2410 5503 1044 2411 5504 1044 2412 5505 1049 2413 5506 1041 2414 5507 1041 2415 5508 1049 2416 5509 1034 2417 5510 1041 2418 5511 1034 2419 5512 1028 2420 5513 1028 2421 5514 996 2422 5515 1018 2423 5516 1018 2424 5517 996 2425 5518 991 2426 5519 991 2427 5520 996 2428 5521 972 2429 5522 972 2430 5523 940 2431 5524 955 2432 5525 955 2433 5526 940 2434 5527 939 2435 5528 939 2436 5529 940 2437 5530 897 2438 5531 939 2439 5532 897 2440 5533 898 2441 5534 898 2442 5535 897 2443 5536 871 2444 5537 815 2445 5538 808 2446 5539 816 2447 5540 816 2448 5541 808 2449 5542 807 2450 5543 816 2451 5544 807 2452 5545 822 2453 5546 822 2454 5547 807 2455 5548 824 2456 5549 822 2457 5550 824 2458 5551 838 2459 5552 903 2460 5553 891 2461 5554 928 2462 5555 928 2463 5556 891 2464 5557 945 2465 5558 928 2466 5559 945 2467 5560 954 2468 5561 954 2469 5562 945 2470 5563 981 2471 5564 981 2472 5565 1008 2473 5566 1013 2474 5567 1013 2475 5568 1008 2476 5569 1022 2477 5570 1013 2478 5571 1022 2479 5572 1033 2480 5573 1033 2481 5574 1022 2482 5575 1045 2483 5576 1033 2484 5577 1045 2485 5578 1043 2486 5579 1043 2487 5580 1045 2488 5581 1049 2489 5582 1028 2490 5583 1034 2491 5584 996 2492 5585 996 2493 5586 952 2494 5587 972 2495 5588 972 2496 5589 952 2497 5590 940 2498 5591 871 2499 5592 813 2500 5593 837 2501 5594 837 2502 5595 814 2503 5596 821 2504 5597 838 2505 5598 824 2506 5599 840 2507 5600 838 2508 5601 840 2509 5602 862 2510 5603 862 2511 5604 840 2512 5605 891 2513 5606 862 2514 5607 891 2515 5608 903 2516 5609 981 2517 5610 945 2518 5611 1008 2519 5612 1049 2520 5613 1045 2521 5614 1053 2522 5615 1049 2523 5616 1053 2524 5617 1034 2525 5618 1034 2526 5619 990 2527 5620 996 2528 5621 996 2529 5622 990 2530 5623 952 2531 5624 940 2532 5625 952 2533 5626 924 2534 5627 940 2535 5628 924 2536 5629 897 2537 5630 897 2538 5631 924 2539 5632 851 2540 5633 897 2541 5634 851 2542 5635 871 2543 5636 871 2544 5637 851 2545 5638 813 2546 5639 837 2547 5640 813 2548 5641 814 2549 5642 814 2550 5643 813 2551 5644 808 2552 5645 952 2553 5646 990 2554 5647 1007 2555 5648 1007 2556 5649 990 2557 5650 1034 2558 5651 1007 2559 5652 1034 2560 5653 1053 2561 5654 1053 2562 5655 1045 2563 5656 1040 2564 5657 1040 2565 5658 1045 2566 5659 1022 2567 5660 1040 2568 5661 1022 2569 5662 1008 2570 5663 1040 2571 5664 1008 2572 5665 971 2573 5666 971 2574 5667 1008 2575 5668 945 2576 5669 971 2577 5670 945 2578 5671 916 2579 5672 807 2580 5673 806 2581 5674 824 2582 5675 824 2583 5676 806 2584 5677 839 2585 5678 824 2586 5679 839 2587 5680 840 2588 5681 840 2589 5682 839 2590 5683 891 2591 5684 891 2592 5685 839 2593 5686 916 2594 5687 891 2595 5688 916 2596 5689 945 2597 5690 814 2598 5691 808 2599 5692 821 2600 5693 821 2601 5694 808 2602 5695 815 2603 5696 821 2604 5697 815 2605 5698 823 2606 5699 805 2607 5700 804 2607 5701 812 2607 5702 812 2608 5703 804 2608 5704 811 2608 5705 818 2609 5706 812 2609 5707 817 2609 5708 817 307 5709 812 307 5710 811 307 5711 819 2610 5712 820 2610 5713 817 2610 5714 817 2611 5715 820 2611 5716 818 2611 5717 812 2612 5718 818 2612 5719 805 2612 5720 805 2613 5721 818 2613 5722 820 2613 5723 830 2614 5724 819 2614 5725 829 2614 5726 829 2615 5727 819 2615 5728 828 2615 5729 835 307 5730 829 307 5731 834 307 5732 834 307 5733 829 307 5734 828 307 5735 836 2616 5736 830 2616 5737 834 2616 5738 834 2617 5739 830 2617 5740 835 2617 5741 829 18 5742 835 18 5743 830 18 5744 843 2618 5745 836 2618 5746 842 2618 5747 842 2619 5748 836 2619 5749 841 2619 5750 847 2609 5751 842 2609 5752 846 2609 5753 846 307 5754 842 307 5755 841 307 5756 848 2620 5757 843 2620 5758 846 2620 5759 846 2621 5760 843 2621 5761 847 2621 5762 842 18 5763 847 18 5764 843 18 5765 854 2622 5766 848 2622 5767 853 2622 5768 853 2615 5769 848 2615 5770 852 2615 5771 860 307 5772 853 307 5773 859 307 5774 859 307 5775 853 307 5776 852 307 5777 861 2620 5778 854 2620 5779 859 2620 5780 859 2623 5781 854 2623 5782 860 2623 5783 853 18 5784 860 18 5785 854 18 5786 870 2624 5787 861 2624 5788 869 2624 5789 869 2625 5790 861 2625 5791 868 2625 5792 877 307 5793 869 307 5794 876 307 5795 876 2626 5796 869 2626 5797 868 2626 5798 878 2627 5799 870 2627 5800 876 2627 5801 876 2617 5802 870 2617 5803 877 2617 5804 869 18 5805 877 18 5806 870 18 5807 888 2628 5808 878 2628 5809 887 2628 5810 887 2629 5811 878 2629 5812 886 2629 5813 894 307 5814 887 307 5815 893 307 5816 893 2630 5817 887 2630 5818 886 2630 5819 895 2631 5820 888 2631 5821 893 2631 5822 893 2632 5823 888 2632 5824 894 2632 5825 887 18 5826 894 18 5827 888 18 5828 901 2622 5829 895 2622 5830 900 2622 5831 900 2629 5832 895 2629 5833 899 2629 5834 906 307 5835 900 307 5836 905 307 5837 905 2633 5838 900 2633 5839 899 2633 5840 907 2634 5841 901 2634 5842 905 2634 5843 905 2632 5844 901 2632 5845 906 2632 5846 900 18 5847 906 18 5848 901 18 5849 915 2635 5850 907 2635 5851 914 2635 5852 914 2615 5853 907 2615 5854 913 2615 5855 922 307 5856 914 307 5857 921 307 5858 921 307 5859 914 307 5860 913 307 5861 923 2636 5862 915 2636 5863 921 2636 5864 921 2637 5865 915 2637 5866 922 2637 5867 914 18 5868 922 18 5869 915 18 5870 927 2638 5871 923 2638 5872 926 2638 5873 926 2639 5874 923 2639 5875 925 2639 5876 931 307 5877 926 307 5878 930 307 5879 930 307 5880 926 307 5881 925 307 5882 932 2640 5883 916 2640 5884 930 2640 5885 930 2641 5886 916 2641 5887 931 2641 5888 926 18 5889 931 18 5890 927 18 5891 927 2642 5892 931 2642 5893 916 2642 5894 943 2643 5895 932 2643 5896 942 2643 5897 942 2644 5898 932 2644 5899 941 2644 5900 950 307 5901 942 307 5902 949 307 5903 949 2645 5904 942 2645 5905 941 2645 5906 951 2646 5907 943 2646 5908 949 2646 5909 949 2647 5910 943 2647 5911 950 2647 5912 942 18 5913 950 18 5914 943 18 5915 958 2648 5916 951 2648 5917 957 2648 5918 957 2649 5919 951 2649 5920 956 2649 5921 963 307 5922 957 307 5923 962 307 5924 962 2650 5925 957 2650 5926 956 2650 5927 964 2651 5928 958 2651 5929 962 2651 5930 962 2652 5931 958 2652 5932 963 2652 5933 957 18 5934 963 18 5935 958 18 5936 970 2648 5937 964 2648 5938 969 2648 5939 969 2653 5940 964 2653 5941 968 2653 5942 977 307 5943 969 307 5944 976 307 5945 976 307 5946 969 307 5947 968 307 5948 978 2654 5949 970 2654 5950 976 2654 5951 976 2655 5952 970 2655 5953 977 2655 5954 969 18 5955 977 18 5956 970 18 5957 987 2648 5958 978 2648 5959 986 2648 5960 986 2656 5961 978 2656 5962 985 2656 5963 994 307 5964 986 307 5965 993 307 5966 993 307 5967 986 307 5968 985 307 5969 995 2657 5970 987 2657 5971 993 2657 5972 993 2655 5973 987 2655 5974 994 2655 5975 986 18 5976 994 18 5977 987 18 5978 1000 2635 5979 995 2635 5980 999 2635 5981 999 2658 5982 995 2658 5983 998 2658 5984 1005 307 5985 999 307 5986 1004 307 5987 1004 2659 5988 999 2659 5989 998 2659 5990 1006 2660 5991 1000 2660 5992 1004 2660 5993 1004 2661 5994 1000 2661 5995 1005 2661 5996 999 18 5997 1005 18 5998 1000 18 5999 1016 2662 6000 1006 2662 6001 1015 2662 6002 1015 2615 6003 1006 2615 6004 1014 2615 6005 1020 307 6006 1015 307 6007 1019 307 6008 1019 307 6009 1015 307 6010 1014 307 6011 1021 2634 6012 1016 2634 6013 1019 2634 6014 1019 2663 6015 1016 2663 6016 1020 2663 6017 1015 18 6018 1020 18 6019 1016 18 6020 1025 2664 6021 1021 2664 6022 1024 2664 6023 1024 2665 6024 1021 2665 6025 1023 2665 6026 1031 307 6027 1024 307 6028 1030 307 6029 1030 307 6030 1024 307 6031 1023 307 6032 1032 2666 6033 1025 2666 6034 1030 2666 6035 1030 2632 6036 1025 2632 6037 1031 2632 6038 1024 18 6039 1031 18 6040 1025 18 6041 1037 2624 6042 1032 2624 6043 1036 2624 6044 1036 2667 6045 1032 2667 6046 1035 2667 6047 1047 307 6048 1036 307 6049 1046 307 6050 1046 307 6051 1036 307 6052 1035 307 6053 1048 2636 6054 1037 2636 6055 1046 2636 6056 1046 2655 6057 1037 2655 6058 1047 2655 6059 1036 18 6060 1047 18 6061 1037 18 6062 1052 2624 6063 1048 2624 6064 1051 2624 6065 1051 2615 6066 1048 2615 6067 1050 2615 6068 1055 307 6069 1051 307 6070 1054 307 6071 1054 307 6072 1051 307 6073 1050 307 6074 1056 2668 6075 1052 2668 6076 1054 2668 6077 1054 2655 6078 1052 2655 6079 1055 2655 6080 1051 18 6081 1055 18 6082 1052 18 6083 1137 2669 6084 1157 2669 6085 1136 2669 6086 1136 2670 6087 1157 2670 6088 1154 2670 6089 1154 2671 6090 1155 2671 6091 1136 2671 6092 1136 307 6093 1155 307 6094 1070 307 6095 1136 307 6096 1070 307 6097 1069 307 6098 1156 302 6099 1155 302 6100 1154 302 6101 1158 302 6102 1157 302 6103 1159 302 6104 1158 302 6105 1159 302 6106 1156 302 6107 1156 302 6108 1159 302 6109 1155 302 6110 1071 303 6111 1072 303 6112 1159 303 6113 1071 2672 6114 1159 2672 6115 1137 2672 6116 1137 2673 6117 1159 2673 6118 1157 2673 6119 1069 304 6120 1070 304 6121 1071 304 6122 1071 304 6123 1070 304 6124 1072 304 6125 1159 18 6126 1072 18 6127 1155 18 6128 1155 18 6129 1072 18 6130 1070 18 6131 1151 14 6132 1184 14 6133 1150 14 6134 1150 14 6135 1184 14 6136 1178 14 6137 1075 303 6138 1076 303 6139 1151 303 6140 1151 303 6141 1076 303 6142 1185 303 6143 1151 303 6144 1185 303 6145 1184 303 6146 1074 304 6147 1076 304 6148 1073 304 6149 1073 304 6150 1076 304 6151 1075 304 6152 1178 307 6153 1179 307 6154 1150 307 6155 1150 307 6156 1179 307 6157 1074 307 6158 1150 307 6159 1074 307 6160 1073 307 6161 1183 302 6162 1185 302 6163 1181 302 6164 1181 302 6165 1185 302 6166 1179 302 6167 1181 302 6168 1179 302 6169 1180 302 6170 1180 302 6171 1179 302 6172 1178 302 6173 1180 302 6174 1178 302 6175 1182 302 6176 1182 302 6177 1178 302 6178 1184 302 6179 1182 302 6180 1184 302 6181 1183 302 6182 1183 302 6183 1184 302 6184 1185 302 6185 1074 18 6186 1179 18 6187 1076 18 6188 1076 18 6189 1179 18 6190 1185 18 6191 1065 304 6192 1061 304 6193 1066 304 6194 1066 304 6195 1061 304 6196 1062 304 6197 1200 303 6198 1065 303 6199 1066 303 6200 1066 2674 6201 1148 2674 6202 1200 2674 6203 1200 303 6204 1148 303 6205 1149 303 6206 1200 2675 6207 1149 2675 6208 1199 2675 6209 1199 2676 6210 1149 2676 6211 1067 2676 6212 1199 2677 6213 1067 2677 6214 1068 2677 6215 1174 2678 6216 1173 2678 6217 1198 2678 6218 1172 2679 6219 1170 2679 6220 1194 2679 6221 1199 2680 6222 1177 2680 6223 1200 2680 6224 1200 2681 6225 1177 2681 6226 1175 2681 6227 1170 2682 6228 1171 2682 6229 1194 2682 6230 1194 2683 6231 1171 2683 6232 1169 2683 6233 1194 2684 6234 1169 2684 6235 1195 2684 6236 1195 2685 6237 1169 2685 6238 1196 2685 6239 1195 2686 6240 1196 2686 6241 1199 2686 6242 1175 2687 6243 1174 2687 6244 1200 2687 6245 1200 2688 6246 1174 2688 6247 1198 2688 6248 1200 302 6249 1198 302 6250 1194 302 6251 1194 302 6252 1198 302 6253 1197 302 6254 1194 2689 6255 1197 2689 6256 1172 2689 6257 1062 307 6258 1061 307 6259 1146 307 6260 1146 307 6261 1061 307 6262 1194 307 6263 1146 307 6264 1194 307 6265 1147 307 6266 1147 307 6267 1194 307 6268 1195 307 6269 1147 2690 6270 1195 2690 6271 1063 2690 6272 1063 2691 6273 1195 2691 6274 1064 2691 6275 1063 2692 6276 1064 2692 6277 1067 2692 6278 1067 2693 6279 1064 2693 6280 1068 2693 6281 1194 14 6282 1061 14 6283 1200 14 6284 1200 14 6285 1061 14 6286 1065 14 6287 1064 18 6288 1195 18 6289 1068 18 6290 1068 2694 6291 1195 2694 6292 1199 2694 6293 1143 14 6294 1188 14 6295 1138 14 6296 1138 14 6297 1188 14 6298 1186 14 6299 1100 307 6300 1099 307 6301 1187 307 6302 1187 307 6303 1099 307 6304 1138 307 6305 1187 307 6306 1138 307 6307 1186 307 6308 1161 2695 6309 1187 2695 6310 1160 2695 6311 1160 2696 6312 1187 2696 6313 1186 2696 6314 1160 2697 6315 1186 2697 6316 1162 2697 6317 1162 2698 6318 1186 2698 6319 1188 2698 6320 1162 2699 6321 1188 2699 6322 1163 2699 6323 1163 2700 6324 1188 2700 6325 1189 2700 6326 1163 2701 6327 1189 2701 6328 1161 2701 6329 1161 2702 6330 1189 2702 6331 1187 2702 6332 1101 303 6333 1102 303 6334 1143 303 6335 1143 303 6336 1102 303 6337 1189 303 6338 1143 303 6339 1189 303 6340 1188 303 6341 1100 304 6342 1102 304 6343 1099 304 6344 1099 304 6345 1102 304 6346 1101 304 6347 1189 18 6348 1102 18 6349 1187 18 6350 1187 18 6351 1102 18 6352 1100 18 6353 1145 14 6354 1192 14 6355 1144 14 6356 1144 14 6357 1192 14 6358 1190 14 6359 1190 307 6360 1191 307 6361 1144 307 6362 1144 307 6363 1191 307 6364 1092 307 6365 1144 307 6366 1092 307 6367 1091 307 6368 1165 2703 6369 1191 2703 6370 1164 2703 6371 1164 2704 6372 1191 2704 6373 1190 2704 6374 1164 2705 6375 1190 2705 6376 1166 2705 6377 1166 2706 6378 1190 2706 6379 1192 2706 6380 1166 2707 6381 1192 2707 6382 1167 2707 6383 1167 2708 6384 1192 2708 6385 1193 2708 6386 1167 2709 6387 1193 2709 6388 1165 2709 6389 1165 2710 6390 1193 2710 6391 1191 2710 6392 1093 303 6393 1094 303 6394 1145 303 6395 1145 303 6396 1094 303 6397 1193 303 6398 1145 303 6399 1193 303 6400 1192 303 6401 1092 304 6402 1094 304 6403 1091 304 6404 1091 304 6405 1094 304 6406 1093 304 6407 1193 18 6408 1094 18 6409 1191 18 6410 1191 18 6411 1094 18 6412 1092 18 6413 1127 307 6414 1126 307 6415 1183 307 6416 1183 307 6417 1126 307 6418 1182 307 6419 1126 18 6420 1124 18 6421 1182 18 6422 1182 18 6423 1124 18 6424 1180 18 6425 1124 303 6426 1125 303 6427 1180 303 6428 1180 303 6429 1125 303 6430 1181 303 6431 1125 14 6432 1127 14 6433 1181 14 6434 1181 14 6435 1127 14 6436 1183 14 6437 1125 302 6438 1124 302 6439 1127 302 6440 1127 302 6441 1124 302 6442 1126 302 6443 1112 307 6444 1111 307 6445 1158 307 6446 1158 2711 6447 1111 2711 6448 1157 2711 6449 1111 2712 6450 1109 2712 6451 1157 2712 6452 1157 2713 6453 1109 2713 6454 1154 2713 6455 1109 2714 6456 1110 2714 6457 1154 2714 6458 1154 2715 6459 1110 2715 6460 1156 2715 6461 1110 14 6462 1112 14 6463 1156 14 6464 1156 14 6465 1112 14 6466 1158 14 6467 1110 302 6468 1109 302 6469 1112 302 6470 1112 302 6471 1109 302 6472 1111 302 6473 545 2716 6474 789 2716 6475 544 2716 6476 544 2717 6477 789 2717 6478 788 2717 6479 743 2718 6480 541 2718 6481 787 2718 6482 787 307 6483 541 307 6484 540 307 6485 788 2719 6486 789 2719 6487 743 2719 6488 788 2720 6489 743 2720 6490 787 2720 6491 681 2721 6492 744 2721 6493 680 2721 6494 680 2722 6495 744 2722 6496 745 2722 6497 744 2723 6498 681 2723 6499 743 2723 6500 743 2724 6501 681 2724 6502 680 2724 6503 745 2725 6504 744 2725 6505 743 2725 6506 683 2726 6507 747 2726 6508 684 2726 6509 684 2727 6510 747 2727 6511 746 2727 6512 682 304 6513 683 304 6514 684 304 6515 747 2728 6516 683 2728 6517 746 2728 6518 746 2729 6519 683 2729 6520 682 2729 6521 580 2730 6522 629 2730 6523 579 2730 6524 579 2731 6525 629 2731 6526 630 2731 6527 629 2732 6528 580 2732 6529 628 2732 6530 628 2733 6531 580 2733 6532 579 2733 6533 630 302 6534 629 302 6535 628 302 6536 578 2721 6537 626 2721 6538 577 2721 6539 577 2722 6540 626 2722 6541 627 2722 6542 626 2732 6543 578 2732 6544 625 2732 6545 625 2733 6546 578 2733 6547 577 2733 6548 627 302 6549 626 302 6550 625 302 6551 548 2734 6552 753 2734 6553 547 2734 6554 547 2735 6555 753 2735 6556 790 2735 6557 748 2736 6558 546 2736 6559 788 2736 6560 788 2737 6561 546 2737 6562 544 2737 6563 753 2738 6564 748 2738 6565 790 2738 6566 790 2739 6567 748 2739 6568 788 2739 6569 551 2740 6570 759 2740 6571 550 2740 6572 550 2741 6573 759 2741 6574 791 2741 6575 754 2742 6576 549 2742 6577 790 2742 6578 790 2743 6579 549 2743 6580 547 2743 6581 759 2744 6582 754 2744 6583 791 2744 6584 791 2745 6585 754 2745 6586 790 2745 6587 554 2746 6588 793 2746 6589 553 2746 6590 553 2747 6591 793 2747 6592 792 2747 6593 760 2748 6594 552 2748 6595 791 2748 6596 791 2749 6597 552 2749 6598 550 2749 6599 793 2750 6600 760 2750 6601 792 2750 6602 792 2751 6603 760 2751 6604 791 2751 6605 557 2752 6606 795 2752 6607 556 2752 6608 556 2753 6609 795 2753 6610 794 2753 6611 763 2754 6612 555 2754 6613 792 2754 6614 792 2755 6615 555 2755 6616 553 2755 6617 795 2756 6618 763 2756 6619 794 2756 6620 794 2757 6621 763 2757 6622 792 2757 6623 560 2758 6624 771 2758 6625 559 2758 6626 559 2759 6627 771 2759 6628 796 2759 6629 767 2760 6630 558 2760 6631 794 2760 6632 794 2761 6633 558 2761 6634 556 2761 6635 771 2762 6636 767 2762 6637 796 2762 6638 796 2763 6639 767 2763 6640 794 2763 6641 563 2764 6642 777 2764 6643 562 2764 6644 562 2765 6645 777 2765 6646 797 2765 6647 772 2766 6648 561 2766 6649 796 2766 6650 796 2767 6651 561 2767 6652 559 2767 6653 777 2768 6654 772 2768 6655 797 2768 6656 797 2769 6657 772 2769 6658 796 2769 6659 566 2770 6660 799 2770 6661 565 2770 6662 565 2771 6663 799 2771 6664 798 2771 6665 778 2772 6666 564 2772 6667 797 2772 6668 797 2773 6669 564 2773 6670 562 2773 6671 799 2774 6672 778 2774 6673 798 2774 6674 798 2775 6675 778 2775 6676 797 2775 6677 569 2776 6678 801 2776 6679 568 2776 6680 568 2777 6681 801 2777 6682 800 2777 6683 780 2778 6684 567 2778 6685 798 2778 6686 798 2779 6687 567 2779 6688 565 2779 6689 801 2719 6690 780 2719 6691 800 2719 6692 800 2780 6693 780 2780 6694 798 2780 6695 572 2781 6696 803 2781 6697 571 2781 6698 571 303 6699 803 303 6700 802 303 6701 783 2782 6702 570 2782 6703 800 2782 6704 800 2783 6705 570 2783 6706 568 2783 6707 803 2784 6708 783 2784 6709 802 2784 6710 802 2785 6711 783 2785 6712 800 2785 6713 686 2786 6714 749 2786 6715 685 2786 6716 685 2787 6717 749 2787 6718 750 2787 6719 749 2788 6720 686 2788 6721 748 2788 6722 748 2789 6723 686 2789 6724 685 2789 6725 750 2790 6726 749 2790 6727 748 2790 6728 688 2791 6729 752 2791 6730 687 2791 6731 687 2792 6732 752 2792 6733 753 2792 6734 752 2793 6735 688 2793 6736 751 2793 6737 751 2794 6738 688 2794 6739 687 2794 6740 753 2795 6741 752 2795 6742 751 2795 6743 584 2796 6744 635 2796 6745 548 2796 6746 548 2797 6747 635 2797 6748 634 2797 6749 583 2798 6750 584 2798 6751 548 2798 6752 635 2799 6753 584 2799 6754 634 2799 6755 634 2800 6756 584 2800 6757 583 2800 6758 582 2786 6759 632 2786 6760 581 2786 6761 581 2787 6762 632 2787 6763 633 2787 6764 632 2793 6765 582 2793 6766 631 2793 6767 631 2801 6768 582 2801 6769 581 2801 6770 633 302 6771 632 302 6772 631 302 6773 690 2786 6774 755 2786 6775 689 2786 6776 689 2787 6777 755 2787 6778 756 2787 6779 755 2802 6780 690 2802 6781 754 2802 6782 754 2803 6783 690 2803 6784 689 2803 6785 756 2790 6786 755 2790 6787 754 2790 6788 692 2804 6789 758 2804 6790 691 2804 6791 691 2805 6792 758 2805 6793 759 2805 6794 758 2806 6795 692 2806 6796 757 2806 6797 757 2807 6798 692 2807 6799 691 2807 6800 759 2808 6801 758 2808 6802 757 2808 6803 588 2809 6804 638 2809 6805 551 2809 6806 551 2810 6807 638 2810 6808 639 2810 6809 587 2811 6810 588 2811 6811 551 2811 6812 638 2812 6813 588 2812 6814 587 2812 6815 639 2813 6816 638 2813 6817 587 2813 6818 585 2814 6819 637 2814 6820 586 2814 6821 586 2815 6822 637 2815 6823 636 2815 6824 549 2816 6825 585 2816 6826 586 2816 6827 637 2817 6828 585 2817 6829 636 2817 6830 636 2818 6831 585 2818 6832 549 2818 6833 694 2819 6834 696 2819 6835 693 2819 6836 693 2820 6837 696 2820 6838 695 2820 6839 760 2821 6840 694 2821 6841 693 2821 6842 696 2822 6843 694 2822 6844 695 2822 6845 695 2823 6846 694 2823 6847 760 2823 6848 697 2824 6849 699 2824 6850 762 2824 6851 698 2825 6852 699 2825 6853 697 2825 6854 761 2826 6855 698 2826 6856 697 2826 6857 699 2827 6858 698 2827 6859 762 2827 6860 762 2828 6861 698 2828 6862 761 2828 6863 592 2829 6864 643 2829 6865 554 2829 6866 554 2830 6867 643 2830 6868 642 2830 6869 591 2831 6870 592 2831 6871 554 2831 6872 643 2800 6873 592 2800 6874 642 2800 6875 642 2800 6876 592 2800 6877 591 2800 6878 589 2832 6879 641 2832 6880 590 2832 6881 590 2833 6882 641 2833 6883 640 2833 6884 552 2834 6885 589 2834 6886 590 2834 6887 641 2800 6888 589 2800 6889 640 2800 6890 640 2835 6891 589 2835 6892 552 2835 6893 701 2836 6894 703 2836 6895 700 2836 6896 700 2837 6897 703 2837 6898 702 2837 6899 763 2838 6900 701 2838 6901 700 2838 6902 703 2839 6903 701 2839 6904 702 2839 6905 702 2840 6906 701 2840 6907 763 2840 6908 705 2841 6909 765 2841 6910 704 2841 6911 704 2842 6912 765 2842 6913 766 2842 6914 765 2843 6915 705 2843 6916 764 2843 6917 764 2844 6918 705 2844 6919 704 2844 6920 766 302 6921 765 302 6922 764 302 6923 598 2841 6924 646 2841 6925 597 2841 6926 597 2842 6927 646 2842 6928 647 2842 6929 646 2843 6930 598 2843 6931 645 2843 6932 645 2844 6933 598 2844 6934 597 2844 6935 647 302 6936 646 302 6937 645 302 6938 595 2845 6939 596 2845 6940 644 2845 6941 594 2846 6942 596 2846 6943 593 2846 6944 593 2847 6945 596 2847 6946 595 2847 6947 596 2848 6948 594 2848 6949 644 2848 6950 644 2849 6951 594 2849 6952 593 2849 6953 707 2850 6954 768 2850 6955 706 2850 6956 706 2804 6957 768 2804 6958 769 2804 6959 768 2851 6960 707 2851 6961 767 2851 6962 767 2852 6963 707 2852 6964 706 2852 6965 769 2853 6966 768 2853 6967 767 2853 6968 708 2854 6969 710 2854 6970 771 2854 6971 709 2825 6972 710 2825 6973 708 2825 6974 770 2855 6975 709 2855 6976 708 2855 6977 710 2856 6978 709 2856 6979 771 2856 6980 771 2857 6981 709 2857 6982 770 2857 6983 560 2858 6984 603 2858 6985 650 2858 6986 602 2859 6987 603 2859 6988 601 2859 6989 601 2860 6990 603 2860 6991 560 2860 6992 603 2861 6993 602 2861 6994 650 2861 6995 650 2862 6996 602 2862 6997 601 2862 6998 599 2863 6999 649 2863 7000 600 2863 7001 600 2864 7002 649 2864 7003 648 2864 7004 558 2865 7005 599 2865 7006 600 2865 7007 649 2866 7008 599 2866 7009 648 2866 7010 648 2867 7011 599 2867 7012 558 2867 7013 712 2868 7014 773 2868 7015 711 2868 7016 711 2869 7017 773 2869 7018 774 2869 7019 773 2870 7020 712 2870 7021 772 2870 7022 772 2871 7023 712 2871 7024 711 2871 7025 774 2853 7026 773 2853 7027 772 2853 7028 714 2804 7029 776 2804 7030 713 2804 7031 713 2872 7032 776 2872 7033 777 2872 7034 776 2873 7035 714 2873 7036 775 2873 7037 775 2874 7038 714 2874 7039 713 2874 7040 777 2875 7041 776 2875 7042 775 2875 7043 607 2804 7044 654 2804 7045 606 2804 7046 606 2804 7047 654 2804 7048 655 2804 7049 654 2873 7050 607 2873 7051 653 2873 7052 653 2874 7053 607 2874 7054 606 2874 7055 655 302 7056 654 302 7057 653 302 7058 604 2876 7059 652 2876 7060 605 2876 7061 605 2877 7062 652 2877 7063 651 2877 7064 561 2878 7065 604 2878 7066 605 2878 7067 652 2879 7068 604 2879 7069 651 2879 7070 651 2880 7071 604 2880 7072 561 2880 7073 716 2881 7074 718 2881 7075 715 2881 7076 715 2882 7077 718 2882 7078 717 2882 7079 778 2883 7080 716 2883 7081 715 2883 7082 718 2884 7083 716 2884 7084 717 2884 7085 717 2885 7086 716 2885 7087 778 2885 7088 720 2886 7089 722 2886 7090 719 2886 7091 719 2887 7092 722 2887 7093 721 2887 7094 779 2888 7095 720 2888 7096 719 2888 7097 722 2889 7098 720 2889 7099 721 2889 7100 721 2890 7101 720 2890 7102 779 2890 7103 566 2891 7104 613 2891 7105 657 2891 7106 612 2892 7107 613 2892 7108 611 2892 7109 611 2893 7110 613 2893 7111 566 2893 7112 613 2894 7113 612 2894 7114 657 2894 7115 657 2862 7116 612 2862 7117 611 2862 7118 609 2895 7119 610 2895 7120 656 2895 7121 608 2896 7122 610 2896 7123 564 2896 7124 564 2897 7125 610 2897 7126 609 2897 7127 656 2898 7128 608 2898 7129 564 2898 7130 610 2899 7131 608 2899 7132 656 2899 7133 724 2900 7134 781 2900 7135 725 2900 7136 723 2901 7137 724 2901 7138 725 2901 7139 781 2902 7140 724 2902 7141 780 2902 7142 780 2903 7143 724 2903 7144 723 2903 7145 725 2904 7146 781 2904 7147 780 2904 7148 727 2905 7149 729 2905 7150 726 2905 7151 726 2906 7152 729 2906 7153 728 2906 7154 782 307 7155 727 307 7156 726 307 7157 729 2907 7158 727 2907 7159 728 2907 7160 728 2908 7161 727 2908 7162 782 2908 7163 619 2909 7164 660 2909 7165 569 2909 7166 569 2910 7167 660 2910 7168 659 2910 7169 618 2798 7170 619 2798 7171 569 2798 7172 660 2911 7173 619 2911 7174 659 2911 7175 659 2800 7176 619 2800 7177 618 2800 7178 616 2912 7179 617 2912 7180 658 2912 7181 615 2859 7182 617 2859 7183 614 2859 7184 614 2913 7185 617 2913 7186 616 2913 7187 617 2861 7188 615 2861 7189 658 2861 7190 658 2862 7191 615 2862 7192 614 2862 7193 731 2905 7194 733 2905 7195 730 2905 7196 730 2906 7197 733 2906 7198 732 2906 7199 783 2914 7200 731 2914 7201 730 2914 7202 733 2907 7203 731 2907 7204 732 2907 7205 732 2915 7206 731 2915 7207 783 2915 7208 735 2786 7209 785 2786 7210 734 2786 7211 734 2804 7212 785 2804 7213 786 2804 7214 785 2793 7215 735 2793 7216 784 2793 7217 784 2733 7218 735 2733 7219 734 2733 7220 786 302 7221 785 302 7222 784 302 7223 624 2916 7224 664 2916 7225 572 2916 7226 572 2797 7227 664 2797 7228 663 2797 7229 623 2917 7230 624 2917 7231 572 2917 7232 664 2817 7233 624 2817 7234 663 2817 7235 663 2918 7236 624 2918 7237 623 2918 7238 620 2919 7239 622 2919 7240 662 2919 7241 621 2920 7242 622 2920 7243 620 2920 7244 661 2921 7245 621 2921 7246 620 2921 7247 622 2922 7248 621 2922 7249 662 2922 7250 662 2923 7251 621 2923 7252 661 2923 7253 542 307 7254 739 307 7255 543 307 7256 543 307 7257 739 307 7258 740 307 7259 741 303 7260 573 303 7261 742 303 7262 742 303 7263 573 303 7264 574 303 7265 739 302 7266 741 302 7267 740 302 7268 740 302 7269 741 302 7270 742 302 7271 573 14 7272 741 14 7273 542 14 7274 542 14 7275 741 14 7276 739 14 7277 1141 303 7278 1107 303 7279 1142 303 7280 1142 303 7281 1107 303 7282 1108 303 7283 1105 307 7284 1139 307 7285 1106 307 7286 1106 307 7287 1139 307 7288 1140 307 7289 1107 304 7290 1105 304 7291 1108 304 7292 1108 304 7293 1105 304 7294 1106 304 7295 1139 14 7296 1105 14 7297 1141 14 7298 1141 14 7299 1105 14 7300 1107 14 7301</p>
        </triangles>
        <triangles material="Shape_912-material" count="58">
          <input semantic="VERTEX" source="#Shape_IndexedFaceSet_865-mesh-vertices" offset="0"/>
          <input semantic="NORMAL" source="#Shape_IndexedFaceSet_865-mesh-normals" offset="1"/>
          <input semantic="TEXCOORD" source="#Shape_IndexedFaceSet_865-mesh-map-0" offset="2" set="0"/>
          <p>1224 2924 7302 1223 2924 7303 1231 2924 7304 1231 2925 7305 1223 2925 7306 1230 2925 7307 1204 2926 7308 1203 2926 7309 1224 2926 7310 1224 2927 7311 1203 2927 7312 1223 2927 7313 1202 2928 7314 1201 2928 7315 1204 2928 7316 1204 2929 7317 1201 2929 7318 1203 2929 7319 1216 2930 7320 1215 2930 7321 1202 2930 7322 1202 2931 7323 1215 2931 7324 1201 2931 7325 1229 2932 7326 1228 2932 7327 1216 2932 7328 1216 2933 7329 1228 2933 7330 1215 2933 7331 1231 2934 7332 1230 2934 7333 1229 2934 7334 1229 2935 7335 1230 2935 7336 1228 2935 7337 1230 2936 7338 1227 2936 7339 1228 2936 7340 1201 14 7341 1206 14 7342 1203 14 7343 1227 2937 7344 1214 2937 7345 1228 2937 7346 1228 14 7347 1214 14 7348 1215 14 7349 1215 2938 7350 1214 2938 7351 1201 2938 7352 1201 14 7353 1214 14 7354 1206 14 7355 1206 2939 7356 1213 2939 7357 1203 2939 7358 1203 14 7359 1213 14 7360 1223 14 7361 1223 2940 7362 1213 2940 7363 1230 2940 7364 1230 14 7365 1213 14 7366 1227 14 7367 1206 2941 7368 1205 2942 7369 1213 2943 7370 1213 2944 7371 1205 2945 7372 1217 2946 7373 1213 2947 7374 1217 2948 7375 1227 2949 7376 1227 2950 7377 1217 2951 7378 1225 2952 7379 1227 2953 7380 1225 2954 7381 1214 2955 7382 1214 2956 7383 1225 2957 7384 1207 2958 7385 1214 2959 7386 1207 2960 7387 1206 2961 7388 1206 2962 7389 1207 2963 7390 1205 2964 7391 1225 2965 7392 1217 2965 7393 1207 2965 7394 1217 14 7395 1205 14 7396 1207 14 7397 1216 2966 7398 1212 2966 7399 1221 2966 7400 1216 18 7401 1221 18 7402 1229 18 7403 1229 18 7404 1221 18 7405 1231 18 7406 1231 18 7407 1221 18 7408 1226 18 7409 1226 2967 7410 1220 2967 7411 1231 2967 7412 1231 18 7413 1220 18 7414 1224 18 7415 1224 2968 7416 1220 2968 7417 1211 2968 7418 1224 18 7419 1211 18 7420 1204 18 7421 1204 18 7422 1211 18 7423 1202 18 7424 1202 2969 7425 1211 2969 7426 1209 2969 7427 1209 18 7428 1212 18 7429 1202 18 7430 1202 18 7431 1212 18 7432 1216 18 7433 1208 2970 7434 1210 2971 7435 1219 2972 7436 1210 2973 7437 1222 2974 7438 1219 2975 7439 1219 2976 7440 1222 2977 7441 1218 2978 7442 1219 2979 7443 1218 2980 7444 1208 2981 7445 1208 2982 7446 1209 2983 7447 1210 2984 7448 1210 2985 7449 1209 2986 7450 1211 2987 7451 1210 2988 7452 1211 2989 7453 1220 2990 7454 1210 2991 7455 1220 2992 7456 1222 2993 7457 1222 2994 7458 1220 2995 7459 1226 2996 7460 1222 2997 7461 1226 2998 7462 1218 2999 7463 1218 3000 7464 1226 3001 7465 1221 3002 7466 1218 3003 7467 1221 3004 7468 1212 3005 7469 1218 3006 7470 1212 3007 7471 1208 3008 7472 1208 3009 7473 1212 3010 7474 1209 3011 7475</p>
        </triangles>
        <triangles material="Shape_913-material" count="58">
          <input semantic="VERTEX" source="#Shape_IndexedFaceSet_865-mesh-vertices" offset="0"/>
          <input semantic="NORMAL" source="#Shape_IndexedFaceSet_865-mesh-normals" offset="1"/>
          <input semantic="TEXCOORD" source="#Shape_IndexedFaceSet_865-mesh-map-0" offset="2" set="0"/>
          <p>1253 3012 7476 1252 3012 7477 1235 3012 7478 1235 97 7479 1252 97 7480 1234 97 7481 1262 3013 7482 1261 3013 7483 1253 3013 7484 1253 450 7485 1261 450 7486 1252 450 7487 1260 192 7488 1259 192 7489 1262 192 7490 1262 4 7491 1259 4 7492 1261 4 7493 1248 101 7494 1247 101 7495 1260 101 7496 1260 101 7497 1247 101 7498 1259 101 7499 1233 3014 7500 1232 3014 7501 1248 3014 7502 1248 452 7503 1232 452 7504 1247 452 7505 1235 196 7506 1234 196 7507 1233 196 7508 1233 10 7509 1234 10 7510 1232 10 7511 1232 3015 7512 1238 3015 7513 1247 3015 7514 1252 3016 7515 1249 3016 7516 1237 3016 7517 1252 14 7518 1237 14 7519 1234 14 7520 1234 3017 7521 1237 3017 7522 1232 3017 7523 1232 14 7524 1237 14 7525 1238 14 7526 1247 3018 7527 1238 3018 7528 1255 3018 7529 1247 14 7530 1255 14 7531 1259 14 7532 1261 3019 7533 1249 3019 7534 1252 3019 7535 1259 3020 7536 1255 3020 7537 1261 3020 7538 1261 14 7539 1255 14 7540 1249 14 7541 1255 3021 7542 1257 3022 7543 1249 3023 7544 1249 3024 7545 1257 3025 7546 1245 3026 7547 1249 3027 7548 1245 3028 7549 1237 3029 7550 1237 3030 7551 1245 3031 7552 1236 3032 7553 1237 3033 7554 1236 3034 7555 1238 3035 7556 1238 3036 7557 1236 3037 7558 1241 3038 7559 1238 3039 7560 1241 3040 7561 1255 3041 7562 1255 3042 7563 1241 3043 7564 1257 3044 7565 1236 14 7566 1257 14 7567 1241 14 7568 1236 14 7569 1245 14 7570 1257 14 7571 1246 18 7572 1256 18 7573 1262 18 7574 1262 3045 7575 1256 3045 7576 1260 3045 7577 1260 18 7578 1256 18 7579 1244 18 7580 1260 18 7581 1244 18 7582 1248 18 7583 1253 3046 7584 1246 3046 7585 1262 3046 7586 1248 3047 7587 1244 3047 7588 1233 3047 7589 1244 18 7590 1240 18 7591 1233 18 7592 1233 3048 7593 1240 3048 7594 1235 3048 7595 1235 3049 7596 1240 3049 7597 1246 3049 7598 1235 3050 7599 1246 3050 7600 1253 3050 7601 1250 3051 7602 1251 3052 7603 1258 3053 7604 1258 3054 7605 1254 3055 7606 1250 3056 7607 1254 3057 7608 1242 3058 7609 1250 3059 7610 1242 3060 7611 1239 3061 7612 1250 3062 7613 1239 3063 7614 1243 3064 7615 1250 3065 7616 1250 3066 7617 1243 3067 7618 1251 3068 7619 1251 3069 7620 1256 3070 7621 1258 3071 7622 1258 3072 7623 1256 3073 7624 1254 3074 7625 1254 3075 7626 1256 3076 7627 1246 3077 7628 1254 3078 7629 1246 3079 7630 1242 3080 7631 1242 3081 7632 1246 3082 7633 1240 3083 7634 1242 3084 7635 1240 3085 7636 1239 3086 7637 1239 3087 7638 1240 3088 7639 1243 3089 7640 1243 3090 7641 1240 3091 7642 1244 3092 7643 1243 3093 7644 1244 3094 7645 1251 3095 7646 1251 3096 7647 1244 3097 7648 1256 3098 7649</p>
        </triangles>
        <triangles material="Shape_914-material" count="56">
          <input semantic="VERTEX" source="#Shape_IndexedFaceSet_865-mesh-vertices" offset="0"/>
          <input semantic="NORMAL" source="#Shape_IndexedFaceSet_865-mesh-normals" offset="1"/>
          <input semantic="TEXCOORD" source="#Shape_IndexedFaceSet_865-mesh-map-0" offset="2" set="0"/>
          <p>1275 3099 7650 1263 3099 7651 1276 3099 7652 1276 3100 7653 1263 3100 7654 1264 3100 7655 1289 3101 7656 1275 3101 7657 1290 3101 7658 1290 3102 7659 1275 3102 7660 1276 3102 7661 1291 3103 7662 1289 3104 7663 1292 3105 7664 1292 3106 7665 1289 3106 7666 1290 3106 7667 1286 3107 7668 1291 3107 7669 1287 3107 7670 1287 3108 7671 1291 3108 7672 1292 3108 7673 1265 3109 7674 1286 3109 7675 1266 3109 7676 1266 3110 7677 1286 3110 7678 1287 3110 7679 1263 3111 7680 1265 3111 7681 1264 3111 7682 1264 3112 7683 1265 3113 7684 1266 3114 7685 1265 14 7686 1267 14 7687 1286 14 7688 1289 14 7689 1284 14 7690 1275 14 7691 1284 14 7692 1269 14 7693 1275 14 7694 1269 14 7695 1267 14 7696 1263 14 7697 1263 3115 7698 1267 3115 7699 1265 3115 7700 1267 14 7701 1281 14 7702 1286 14 7703 1275 3116 7704 1269 3116 7705 1263 3116 7706 1286 3117 7707 1281 3117 7708 1291 3117 7709 1281 14 7710 1284 14 7711 1291 14 7712 1291 14 7713 1284 14 7714 1289 14 7715 1285 18 7716 1273 18 7717 1287 18 7718 1271 18 7719 1279 18 7720 1276 18 7721 1292 18 7722 1285 18 7723 1287 18 7724 1266 3118 7725 1273 3118 7726 1264 3118 7727 1287 3119 7728 1273 3119 7729 1266 3119 7730 1273 3120 7731 1271 3120 7732 1264 3120 7733 1264 18 7734 1271 18 7735 1276 18 7736 1276 18 7737 1279 18 7738 1290 18 7739 1290 3121 7740 1279 3121 7741 1292 3121 7742 1292 18 7743 1279 18 7744 1285 18 7745 1282 3122 7746 1285 3123 7747 1288 3124 7748 1288 3125 7749 1285 3126 7750 1279 3127 7751 1288 3128 7752 1279 3129 7753 1278 3130 7754 1278 3131 7755 1279 3132 7756 1270 3133 7757 1270 3134 7758 1279 3135 7759 1271 3136 7760 1270 3137 7761 1271 3138 7762 1272 3139 7763 1272 3140 7764 1271 3141 7765 1273 3142 7766 1272 3143 7767 1273 3144 7768 1277 3145 7769 1277 3146 7770 1273 3147 7771 1282 3148 7772 1282 3149 7773 1273 3150 7774 1285 3151 7775 1278 18 7776 1270 18 7777 1282 18 7778 1282 3152 7779 1288 3152 7780 1278 3152 7781 1282 18 7782 1272 18 7783 1277 18 7784 1270 3153 7785 1272 3153 7786 1282 3153 7787 1281 3154 7788 1283 3155 7789 1284 3156 7790 1284 3157 7791 1283 3158 7792 1268 3159 7793 1284 3160 7794 1268 3161 7795 1269 3162 7796 1269 3163 7797 1268 3164 7798 1274 3165 7799 1269 3166 7800 1274 3167 7801 1267 3168 7802 1267 3169 7803 1274 3170 7804 1280 3171 7805 1267 3172 7806 1280 3173 7807 1281 3174 7808 1281 3175 7809 1280 3176 7810 1283 3177 7811 1274 14 7812 1283 14 7813 1280 14 7814 1268 14 7815 1283 14 7816 1274 14 7817</p>
        </triangles>
        <triangles material="Shape_915-material" count="58">
          <input semantic="VERTEX" source="#Shape_IndexedFaceSet_865-mesh-vertices" offset="0"/>
          <input semantic="NORMAL" source="#Shape_IndexedFaceSet_865-mesh-normals" offset="1"/>
          <input semantic="TEXCOORD" source="#Shape_IndexedFaceSet_865-mesh-map-0" offset="2" set="0"/>
          <p>1315 0 7818 1314 0 7819 1296 0 7820 1296 0 7821 1314 0 7822 1295 0 7823 1323 3178 7824 1322 3178 7825 1315 3178 7826 1315 2 7827 1322 2 7828 1314 2 7829 1321 3 7830 1320 3 7831 1323 3 7832 1323 4 7833 1320 4 7834 1322 4 7835 1309 3179 7836 1308 3179 7837 1321 3179 7838 1321 6 7839 1308 6 7840 1320 6 7841 1294 3180 7842 1293 3180 7843 1309 3180 7844 1309 8 7845 1293 8 7846 1308 8 7847 1296 9 7848 1295 9 7849 1294 9 7850 1294 10 7851 1295 10 7852 1293 10 7853 1293 3181 7854 1299 3181 7855 1308 3181 7856 1314 3182 7857 1310 3182 7858 1298 3182 7859 1314 14 7860 1298 14 7861 1295 14 7862 1295 3183 7863 1298 3183 7864 1293 3183 7865 1293 14 7866 1298 14 7867 1299 14 7868 1308 3184 7869 1299 3184 7870 1317 3184 7871 1308 14 7872 1317 14 7873 1320 14 7874 1322 3185 7875 1310 3185 7876 1314 3185 7877 1320 3186 7878 1317 3186 7879 1322 3186 7880 1322 14 7881 1317 14 7882 1310 14 7883 1317 3187 7884 1311 3188 7885 1310 3189 7886 1310 3190 7887 1311 3191 7888 1306 3192 7889 1310 3193 7890 1306 3194 7891 1298 3195 7892 1298 3196 7893 1306 3197 7894 1297 3198 7895 1298 3199 7896 1297 3200 7897 1299 3201 7898 1299 3202 7899 1297 3203 7900 1302 3204 7901 1299 3205 7902 1302 3206 7903 1317 3207 7904 1317 3208 7905 1302 3209 7906 1311 3210 7907 1302 14 7908 1297 14 7909 1311 14 7910 1297 14 7911 1306 14 7912 1311 14 7913 1307 18 7914 1318 18 7915 1323 18 7916 1323 3211 7917 1318 3211 7918 1321 3211 7919 1321 3212 7920 1318 3212 7921 1305 3212 7922 1321 3213 7923 1305 3213 7924 1309 3213 7925 1315 3214 7926 1307 3214 7927 1323 3214 7928 1309 3215 7929 1305 3215 7930 1294 3215 7931 1305 18 7932 1301 18 7933 1294 18 7934 1294 3216 7935 1301 3216 7936 1296 3216 7937 1296 18 7938 1301 18 7939 1307 18 7940 1296 18 7941 1307 18 7942 1315 18 7943 1312 3217 7944 1313 3218 7945 1319 3219 7946 1319 3220 7947 1316 3221 7948 1312 3222 7949 1316 3223 7950 1303 3224 7951 1312 3225 7952 1303 3226 7953 1300 3227 7954 1312 3228 7955 1300 3229 7956 1304 3230 7957 1312 3231 7958 1312 3232 7959 1304 3233 7960 1313 3234 7961 1313 3235 7962 1318 3236 7963 1319 3237 7964 1319 3238 7965 1318 3239 7966 1316 3240 7967 1316 3241 7968 1318 3242 7969 1307 3243 7970 1316 3244 7971 1307 3245 7972 1303 3246 7973 1303 3247 7974 1307 3248 7975 1301 3249 7976 1303 3250 7977 1301 3251 7978 1300 3252 7979 1300 3253 7980 1301 3254 7981 1304 3255 7982 1304 3256 7983 1301 3257 7984 1305 3258 7985 1304 3259 7986 1305 3260 7987 1313 3261 7988 1313 3262 7989 1305 3263 7990 1318 3264 7991</p>
        </triangles>
        <triangles material="Shape_916-material" count="56">
          <input semantic="VERTEX" source="#Shape_IndexedFaceSet_865-mesh-vertices" offset="0"/>
          <input semantic="NORMAL" source="#Shape_IndexedFaceSet_865-mesh-normals" offset="1"/>
          <input semantic="TEXCOORD" source="#Shape_IndexedFaceSet_865-mesh-map-0" offset="2" set="0"/>
          <p>1328 3265 7992 1324 3265 7993 1329 3265 7994 1329 3266 7995 1324 3266 7996 1325 3266 7997 1350 3267 7998 1328 3267 7999 1351 3267 8000 1351 3268 8001 1328 3268 8002 1329 3268 8003 1352 3269 8004 1350 3269 8005 1353 3269 8006 1353 3270 8007 1350 3270 8008 1351 3270 8009 1348 3271 8010 1352 3271 8011 1349 3271 8012 1349 3271 8013 1352 3271 8014 1353 3271 8015 1326 3272 8016 1348 3272 8017 1327 3272 8018 1327 3273 8019 1348 3273 8020 1349 3273 8021 1324 3274 8022 1326 3274 8023 1325 3274 8024 1325 3275 8025 1326 3275 8026 1327 3275 8027 1328 14 8028 1334 14 8029 1324 14 8030 1324 14 8031 1334 14 8032 1331 14 8033 1350 14 8034 1334 14 8035 1328 14 8036 1331 14 8037 1340 14 8038 1326 14 8039 1326 14 8040 1340 14 8041 1348 14 8042 1348 14 8043 1340 14 8044 1352 14 8045 1352 14 8046 1340 14 8047 1347 14 8048 1324 14 8049 1331 14 8050 1326 14 8051 1352 14 8052 1347 14 8053 1350 14 8054 1350 3276 8055 1347 3276 8056 1334 3276 8057 1349 3277 8058 1344 3277 8059 1338 3277 8060 1349 18 8061 1338 18 8062 1327 18 8063 1329 3278 8064 1335 3278 8065 1342 3278 8066 1329 18 8067 1342 18 8068 1351 18 8069 1342 18 8070 1345 18 8071 1351 18 8072 1351 3279 8073 1345 3279 8074 1353 3279 8075 1345 3280 8076 1344 3280 8077 1353 3280 8078 1353 18 8079 1344 18 8080 1349 18 8081 1338 18 8082 1333 18 8083 1327 18 8084 1327 3281 8085 1333 3281 8086 1325 3281 8087 1333 18 8088 1335 18 8089 1325 18 8090 1325 18 8091 1335 18 8092 1329 18 8093 1343 3282 8094 1345 3283 8095 1341 3284 8096 1341 3285 8097 1345 3286 8098 1342 3287 8099 1341 3288 8100 1342 3289 8101 1332 3290 8102 1332 3291 8103 1342 3292 8104 1335 3293 8105 1332 3294 8106 1335 3295 8107 1333 3296 8108 1332 3297 8109 1333 3298 8110 1336 3299 8111 1336 3300 8112 1333 3301 8113 1338 3302 8114 1336 3303 8115 1338 3304 8116 1343 3305 8117 1343 3306 8118 1338 3307 8119 1344 3308 8120 1343 3309 8121 1344 3310 8122 1345 3311 8123 1341 3312 8124 1336 3312 8125 1343 3312 8126 1332 18 8127 1336 18 8128 1341 18 8129 1347 3313 8130 1346 3314 8131 1337 3315 8132 1347 3316 8133 1337 3317 8134 1334 3318 8135 1334 3319 8136 1337 3320 8137 1330 3321 8138 1334 3322 8139 1330 3323 8140 1331 3324 8141 1331 3325 8142 1330 3326 8143 1339 3327 8144 1331 3328 8145 1339 3329 8146 1340 3330 8147 1340 3331 8148 1339 3332 8149 1346 3333 8150 1340 3334 8151 1346 3335 8152 1347 3336 8153 1337 3337 8154 1339 3337 8155 1330 3337 8156 1337 14 8157 1346 14 8158 1339 14 8159</p>
        </triangles>
        <triangles material="Shape_917-material" count="598">
          <input semantic="VERTEX" source="#Shape_IndexedFaceSet_865-mesh-vertices" offset="0"/>
          <input semantic="NORMAL" source="#Shape_IndexedFaceSet_865-mesh-normals" offset="1"/>
          <input semantic="TEXCOORD" source="#Shape_IndexedFaceSet_865-mesh-map-0" offset="2" set="0"/>
          <p>1474 3338 8160 1471 3338 8161 1479 3338 8162 1474 3339 8163 1479 3339 8164 1480 3339 8165 1471 3340 8166 1474 3340 8167 1464 3340 8168 1464 3341 8169 1474 3341 8170 1481 3341 8171 1512 3342 8172 1494 3342 8173 1505 3342 8174 1505 3343 8175 1511 3343 8176 1512 3343 8177 1512 3344 8178 1511 3344 8179 1514 3344 8180 1514 3345 8181 1511 3345 8182 1513 3345 8183 1509 3346 8184 1510 3346 8185 1504 3346 8186 1509 3347 8187 1504 3347 8188 1508 3347 8189 1510 3348 8190 1509 3348 8191 1507 3348 8192 1507 3349 8193 1509 3349 8194 1506 3349 8195 1473 3350 8196 1477 3350 8197 1478 3350 8198 1478 3351 8199 1470 3351 8200 1473 3351 8201 1473 3352 8202 1470 3352 8203 1475 3352 8204 1475 3353 8205 1470 3353 8206 1476 3353 8207 1442 18 8208 1455 18 8209 1444 18 8210 1446 18 8211 1471 18 8212 1464 18 8213 1511 18 8214 1523 18 8215 1524 18 8216 1597 3354 8217 1568 3354 8218 1547 3354 8219 1597 18 8220 1547 18 8221 1463 18 8222 1617 3355 8223 1563 3355 8224 1590 3355 8225 1617 3356 8226 1590 3356 8227 1593 3356 8228 1617 3357 8229 1593 3357 8230 1597 3357 8231 1597 3358 8232 1593 3358 8233 1568 3358 8234 1563 3359 8235 1553 3359 8236 1590 3359 8237 1563 3360 8238 1521 3360 8239 1553 3360 8240 1463 18 8241 1529 18 8242 1521 18 8243 1547 3361 8244 1529 3361 8245 1463 3361 8246 1562 18 8247 1617 18 8248 1546 18 8249 1524 3362 8250 1531 3362 8251 1513 3362 8252 1513 18 8253 1531 18 8254 1546 18 8255 1598 3363 8256 1595 3363 8257 1570 3363 8258 1598 18 8259 1570 18 8260 1549 18 8261 1598 3364 8262 1549 3364 8263 1524 3364 8264 1617 18 8265 1592 18 8266 1595 18 8267 1389 18 8268 1420 18 8269 1406 18 8270 1430 18 8271 1455 18 8272 1406 18 8273 1430 18 8274 1406 18 8275 1420 18 8276 1455 18 8277 1458 18 8278 1463 18 8279 1463 18 8280 1458 18 8281 1450 18 8282 1463 18 8283 1450 18 8284 1360 18 8285 1360 3365 8286 1450 3365 8287 1425 3365 8288 1425 18 8289 1400 18 8290 1360 18 8291 1360 18 8292 1400 18 8293 1389 18 8294 1409 3366 8295 1427 3366 8296 1402 3366 8297 1438 3367 8298 1457 3367 8299 1464 3367 8300 1457 18 8301 1460 18 8302 1464 18 8303 1464 3368 8304 1460 3368 8305 1452 3368 8306 1409 18 8307 1452 18 8308 1427 18 8309 1362 3369 8310 1422 3369 8311 1438 3369 8312 1362 3370 8313 1391 3370 8314 1422 3370 8315 1391 18 8316 1362 18 8317 1402 18 8318 1470 3371 8319 1466 3371 8320 1444 3371 8321 1468 18 8322 1446 18 8323 1466 18 8324 1466 18 8325 1446 18 8326 1444 18 8327 1471 3372 8328 1446 3372 8329 1468 3372 8330 1470 18 8331 1444 18 8332 1455 18 8333 1470 18 8334 1455 18 8335 1476 18 8336 1476 18 8337 1455 18 8338 1463 18 8339 1476 18 8340 1463 18 8341 1507 18 8342 1523 3373 8343 1511 3373 8344 1519 3373 8345 1522 3374 8346 1518 3374 8347 1510 3374 8348 1523 18 8349 1519 18 8350 1522 18 8351 1522 18 8352 1519 18 8353 1518 18 8354 1507 18 8355 1463 18 8356 1521 18 8357 1507 18 8358 1521 18 8359 1522 18 8360 1507 18 8361 1522 18 8362 1510 18 8363 1592 18 8364 1617 18 8365 1562 18 8366 1617 3375 8367 1565 3375 8368 1563 3375 8369 1563 3376 8370 1538 3376 8371 1521 3376 8372 1565 3377 8373 1555 3377 8374 1563 3377 8375 1521 3378 8376 1538 3378 8377 1522 3378 8378 1565 3379 8379 1522 3379 8380 1555 3379 8381 1565 18 8382 1617 18 8383 1558 18 8384 1522 3380 8385 1540 3380 8386 1523 3380 8387 1522 3381 8388 1565 3381 8389 1540 3381 8390 1617 3382 8391 1595 3382 8392 1598 3382 8393 1617 3383 8394 1598 3383 8395 1558 3383 8396 1558 3384 8397 1598 3384 8398 1566 3384 8399 1558 3385 8400 1566 3385 8401 1542 3385 8402 1558 18 8403 1542 18 8404 1523 18 8405 1598 3386 8406 1560 3386 8407 1566 3386 8408 1523 3387 8409 1542 3387 8410 1537 3387 8411 1523 3388 8412 1537 3388 8413 1524 3388 8414 1524 3389 8415 1537 3389 8416 1560 3389 8417 1524 3390 8418 1560 3390 8419 1598 3390 8420 1513 18 8421 1546 18 8422 1617 18 8423 1513 18 8424 1617 18 8425 1464 18 8426 1464 18 8427 1617 18 8428 1362 18 8429 1464 18 8430 1362 18 8431 1438 18 8432 1455 3391 8433 1442 3391 8434 1406 3391 8435 1406 3392 8436 1442 3392 8437 1415 3392 8438 1412 18 8439 1407 18 8440 1406 18 8441 1412 3393 8442 1406 3393 8443 1415 3393 8444 1444 3394 8445 1432 3394 8446 1442 3394 8447 1407 3395 8448 1412 3395 8449 1432 3395 8450 1407 18 8451 1432 18 8452 1444 18 8453 1408 3396 8454 1434 3396 8455 1446 3396 8456 1446 3397 8457 1434 3397 8458 1444 3397 8459 1452 3398 8460 1446 3398 8461 1464 3398 8462 1524 18 8463 1513 18 8464 1511 18 8465 1408 3399 8466 1446 3399 8467 1418 3399 8468 1408 3400 8469 1418 3400 8470 1409 3400 8471 1452 3401 8472 1436 3401 8473 1446 3401 8474 1409 18 8475 1436 18 8476 1452 18 8477 1402 18 8478 1362 18 8479 1409 18 8480 1409 3402 8481 1362 3402 8482 1408 3402 8483 1408 18 8484 1362 18 8485 1360 18 8486 1408 18 8487 1360 18 8488 1407 18 8489 1407 3403 8490 1360 3403 8491 1406 3403 8492 1406 3404 8493 1360 3404 8494 1389 3404 8495 1619 14 8496 1496 14 8497 1498 14 8498 1622 3405 8499 1605 3405 8500 1578 3405 8501 1485 14 8502 1448 14 8503 1392 14 8504 1485 14 8505 1392 14 8506 1498 14 8507 1498 3406 8508 1392 3406 8509 1572 3406 8510 1498 14 8511 1572 14 8512 1619 14 8513 1622 3407 8514 1578 3407 8515 1383 3407 8516 1572 14 8517 1603 14 8518 1619 14 8519 1619 14 8520 1603 14 8521 1622 14 8522 1574 14 8523 1576 14 8524 1603 14 8525 1603 3408 8526 1576 3408 8527 1605 3408 8528 1603 14 8529 1605 14 8530 1622 14 8531 1449 14 8532 1487 14 8533 1387 14 8534 1387 3409 8535 1487 3409 8536 1586 3409 8537 1586 14 8538 1487 14 8539 1500 14 8540 1493 3410 8541 1483 3410 8542 1396 3410 8543 1586 14 8544 1500 14 8545 1502 14 8546 1586 14 8547 1502 14 8548 1623 14 8549 1582 14 8550 1584 14 8551 1609 14 8552 1623 3411 8553 1608 3411 8554 1586 3411 8555 1396 3412 8556 1483 3412 8557 1469 3412 8558 1469 3413 8559 1465 3413 8560 1396 3413 8561 1396 14 8562 1465 14 8563 1383 14 8564 1383 3414 8565 1465 3414 8566 1467 3414 8567 1580 3415 8568 1609 3415 8569 1622 3415 8570 1622 3416 8571 1609 3416 8572 1623 3416 8573 1609 3417 8574 1584 3417 8575 1623 3417 8576 1623 3418 8577 1584 3418 8578 1608 3418 8579 1383 3419 8580 1467 3419 8581 1482 3419 8582 1517 3420 8583 1493 3420 8584 1580 3420 8585 1495 3421 8586 1622 3421 8587 1482 3421 8588 1482 3422 8589 1622 3422 8590 1383 3422 8591 1622 3423 8592 1495 3423 8593 1516 3423 8594 1493 3424 8595 1396 3424 8596 1580 3424 8597 1516 3425 8598 1520 3425 8599 1622 3425 8600 1622 3426 8601 1520 3426 8602 1580 3426 8603 1580 3427 8604 1520 3427 8605 1517 3427 8606 1356 3428 8607 1396 3428 8608 1383 3428 8609 1449 14 8610 1387 14 8611 1357 14 8612 1584 14 8613 1582 14 8614 1398 14 8615 1398 3429 8616 1582 3429 8617 1385 3429 8618 1398 3430 8619 1385 3430 8620 1376 3430 8621 1387 3431 8622 1378 3431 8623 1357 3431 8624 1357 14 8625 1378 14 8626 1356 14 8627 1356 3432 8628 1376 3432 8629 1396 3432 8630 1356 3433 8631 1378 3433 8632 1376 3433 8633 1376 3434 8634 1378 3434 8635 1398 3434 8636 1354 14 8637 1392 14 8638 1448 14 8639 1354 3435 8640 1374 3435 8641 1394 3435 8642 1576 14 8643 1574 14 8644 1394 14 8645 1394 3436 8646 1574 3436 8647 1381 3436 8648 1356 3437 8649 1383 3437 8650 1374 3437 8651 1356 3438 8652 1374 3438 8653 1354 3438 8654 1354 3439 8655 1372 3439 8656 1392 3439 8657 1394 3440 8658 1381 3440 8659 1354 3440 8660 1354 3441 8661 1381 3441 8662 1372 3441 8663 1488 3442 8664 1399 3442 8665 1501 3442 8666 1503 18 8667 1501 18 8668 1624 18 8669 1624 3443 8670 1501 3443 8671 1587 3443 8672 1399 3444 8673 1587 3444 8674 1501 3444 8675 1621 3445 8676 1606 3445 8677 1581 3445 8678 1410 3446 8679 1377 3446 8680 1397 3446 8681 1600 3447 8682 1581 3447 8683 1526 3447 8684 1624 3448 8685 1583 3448 8686 1606 3448 8687 1624 3449 8688 1606 3449 8689 1621 3449 8690 1386 3450 8691 1377 3450 8692 1410 3450 8693 1368 3451 8694 1386 3451 8695 1379 3451 8696 1384 3452 8697 1368 3452 8698 1405 3452 8699 1607 18 8700 1585 18 8701 1583 18 8702 1488 18 8703 1489 18 8704 1399 18 8705 1399 3453 8706 1489 3453 8707 1358 3453 8708 1399 3454 8709 1358 3454 8710 1379 3454 8711 1587 3455 8712 1607 3455 8713 1624 3455 8714 1624 3456 8715 1607 3456 8716 1583 3456 8717 1368 3457 8718 1384 3457 8719 1377 3457 8720 1368 3458 8721 1377 3458 8722 1386 3458 8723 1600 3459 8724 1613 3459 8725 1581 3459 8726 1581 3460 8727 1613 3460 8728 1621 3460 8729 1621 3461 8730 1613 3461 8731 1614 3461 8732 1621 3462 8733 1614 3462 8734 1610 3462 8735 1472 3463 8736 1439 3463 8737 1369 3463 8738 1439 3464 8739 1370 3464 8740 1369 3464 8741 1369 3465 8742 1370 3465 8743 1364 3465 8744 1621 3466 8745 1610 3466 8746 1551 3466 8747 1405 3467 8748 1462 3467 8749 1384 3467 8750 1384 3468 8751 1462 3468 8752 1581 3468 8753 1581 3469 8754 1462 3469 8755 1515 3469 8756 1581 3470 8757 1515 3470 8758 1526 3470 8759 1410 18 8760 1397 18 8761 1585 18 8762 1585 3471 8763 1397 3471 8764 1583 3471 8765 1551 3472 8766 1492 3472 8767 1621 3472 8768 1621 3473 8769 1492 3473 8770 1369 3473 8771 1369 3474 8772 1492 3474 8773 1472 3474 8774 1355 18 8775 1484 18 8776 1486 18 8777 1380 3475 8778 1355 3475 8779 1486 3475 8780 1380 3476 8781 1486 3476 8782 1573 3476 8783 1573 3477 8784 1486 3477 8785 1499 3477 8786 1499 18 8787 1497 18 8788 1573 18 8789 1573 3478 8790 1497 3478 8791 1620 3478 8792 1573 3479 8793 1620 3479 8794 1602 3479 8795 1621 3480 8796 1575 3480 8797 1620 3480 8798 1620 3481 8799 1575 3481 8800 1602 3481 8801 1369 3482 8802 1375 3482 8803 1395 3482 8804 1355 3483 8805 1380 3483 8806 1373 3483 8807 1355 18 8808 1373 18 8809 1382 18 8810 1621 3484 8811 1579 3484 8812 1604 3484 8813 1621 3485 8814 1604 3485 8815 1575 3485 8816 1369 3486 8817 1395 3486 8818 1621 3486 8819 1621 3487 8820 1395 3487 8821 1579 3487 8822 1604 18 8823 1577 18 8824 1575 18 8825 1373 18 8826 1393 18 8827 1382 18 8828 1575 18 8829 1577 18 8830 1393 18 8831 1393 3488 8832 1577 3488 8833 1382 3488 8834 1355 3489 8835 1364 3489 8836 1365 3489 8837 1355 18 8838 1365 18 8839 1358 18 8840 1358 3490 8841 1365 3490 8842 1368 3490 8843 1358 18 8844 1368 18 8845 1379 18 8846 1382 18 8847 1375 18 8848 1355 18 8849 1355 3491 8850 1375 3491 8851 1369 3491 8852 1355 3492 8853 1369 3492 8854 1364 3492 8855 1624 303 8856 1623 303 8857 1503 303 8858 1503 303 8859 1623 303 8860 1502 303 8861 1448 307 8862 1484 307 8863 1355 307 8864 1448 3493 8865 1355 3493 8866 1354 3493 8867 1494 3494 8868 1515 3495 8869 1462 3496 8870 1494 3497 8871 1462 3498 8872 1480 3499 8873 1480 3500 8874 1462 3501 8875 1474 3502 8876 1474 3503 8877 1462 3504 8878 1441 3505 8879 1441 3506 8880 1462 3507 8881 1405 3508 8882 1441 3509 8883 1405 3510 8884 1371 3511 8885 1371 3512 8886 1405 3513 8887 1368 3514 8888 1371 3515 8889 1368 3516 8890 1366 3517 8891 1366 3518 8892 1368 3519 8893 1365 3520 8894 1366 3521 8895 1365 3522 8896 1361 3523 8897 1361 3524 8898 1365 3525 8899 1364 3526 8900 1361 3527 8901 1364 3528 8902 1367 3529 8903 1367 3530 8904 1364 3531 8905 1370 3532 8906 1367 3533 8907 1370 3534 8908 1404 3535 8909 1404 3536 8910 1370 3537 8911 1439 3538 8912 1404 3539 8913 1439 3540 8914 1440 3541 8915 1440 3542 8916 1439 3543 8917 1472 3544 8918 1440 3545 8919 1472 3546 8920 1473 3547 8921 1614 3548 8922 1612 3549 8923 1610 3550 8924 1610 3551 8925 1612 3552 8926 1599 3553 8927 1610 3554 8928 1599 3555 8929 1551 3556 8930 1551 3557 8931 1599 3558 8932 1525 3559 8933 1551 3560 8934 1525 3561 8935 1492 3562 8936 1492 3563 8937 1525 3564 8938 1509 3565 8939 1492 3566 8940 1509 3567 8941 1508 3568 8942 1492 3569 8943 1508 3570 8944 1477 3571 8945 1492 3572 8946 1477 3573 8947 1472 3574 8948 1472 3575 8949 1477 3576 8950 1473 3577 8951 1494 3578 8952 1512 3579 8953 1515 3580 8954 1515 3581 8955 1512 3582 8956 1527 3583 8957 1515 3584 8958 1527 3585 8959 1526 3586 8960 1526 3587 8961 1527 3588 8962 1601 3589 8963 1526 3590 8964 1601 3591 8965 1600 3592 8966 1600 3593 8967 1601 3594 8968 1611 3595 8969 1600 3596 8970 1611 3597 8971 1613 3598 8972 1613 3599 8973 1611 3600 8974 1615 3601 8975 1613 3602 8976 1615 3603 8977 1614 3604 8978 1614 3605 8979 1615 3606 8980 1612 3607 8981 1623 302 8982 1624 302 8983 1622 302 8984 1622 302 8985 1624 302 8986 1621 302 8987 1622 302 8988 1621 302 8989 1619 302 8990 1619 302 8991 1621 302 8992 1620 302 8993 1489 303 8994 1449 303 8995 1358 303 8996 1358 303 8997 1449 303 8998 1357 303 8999 1354 3608 9000 1355 3608 9001 1356 3608 9002 1356 3609 9003 1355 3609 9004 1357 3609 9005 1357 3610 9006 1355 3610 9007 1358 3610 9008 1496 307 9009 1619 307 9010 1497 307 9011 1497 307 9012 1619 307 9013 1620 307 9014 1392 3611 9015 1380 3611 9016 1573 3611 9017 1392 3612 9018 1573 3612 9019 1572 3612 9020 1572 3613 9021 1573 3614 9022 1602 3615 9023 1572 3616 9024 1602 3617 9025 1603 3618 9026 1603 3619 9027 1602 3620 9028 1575 3621 9029 1603 3622 9030 1575 3623 9031 1574 3624 9032 1574 3625 9033 1575 3625 9034 1381 3625 9035 1381 3626 9036 1575 3626 9037 1393 3626 9038 1381 3627 9039 1393 3628 9040 1373 3629 9041 1381 3630 9042 1373 3631 9043 1372 3632 9044 1372 3633 9045 1373 3634 9046 1380 3635 9047 1372 3636 9048 1380 3637 9049 1392 3638 9050 1394 3639 9051 1382 3639 9052 1577 3639 9053 1394 3640 9054 1577 3640 9055 1576 3640 9056 1576 3641 9057 1577 3642 9058 1604 3643 9059 1576 3644 9060 1604 3645 9061 1605 3646 9062 1605 3647 9063 1604 3648 9064 1579 3649 9065 1605 3650 9066 1579 3651 9067 1578 3652 9068 1578 3653 9069 1579 3653 9070 1383 3653 9071 1383 3654 9072 1579 3654 9073 1395 3654 9074 1383 3655 9075 1395 3656 9076 1375 3657 9077 1383 3658 9078 1375 3659 9079 1374 3660 9080 1374 3661 9081 1375 3662 9082 1382 3663 9083 1374 3664 9084 1382 3665 9085 1394 3666 9086 1580 3667 9087 1581 3668 9088 1606 3669 9089 1580 3670 9090 1606 3671 9091 1609 3672 9092 1609 3673 9093 1606 3674 9094 1583 3675 9095 1609 3676 9096 1583 3677 9097 1582 3678 9098 1582 3679 9099 1583 3679 9100 1385 3679 9101 1385 3680 9102 1583 3680 9103 1397 3680 9104 1385 3681 9105 1397 3682 9106 1377 3683 9107 1385 3684 9108 1377 3685 9109 1376 3686 9110 1376 3687 9111 1377 3688 9112 1384 3689 9113 1376 3690 9114 1384 3691 9115 1396 3692 9116 1396 3693 9117 1384 3693 9118 1581 3693 9119 1396 3694 9120 1581 3694 9121 1580 3694 9122 1398 3695 9123 1410 3695 9124 1585 3695 9125 1398 3696 9126 1585 3696 9127 1584 3696 9128 1387 3697 9129 1399 3698 9130 1379 3699 9131 1387 3700 9132 1379 3701 9133 1378 3702 9134 1378 3703 9135 1379 3704 9136 1386 3705 9137 1378 3706 9138 1386 3707 9139 1398 3708 9140 1398 3709 9141 1386 3710 9142 1410 3711 9143 1586 3712 9144 1587 3712 9145 1387 3712 9146 1387 3713 9147 1587 3713 9148 1399 3713 9149 1584 3714 9150 1585 3715 9151 1607 3716 9152 1584 3717 9153 1607 3718 9154 1608 3719 9155 1608 3720 9156 1607 3721 9157 1587 3722 9158 1608 3723 9159 1587 3724 9160 1586 3725 9161 1467 3726 9162 1478 3727 9163 1482 3728 9164 1482 3729 9165 1478 3730 9166 1490 3731 9167 1482 3732 9168 1490 3733 9169 1495 3734 9170 1495 3735 9171 1490 3736 9172 1504 3737 9173 1495 3738 9174 1504 3739 9175 1516 3740 9176 1517 3741 9177 1505 3742 9178 1493 3743 9179 1493 3744 9180 1505 3745 9181 1491 3746 9182 1493 3747 9183 1491 3748 9184 1483 3749 9185 1483 3750 9186 1491 3751 9187 1479 3752 9188 1483 3753 9189 1479 3754 9190 1469 3755 9191 1511 3756 9192 1505 3757 9193 1517 3758 9194 1511 3759 9195 1517 3760 9196 1519 3761 9197 1519 3762 9198 1517 3763 9199 1520 3764 9200 1519 3765 9201 1520 3766 9202 1518 3767 9203 1518 3768 9204 1520 3769 9205 1516 3770 9206 1518 3771 9207 1516 3772 9208 1510 3773 9209 1510 3774 9210 1516 3775 9211 1504 3776 9212 1470 3777 9213 1478 3778 9214 1467 3779 9215 1470 3780 9216 1467 3781 9217 1466 3782 9218 1466 3783 9219 1467 3784 9220 1465 3785 9221 1466 3786 9222 1465 3787 9223 1468 3788 9224 1468 3789 9225 1465 3790 9226 1469 3791 9227 1468 3792 9228 1469 3793 9229 1471 3794 9230 1471 3795 9231 1469 3796 9232 1479 3797 9233 1480 3798 9234 1479 3798 9235 1491 3798 9236 1480 3799 9237 1491 3799 9238 1494 3799 9239 1494 3800 9240 1491 3800 9241 1505 3800 9242 1508 3801 9243 1504 3801 9244 1490 3801 9245 1508 3802 9246 1490 3802 9247 1477 3802 9248 1477 3803 9249 1490 3803 9250 1478 3803 9251 1617 3804 9252 1615 3804 9253 1618 3804 9254 1615 3805 9255 1617 3805 9256 1616 3805 9257 1616 302 9258 1617 302 9259 1597 302 9260 1597 307 9261 1463 307 9262 1616 307 9263 1616 307 9264 1463 307 9265 1359 307 9266 1359 307 9267 1463 307 9268 1360 307 9269 1359 3806 9270 1419 3806 9271 1429 3806 9272 1528 3807 9273 1544 3807 9274 1506 3807 9275 1616 3808 9276 1544 3808 9277 1552 3808 9278 1359 3809 9279 1388 3809 9280 1419 3809 9281 1429 3810 9282 1454 3810 9283 1475 3810 9284 1359 3811 9285 1361 3811 9286 1401 3811 9287 1359 3812 9288 1401 3812 9289 1388 3812 9290 1612 3813 9291 1615 3813 9292 1616 3813 9293 1411 14 9294 1426 14 9295 1361 14 9296 1361 3814 9297 1426 3814 9298 1401 3814 9299 1616 3815 9300 1552 3815 9301 1589 3815 9302 1548 3816 9303 1532 3816 9304 1534 3816 9305 1506 3817 9306 1532 3817 9307 1528 3817 9308 1359 3818 9309 1429 3818 9310 1475 3818 9311 1359 14 9312 1475 14 9313 1616 14 9314 1616 14 9315 1475 14 9316 1506 14 9317 1616 3819 9318 1506 3819 9319 1544 3819 9320 1411 14 9321 1361 14 9322 1416 14 9323 1416 3820 9324 1361 3821 9325 1367 3822 9326 1594 14 9327 1569 14 9328 1612 14 9329 1431 3823 9330 1443 3823 9331 1473 3823 9332 1616 3824 9333 1589 3824 9334 1594 3824 9335 1616 3825 9336 1594 3825 9337 1612 3825 9338 1548 3826 9339 1534 3826 9340 1569 3826 9341 1569 3827 9342 1534 3827 9343 1554 3827 9344 1454 3828 9345 1459 3828 9346 1475 3828 9347 1475 3829 9348 1459 3829 9349 1473 3829 9350 1451 14 9351 1431 14 9352 1473 14 9353 1451 14 9354 1473 14 9355 1459 14 9356 1426 3830 9357 1411 3830 9358 1431 3830 9359 1426 14 9360 1431 14 9361 1451 14 9362 1588 3831 9363 1612 3831 9364 1569 3831 9365 1588 14 9366 1569 14 9367 1554 14 9368 1612 3832 9369 1564 3832 9370 1599 3832 9371 1473 14 9372 1443 14 9373 1440 14 9374 1440 3833 9375 1443 3833 9376 1416 3833 9377 1440 3834 9378 1416 3834 9379 1404 3834 9380 1404 3835 9381 1416 3835 9382 1367 3835 9383 1509 3836 9384 1539 3836 9385 1534 3836 9386 1509 3837 9387 1534 3837 9388 1506 3837 9389 1506 3838 9390 1534 3838 9391 1532 3838 9392 1539 3839 9393 1509 3839 9394 1525 3839 9395 1539 3840 9396 1525 3840 9397 1564 3840 9398 1564 14 9399 1525 14 9400 1599 14 9401 1612 3841 9402 1588 3841 9403 1564 3841 9404 1360 3842 9405 1361 3842 9406 1359 3842 9407 1360 3843 9408 1362 3843 9409 1361 3843 9410 1361 3844 9411 1362 3844 9412 1363 3844 9413 1363 303 9414 1362 303 9415 1618 303 9416 1618 303 9417 1362 303 9418 1617 303 9419 1363 3845 9420 1453 3845 9421 1428 3845 9422 1366 3846 9423 1361 3846 9424 1363 3846 9425 1424 14 9426 1414 14 9427 1421 14 9428 1481 3847 9429 1456 3847 9430 1461 3847 9431 1390 3848 9432 1366 3848 9433 1363 3848 9434 1390 3849 9435 1363 3849 9436 1403 3849 9437 1366 3850 9438 1390 3850 9439 1421 3850 9440 1366 3851 9441 1421 3851 9442 1414 3851 9443 1366 3852 9444 1414 3852 9445 1423 3852 9446 1474 3853 9447 1435 3853 9448 1447 3853 9449 1536 3854 9450 1512 3854 9451 1514 3854 9452 1550 3855 9453 1533 3855 9454 1514 3855 9455 1514 3856 9456 1533 3856 9457 1530 3856 9458 1481 3857 9459 1461 3857 9460 1453 3857 9461 1363 3858 9462 1428 3858 9463 1403 3858 9464 1366 3859 9465 1423 3859 9466 1371 3859 9467 1447 3860 9468 1421 3860 9469 1437 3860 9470 1618 3861 9471 1596 3861 9472 1571 3861 9473 1618 3862 9474 1571 3862 9475 1550 3862 9476 1514 3863 9477 1530 3863 9478 1536 3863 9479 1536 3864 9480 1530 3864 9481 1545 3864 9482 1536 3865 9483 1545 3865 9484 1543 3865 9485 1618 3866 9486 1615 3866 9487 1591 3866 9488 1618 3867 9489 1591 3867 9490 1596 3867 9491 1618 3868 9492 1550 3868 9493 1514 3868 9494 1618 14 9495 1514 14 9496 1363 14 9497 1363 14 9498 1514 14 9499 1481 14 9500 1363 3869 9501 1481 3869 9502 1453 3869 9503 1421 3870 9504 1447 3870 9505 1424 3870 9506 1474 3871 9507 1447 3871 9508 1437 3871 9509 1474 3872 9510 1437 3872 9511 1481 3872 9512 1481 3873 9513 1437 3873 9514 1456 3873 9515 1545 14 9516 1561 14 9517 1567 14 9518 1567 14 9519 1561 14 9520 1615 14 9521 1615 3874 9522 1561 3874 9523 1591 3874 9524 1435 3875 9525 1474 3875 9526 1441 3875 9527 1435 3876 9528 1441 3876 9529 1423 3876 9530 1423 3877 9531 1441 3877 9532 1371 3877 9533 1545 3878 9534 1567 3878 9535 1543 3878 9536 1611 14 9537 1559 14 9538 1615 14 9539 1615 3879 9540 1559 3879 9541 1567 3879 9542 1512 14 9543 1536 14 9544 1527 14 9545 1527 3880 9546 1536 3880 9547 1559 3880 9548 1527 3881 9549 1559 3881 9550 1601 3881 9551 1601 3882 9552 1559 3882 9553 1611 3882 9554 1448 302 9555 1485 302 9556 1484 302 9557 1484 302 9558 1485 302 9559 1486 302 9560 1485 307 9561 1498 307 9562 1486 307 9563 1486 307 9564 1498 307 9565 1499 307 9566 1498 304 9567 1496 304 9568 1499 304 9569 1499 304 9570 1496 304 9571 1497 304 9572 1502 304 9573 1500 304 9574 1503 304 9575 1503 304 9576 1500 304 9577 1501 304 9578 1500 303 9579 1487 303 9580 1501 303 9581 1501 303 9582 1487 303 9583 1488 303 9584 1487 302 9585 1449 302 9586 1488 302 9587 1488 302 9588 1449 302 9589 1489 302 9590 1561 3883 9591 1549 3884 9592 1570 3885 9593 1561 3886 9594 1570 3887 9595 1591 3888 9596 1591 3889 9597 1570 3890 9598 1595 3891 9599 1591 3892 9600 1595 3893 9601 1596 3894 9602 1596 3895 9603 1595 3896 9604 1592 3897 9605 1596 3898 9606 1592 3899 9607 1571 3900 9608 1571 3901 9609 1592 3902 9610 1562 3903 9611 1571 3904 9612 1562 3905 9613 1550 3906 9614 1550 3907 9615 1562 3908 9616 1546 3909 9617 1550 3910 9618 1546 3911 9619 1533 3912 9620 1533 3913 9621 1546 3914 9622 1531 3915 9623 1533 3916 9624 1531 3917 9625 1530 3918 9626 1530 3919 9627 1531 3920 9628 1524 3921 9629 1530 3922 9630 1524 3923 9631 1545 3924 9632 1545 3925 9633 1524 3926 9634 1549 3927 9635 1545 3928 9636 1549 3929 9637 1561 3930 9638 1559 3931 9639 1542 3932 9640 1566 3933 9641 1559 3934 9642 1566 3935 9643 1567 3936 9644 1567 3937 9645 1566 3938 9646 1560 3939 9647 1567 3940 9648 1560 3941 9649 1543 3942 9650 1543 3943 9651 1560 3944 9652 1537 3945 9653 1543 3946 9654 1537 3947 9655 1536 3948 9656 1536 3949 9657 1537 3950 9658 1542 3951 9659 1536 3952 9660 1542 3953 9661 1559 3954 9662 1437 3955 9663 1427 3956 9664 1452 3957 9665 1437 3958 9666 1452 3959 9667 1456 3960 9668 1456 3961 9669 1452 3962 9670 1460 3963 9671 1456 3964 9672 1460 3965 9673 1461 3966 9674 1461 3967 9675 1460 3968 9676 1457 3969 9677 1461 3970 9678 1457 3971 9679 1453 3972 9680 1453 3973 9681 1457 3974 9682 1438 3975 9683 1453 3976 9684 1438 3977 9685 1428 3978 9686 1428 3979 9687 1438 3980 9688 1422 3981 9689 1428 3982 9690 1422 3983 9691 1403 3984 9692 1403 3985 9693 1422 3986 9694 1391 3987 9695 1403 3988 9696 1391 3989 9697 1390 3990 9698 1390 3991 9699 1391 3992 9700 1402 3993 9701 1390 3994 9702 1402 3995 9703 1421 3996 9704 1421 3997 9705 1402 3926 9706 1427 3998 9707 1421 3999 9708 1427 4000 9709 1437 4001 9710 1435 4002 9711 1418 4003 9712 1446 4004 9713 1435 4005 9714 1446 4006 9715 1447 4007 9716 1447 4008 9717 1446 4009 9718 1436 4010 9719 1447 4011 9720 1436 4012 9721 1424 4013 9722 1424 4014 9723 1436 4015 9724 1409 4016 9725 1424 4017 9726 1409 4018 9727 1414 4019 9728 1414 4020 9729 1409 4021 9730 1418 4022 9731 1414 4023 9732 1418 4024 9733 1423 4025 9734 1423 4026 9735 1418 4027 9736 1435 4028 9737 1431 4029 9738 1415 3932 9739 1442 4030 9740 1431 4031 9741 1442 4032 9742 1443 4033 9743 1443 4034 9744 1442 4035 9745 1432 4036 9746 1443 4037 9747 1432 4038 9748 1416 4039 9749 1416 4040 9750 1432 3944 9751 1412 4041 9752 1416 4042 9753 1412 4043 9754 1411 4044 9755 1411 4045 9756 1412 4046 9757 1415 4047 9758 1411 4048 9759 1415 4049 9760 1431 4050 9761 1429 4051 9762 1425 4052 9763 1450 4053 9764 1429 4054 9765 1450 4055 9766 1454 4056 9767 1454 4057 9768 1450 4058 9769 1458 4059 9770 1454 4060 9771 1458 4061 9772 1459 4062 9773 1459 4063 9774 1458 4064 9775 1455 4065 9776 1459 4066 9777 1455 4067 9778 1451 4068 9779 1451 4069 9780 1455 4070 9781 1430 4071 9782 1451 4072 9783 1430 4073 9784 1426 4074 9785 1426 4075 9786 1430 4076 9787 1420 4077 9788 1426 4078 9789 1420 4079 9790 1401 4080 9791 1401 4081 9792 1420 4082 9793 1389 4083 9794 1401 4084 9795 1389 4085 9796 1388 4086 9797 1388 4087 9798 1389 4088 9799 1400 4089 9800 1388 4090 9801 1400 4091 9802 1419 4092 9803 1419 4093 9804 1400 4094 9805 1425 4095 9806 1419 4096 9807 1425 4097 9808 1429 4098 9809 1552 4099 9810 1547 4100 9811 1568 4101 9812 1552 4102 9813 1568 4103 9814 1589 4104 9815 1589 4105 9816 1568 4106 9817 1593 4107 9818 1589 4108 9819 1593 4109 9820 1594 4110 9821 1594 4111 9822 1593 4112 9823 1590 4113 9824 1594 4114 9825 1590 4115 9826 1569 4116 9827 1569 4117 9828 1590 4070 9829 1553 4118 9830 1569 4119 9831 1553 4120 9832 1548 4121 9833 1548 4122 9834 1553 4123 9835 1521 4124 9836 1548 4125 9837 1521 4126 9838 1532 4127 9839 1532 4128 9840 1521 4129 9841 1528 4130 9842 1528 4131 9843 1521 4132 9844 1529 4133 9845 1528 4134 9846 1529 4135 9847 1544 4136 9848 1544 4137 9849 1529 4138 9850 1547 4139 9851 1544 4140 9852 1547 4141 9853 1552 4142 9854 1554 4143 9855 1538 4144 9856 1563 4145 9857 1554 4146 9858 1563 4147 9859 1588 4148 9860 1588 4149 9861 1563 4150 9862 1555 4151 9863 1588 4152 9864 1555 4153 9865 1564 4154 9866 1564 4155 9867 1555 4156 9868 1539 4157 9869 1539 4158 9870 1555 4159 9871 1522 4160 9872 1539 4161 9873 1522 4162 9874 1534 4163 9875 1534 4164 9876 1522 4165 9877 1538 4166 9878 1534 4167 9879 1538 4168 9880 1554 4169 9881 1433 4170 9882 1407 4171 9883 1444 4172 9884 1433 4173 9885 1444 4174 9886 1445 4175 9887 1445 4176 9888 1444 4177 9889 1434 4178 9890 1445 4179 9891 1434 4180 9892 1417 4181 9893 1417 4182 9894 1434 4183 9895 1408 4184 9896 1417 4185 9897 1408 4186 9898 1413 4187 9899 1413 4188 9900 1408 4189 9901 1407 4190 9902 1413 4191 9903 1407 4192 9904 1433 4193 9905 1413 4194 9906 1445 4194 9907 1417 4194 9908 1413 4195 9909 1433 4195 9910 1445 4195 9911 1556 4196 9912 1540 4197 9913 1565 4198 9914 1556 4199 9915 1565 4200 9916 1557 4201 9917 1557 4202 9918 1565 4203 9919 1558 4204 9920 1557 4205 9921 1558 4206 9922 1541 4207 9923 1541 4208 9924 1558 4209 9925 1523 4210 9926 1541 4211 9927 1523 4212 9928 1535 4213 9929 1535 4214 9930 1523 4215 9931 1540 4216 9932 1535 4217 9933 1540 4218 9934 1556 4219 9935 1557 4220 9936 1535 4220 9937 1556 4220 9938 1557 4221 9939 1541 4221 9940 1535 4221 9941 1475 4222 9942 1476 4222 9943 1506 4222 9944 1506 303 9945 1476 303 9946 1507 303 9947 1464 307 9948 1481 307 9949 1513 307 9950 1513 4223 9951 1481 4223 9952 1514 4223 9953</p>
        </triangles>
      </mesh>
    </geometry>
  </library_geometries>
  <library_visual_scenes>
    <visual_scene id="Scene" name="Scene">
      <node id="Shape_IndexedFaceSet" name="Shape_IndexedFaceSet" type="NODE">
        <matrix sid="transform">1 0 0 0 0 1 0 0 0 0 1 0 0 0 0 1</matrix>
        <instance_geometry url="#Shape_IndexedFaceSet_865-mesh" name="Shape_IndexedFaceSet">
          <bind_material>
            <technique_common>
              <instance_material symbol="Shape_901-material" target="#Shape_901-material">
                <bind_vertex_input semantic="UVMap" input_semantic="TEXCOORD" input_set="0"/>
              </instance_material>
              <instance_material symbol="Shape_902-material" target="#Shape_902-material">
                <bind_vertex_input semantic="UVMap" input_semantic="TEXCOORD" input_set="0"/>
              </instance_material>
              <instance_material symbol="Shape_903-material" target="#Shape_903-material">
                <bind_vertex_input semantic="UVMap" input_semantic="TEXCOORD" input_set="0"/>
              </instance_material>
              <instance_material symbol="Shape_904-material" target="#Shape_904-material">
                <bind_vertex_input semantic="UVMap" input_semantic="TEXCOORD" input_set="0"/>
              </instance_material>
              <instance_material symbol="Shape_905-material" target="#Shape_905-material">
                <bind_vertex_input semantic="UVMap" input_semantic="TEXCOORD" input_set="0"/>
              </instance_material>
              <instance_material symbol="Shape_906-material" target="#Shape_906-material">
                <bind_vertex_input semantic="UVMap" input_semantic="TEXCOORD" input_set="0"/>
              </instance_material>
              <instance_material symbol="Shape_907-material" target="#Shape_907-material">
                <bind_vertex_input semantic="UVMap" input_semantic="TEXCOORD" input_set="0"/>
              </instance_material>
              <instance_material symbol="Shape_908-material" target="#Shape_908-material">
                <bind_vertex_input semantic="UVMap" input_semantic="TEXCOORD" input_set="0"/>
              </instance_material>
              <instance_material symbol="Shape_909-material" target="#Shape_909-material">
                <bind_vertex_input semantic="UVMap" input_semantic="TEXCOORD" input_set="0"/>
              </instance_material>
              <instance_material symbol="Shape_910-material" target="#Shape_910-material">
                <bind_vertex_input semantic="UVMap" input_semantic="TEXCOORD" input_set="0"/>
              </instance_material>
              <instance_material symbol="Shape_911-material" target="#Shape_911-material">
                <bind_vertex_input semantic="UVMap" input_semantic="TEXCOORD" input_set="0"/>
              </instance_material>
              <instance_material symbol="Shape_912-material" target="#Shape_912-material">
                <bind_vertex_input semantic="UVMap" input_semantic="TEXCOORD" input_set="0"/>
              </instance_material>
              <instance_material symbol="Shape_913-material" target="#Shape_913-material">
                <bind_vertex_input semantic="UVMap" input_semantic="TEXCOORD" input_set="0"/>
              </instance_material>
              <instance_material symbol="Shape_914-material" target="#Shape_914-material">
                <bind_vertex_input semantic="UVMap" input_semantic="TEXCOORD" input_set="0"/>
              </instance_material>
              <instance_material symbol="Shape_915-material" target="#Shape_915-material">
                <bind_vertex_input semantic="UVMap" input_semantic="TEXCOORD" input_set="0"/>
              </instance_material>
              <instance_material symbol="Shape_916-material" target="#Shape_916-material">
                <bind_vertex_input semantic="UVMap" input_semantic="TEXCOORD" input_set="0"/>
              </instance_material>
              <instance_material symbol="Shape_917-material" target="#Shape_917-material">
                <bind_vertex_input semantic="UVMap" input_semantic="TEXCOORD" input_set="0"/>
              </instance_material>
            </technique_common>
          </bind_material>
        </instance_geometry>
      </node>
      <node id="Light_003" name="Light.003" type="NODE">
        <matrix sid="transform">-0.2908648 -0.7711008 0.5663932 4.076245 0.9551711 -0.1998834 0.2183913 1.005454 -0.05518911 0.6045247 0.7946723 5.903862 0 0 0 1</matrix>
        <instance_light url="#Light_003-light"/>
      </node>
      <node id="Camera_003" name="Camera.003" type="NODE">
        <matrix sid="transform">0.6859207 -0.3240135 0.6515582 7.358891 0.7276763 0.3054209 -0.6141704 -6.925791 -4.01133e-9 0.8953956 0.4452714 4.958309 0 0 0 1</matrix>
        <instance_camera url="#Camera_003-camera"/>
      </node>
      <node id="Light_002" name="Light.002" type="NODE">
        <matrix sid="transform">-0.2908648 -0.7711008 0.5663932 4.076245 0.9551711 -0.1998834 0.2183913 1.005454 -0.05518911 0.6045247 0.7946723 5.903862 0 0 0 1</matrix>
        <instance_light url="#Light_002-light"/>
      </node>
      <node id="Camera_002" name="Camera.002" type="NODE">
        <matrix sid="transform">0.6859207 -0.3240135 0.6515582 7.358891 0.7276763 0.3054209 -0.6141704 -6.925791 -4.01133e-9 0.8953956 0.4452714 4.958309 0 0 0 1</matrix>
        <instance_camera url="#Camera_002-camera"/>
      </node>
      <node id="Light_001" name="Light.001" type="NODE">
        <matrix sid="transform">-0.2908648 -0.7711008 0.5663932 4.076245 0.9551711 -0.1998834 0.2183913 1.005454 -0.05518911 0.6045247 0.7946723 5.903862 0 0 0 1</matrix>
        <instance_light url="#Light_001-light"/>
      </node>
      <node id="Camera_001" name="Camera.001" type="NODE">
        <matrix sid="transform">0.6859207 -0.3240135 0.6515582 7.358891 0.7276763 0.3054209 -0.6141704 -6.925791 -4.01133e-9 0.8953956 0.4452714 4.958309 0 0 0 1</matrix>
        <instance_camera url="#Camera_001-camera"/>
      </node>
      <node id="Camera" name="Camera" type="NODE">
        <matrix sid="transform">0.6859207 -0.3240135 0.6515582 7.358891 0.7276763 0.3054208 -0.6141704 -6.925791 0 0.8953956 0.4452714 4.958309 0 0 0 1</matrix>
        <instance_camera url="#Camera-camera"/>
      </node>
      <node id="Light" name="Light" type="NODE">
        <matrix sid="transform">-0.2908646 -0.7711008 0.5663932 4.076245 0.9551712 -0.1998834 0.2183912 1.005454 -0.05518906 0.6045247 0.7946723 5.903862 0 0 0 1</matrix>
        <instance_light url="#Light-light"/>
      </node>
    </visual_scene>
  </library_visual_scenes>
  <scene>
    <instance_visual_scene url="#Scene"/>
  </scene>
</COLLADA>